id,emotion,file,dataset,group
1,angry,data/indian_english/Augmented/Angry/001.wav,indian_english,indian_angry_001
2,angry,data/indian_english/Augmented/Angry/002.wav,indian_english,indian_angry_002
3,angry,data/indian_english/Augmented/Angry/003.wav,indian_english,indian_angry_003
4,angry,data/indian_english/Augmented/Angry/004.wav,indian_english,indian_angry_004
5,angry,data/indian_english/Augmented/Angry/005.wav,indian_english,indian_angry_005
6,angry,data/indian_english/Augmented/Angry/006.wav,indian_english,indian_angry_006
7,angry,data/indian_english/Augmented/Angry/007.wav,indian_english,indian_angry_007
8,angry,data/indian_english/Augmented/Angry/008.wav,indian_english,indian_angry_008
9,angry,data/indian_english/Augmented/Angry/009.wav,indian_english,indian_angry_009
10,angry,data/indian_english/Augmented/Angry/010.wav,indian_english,indian_angry_010
11,angry,data/indian_english/Augmented/Angry/011.wav,indian_english,indian_angry_011
12,angry,data/indian_english/Augmented/Angry/012.wav,indian_english,indian_angry_012
13,angry,data/indian_english/Augmented/Angry/013.wav,indian_english,indian_angry_013
14,angry,data/indian_english/Augmented/Angry/014.wav,indian_english,indian_angry_014
15,angry,data/indian_english/Augmented/Angry/015.wav,indian_english,indian_angry_015
16,angry,data/indian_english/Augmented/Angry/016.wav,indian_english,indian_angry_016
17,angry,data/indian_english/Augmented/Angry/017.wav,indian_english,indian_angry_017
18,angry,data/indian_english/Augmented/Angry/018.wav,indian_english,indian_angry_018
19,angry,data/indian_english/Augmented/Angry/019.wav,indian_english,indian_angry_019
20,angry,data/indian_english/Augmented/Angry/020.wav,indian_english,indian_angry_020
21,angry,data/indian_english/Augmented/Angry/021.wav,indian_english,indian_angry_021
22,angry,data/indian_english/Augmented/Angry/022.wav,indian_english,indian_angry_022
23,angry,data/indian_english/Augmented/Angry/023.wav,indian_english,indian_angry_023
24,angry,data/indian_english/Augmented/Angry/024.wav,indian_english,indian_angry_024
25,angry,data/indian_english/Augmented/Angry/025.wav,indian_english,indian_angry_025
26,angry,data/indian_english/Augmented/Angry/026.wav,indian_english,indian_angry_026
27,angry,data/indian_english/Augmented/Angry/027.wav,indian_english,indian_angry_027
28,angry,data/indian_english/Augmented/Angry/028.wav,indian_english,indian_angry_028
29,angry,data/indian_english/Augmented/Angry/029.wav,indian_english,indian_angry_029
30,angry,data/indian_english/Augmented/Angry/030.wav,indian_english,indian_angry_030
31,angry,data/indian_english/Augmented/Angry/031.wav,indian_english,indian_angry_031
32,angry,data/indian_english/Augmented/Angry/032.wav,indian_english,indian_angry_032
33,angry,data/indian_english/Augmented/Angry/033.wav,indian_english,indian_angry_033
34,angry,data/indian_english/Augmented/Angry/034.wav,indian_english,indian_angry_034
35,angry,data/indian_english/Augmented/Angry/035.wav,indian_english,indian_angry_035
36,angry,data/indian_english/Augmented/Angry/036.wav,indian_english,indian_angry_036
37,angry,data/indian_english/Augmented/Angry/037.wav,indian_english,indian_angry_037
38,angry,data/indian_english/Augmented/Angry/038.wav,indian_english,indian_angry_038
39,angry,data/indian_english/Augmented/Angry/039.wav,indian_english,indian_angry_039
40,angry,data/indian_english/Augmented/Angry/040.wav,indian_english,indian_angry_040
41,angry,data/indian_english/Augmented/Angry/041.wav,indian_english,indian_angry_041
42,angry,data/indian_english/Augmented/Angry/042.wav,indian_english,indian_angry_042
43,angry,data/indian_english/Augmented/Angry/043.wav,indian_english,indian_angry_043
44,angry,data/indian_english/Augmented/Angry/044.wav,indian_english,indian_angry_044
45,angry,data/indian_english/Augmented/Angry/045.wav,indian_english,indian_angry_045
46,angry,data/indian_english/Augmented/Angry/046.wav,indian_english,indian_angry_046
47,angry,data/indian_english/Augmented/Angry/047.wav,indian_english,indian_angry_047
48,angry,data/indian_english/Augmented/Angry/048.wav,indian_english,indian_angry_048
49,angry,data/indian_english/Augmented/Angry/049.wav,indian_english,indian_angry_049
50,angry,data/indian_english/Augmented/Angry/050.wav,indian_english,indian_angry_050
51,angry,data/indian_english/Augmented/Angry/051.wav,indian_english,indian_angry_051
52,angry,data/indian_english/Augmented/Angry/052.wav,indian_english,indian_angry_052
53,angry,data/indian_english/Augmented/Angry/053.wav,indian_english,indian_angry_053
54,angry,data/indian_english/Augmented/Angry/054.wav,indian_english,indian_angry_054
55,angry,data/indian_english/Augmented/Angry/055.wav,indian_english,indian_angry_055
56,angry,data/indian_english/Augmented/Angry/056.wav,indian_english,indian_angry_056
57,angry,data/indian_english/Augmented/Angry/057.wav,indian_english,indian_angry_057
58,angry,data/indian_english/Augmented/Angry/058.wav,indian_english,indian_angry_058
59,angry,data/indian_english/Augmented/Angry/059.wav,indian_english,indian_angry_059
60,angry,data/indian_english/Augmented/Angry/060.wav,indian_english,indian_angry_060
61,angry,data/indian_english/Augmented/Angry/061.wav,indian_english,indian_angry_061
62,angry,data/indian_english/Augmented/Angry/062.wav,indian_english,indian_angry_062
63,angry,data/indian_english/Augmented/Angry/063.wav,indian_english,indian_angry_063
64,angry,data/indian_english/Augmented/Angry/064.wav,indian_english,indian_angry_064
65,angry,data/indian_english/Augmented/Angry/065.wav,indian_english,indian_angry_065
66,angry,data/indian_english/Augmented/Angry/066.wav,indian_english,indian_angry_066
67,angry,data/indian_english/Augmented/Angry/067.wav,indian_english,indian_angry_067
68,angry,data/indian_english/Augmented/Angry/068.wav,indian_english,indian_angry_068
69,angry,data/indian_english/Augmented/Angry/069.wav,indian_english,indian_angry_069
70,angry,data/indian_english/Augmented/Angry/070.wav,indian_english,indian_angry_070
71,angry,data/indian_english/Augmented/Angry/071.wav,indian_english,indian_angry_071
72,angry,data/indian_english/Augmented/Angry/072.wav,indian_english,indian_angry_072
73,angry,data/indian_english/Augmented/Angry/073.wav,indian_english,indian_angry_073
74,angry,data/indian_english/Augmented/Angry/074.wav,indian_english,indian_angry_074
75,angry,data/indian_english/Augmented/Angry/075.wav,indian_english,indian_angry_075
76,angry,data/indian_english/Augmented/Angry/076.wav,indian_english,indian_angry_076
77,angry,data/indian_english/Augmented/Angry/077.wav,indian_english,indian_angry_077
78,angry,data/indian_english/Augmented/Angry/078.wav,indian_english,indian_angry_078
79,angry,data/indian_english/Augmented/Angry/079.wav,indian_english,indian_angry_079
80,angry,data/indian_english/Augmented/Angry/080.wav,indian_english,indian_angry_080
81,angry,data/indian_english/Augmented/Angry/081.wav,indian_english,indian_angry_081
82,angry,data/indian_english/Augmented/Angry/082.wav,indian_english,indian_angry_082
83,angry,data/indian_english/Augmented/Angry/083.wav,indian_english,indian_angry_083
84,angry,data/indian_english/Augmented/Angry/084.wav,indian_english,indian_angry_084
85,angry,data/indian_english/Augmented/Angry/085.wav,indian_english,indian_angry_085
86,angry,data/indian_english/Augmented/Angry/086.wav,indian_english,indian_angry_086
87,angry,data/indian_english/Augmented/Angry/087.wav,indian_english,indian_angry_087
88,angry,data/indian_english/Augmented/Angry/088.wav,indian_english,indian_angry_088
89,angry,data/indian_english/Augmented/Angry/089.wav,indian_english,indian_angry_089
90,angry,data/indian_english/Augmented/Angry/090.wav,indian_english,indian_angry_090
91,angry,data/indian_english/Augmented/Angry/091.wav,indian_english,indian_angry_091
92,angry,data/indian_english/Augmented/Angry/092.wav,indian_english,indian_angry_092
93,angry,data/indian_english/Augmented/Angry/093.wav,indian_english,indian_angry_093
94,angry,data/indian_english/Augmented/Angry/094.wav,indian_english,indian_angry_094
95,angry,data/indian_english/Augmented/Angry/095.wav,indian_english,indian_angry_095
96,angry,data/indian_english/Augmented/Angry/096.wav,indian_english,indian_angry_096
97,angry,data/indian_english/Augmented/Angry/097.wav,indian_english,indian_angry_097
98,angry,data/indian_english/Augmented/Angry/098.wav,indian_english,indian_angry_098
99,angry,data/indian_english/Augmented/Angry/099.wav,indian_english,indian_angry_099
100,angry,data/indian_english/Augmented/Angry/100.wav,indian_english,indian_angry_100
101,angry,data/indian_english/Augmented/Angry/101.wav,indian_english,indian_angry_101
102,angry,data/indian_english/Augmented/Angry/102.wav,indian_english,indian_angry_102
103,angry,data/indian_english/Augmented/Angry/103.wav,indian_english,indian_angry_103
104,angry,data/indian_english/Augmented/Angry/104.wav,indian_english,indian_angry_104
105,angry,data/indian_english/Augmented/Angry/105.wav,indian_english,indian_angry_105
106,angry,data/indian_english/Augmented/Angry/106.wav,indian_english,indian_angry_106
107,angry,data/indian_english/Augmented/Angry/107.wav,indian_english,indian_angry_107
108,angry,data/indian_english/Augmented/Angry/108.wav,indian_english,indian_angry_108
109,angry,data/indian_english/Augmented/Angry/109.wav,indian_english,indian_angry_109
110,angry,data/indian_english/Augmented/Angry/110.wav,indian_english,indian_angry_110
111,angry,data/indian_english/Augmented/Angry/111.wav,indian_english,indian_angry_111
112,angry,data/indian_english/Augmented/Angry/112.wav,indian_english,indian_angry_112
113,angry,data/indian_english/Augmented/Angry/113.wav,indian_english,indian_angry_113
114,angry,data/indian_english/Augmented/Angry/114.wav,indian_english,indian_angry_114
115,angry,data/indian_english/Augmented/Angry/115.wav,indian_english,indian_angry_115
116,angry,data/indian_english/Augmented/Angry/116.wav,indian_english,indian_angry_116
117,angry,data/indian_english/Augmented/Angry/117.wav,indian_english,indian_angry_117
118,angry,data/indian_english/Augmented/Angry/118.wav,indian_english,indian_angry_118
119,angry,data/indian_english/Augmented/Angry/119.wav,indian_english,indian_angry_119
120,angry,data/indian_english/Augmented/Angry/120.wav,indian_english,indian_angry_120
121,angry,data/indian_english/Augmented/Angry/121.wav,indian_english,indian_angry_121
122,angry,data/indian_english/Augmented/Angry/122.wav,indian_english,indian_angry_122
123,angry,data/indian_english/Augmented/Angry/123.wav,indian_english,indian_angry_123
124,angry,data/indian_english/Augmented/Angry/124.wav,indian_english,indian_angry_124
125,angry,data/indian_english/Augmented/Angry/125.wav,indian_english,indian_angry_125
126,angry,data/indian_english/Augmented/Angry/126.wav,indian_english,indian_angry_126
127,angry,data/indian_english/Augmented/Angry/127.wav,indian_english,indian_angry_127
128,angry,data/indian_english/Augmented/Angry/128.wav,indian_english,indian_angry_128
129,angry,data/indian_english/Augmented/Angry/129.wav,indian_english,indian_angry_129
130,angry,data/indian_english/Augmented/Angry/130.wav,indian_english,indian_angry_130
131,angry,data/indian_english/Augmented/Angry/131.wav,indian_english,indian_angry_131
132,angry,data/indian_english/Augmented/Angry/132.wav,indian_english,indian_angry_132
133,angry,data/indian_english/Augmented/Angry/133.wav,indian_english,indian_angry_133
134,angry,data/indian_english/Augmented/Angry/134.wav,indian_english,indian_angry_134
135,angry,data/indian_english/Augmented/Angry/135.wav,indian_english,indian_angry_135
136,angry,data/indian_english/Augmented/Angry/136.wav,indian_english,indian_angry_136
137,angry,data/indian_english/Augmented/Angry/137.wav,indian_english,indian_angry_137
138,angry,data/indian_english/Augmented/Angry/138.wav,indian_english,indian_angry_138
139,angry,data/indian_english/Augmented/Angry/139.wav,indian_english,indian_angry_139
140,angry,data/indian_english/Augmented/Angry/140.wav,indian_english,indian_angry_140
141,angry,data/indian_english/Augmented/Angry/141.wav,indian_english,indian_angry_141
142,angry,data/indian_english/Augmented/Angry/142.wav,indian_english,indian_angry_142
143,angry,data/indian_english/Augmented/Angry/143.wav,indian_english,indian_angry_143
144,angry,data/indian_english/Augmented/Angry/144.wav,indian_english,indian_angry_144
145,angry,data/indian_english/Augmented/Angry/145.wav,indian_english,indian_angry_145
146,angry,data/indian_english/Augmented/Angry/146.wav,indian_english,indian_angry_146
147,angry,data/indian_english/Augmented/Angry/147.wav,indian_english,indian_angry_147
148,angry,data/indian_english/Augmented/Angry/148.wav,indian_english,indian_angry_148
149,angry,data/indian_english/Augmented/Angry/149.wav,indian_english,indian_angry_149
150,angry,data/indian_english/Augmented/Angry/150.wav,indian_english,indian_angry_150
151,angry,data/indian_english/Augmented/Angry/151.wav,indian_english,indian_angry_151
152,angry,data/indian_english/Augmented/Angry/152.wav,indian_english,indian_angry_152
153,angry,data/indian_english/Augmented/Angry/153.wav,indian_english,indian_angry_153
154,angry,data/indian_english/Augmented/Angry/154.wav,indian_english,indian_angry_154
155,angry,data/indian_english/Augmented/Angry/155.wav,indian_english,indian_angry_155
156,angry,data/indian_english/Augmented/Angry/156.wav,indian_english,indian_angry_156
157,angry,data/indian_english/Augmented/Angry/157.wav,indian_english,indian_angry_157
158,angry,data/indian_english/Augmented/Angry/158.wav,indian_english,indian_angry_158
159,angry,data/indian_english/Augmented/Angry/159.wav,indian_english,indian_angry_159
160,angry,data/indian_english/Augmented/Angry/160.wav,indian_english,indian_angry_160
161,angry,data/indian_english/Augmented/Angry/161.wav,indian_english,indian_angry_161
162,angry,data/indian_english/Augmented/Angry/162.wav,indian_english,indian_angry_162
163,angry,data/indian_english/Augmented/Angry/163.wav,indian_english,indian_angry_163
164,angry,data/indian_english/Augmented/Angry/164.wav,indian_english,indian_angry_164
165,angry,data/indian_english/Augmented/Angry/165.wav,indian_english,indian_angry_165
166,angry,data/indian_english/Augmented/Angry/166.wav,indian_english,indian_angry_166
167,angry,data/indian_english/Augmented/Angry/167.wav,indian_english,indian_angry_167
168,angry,data/indian_english/Augmented/Angry/168.wav,indian_english,indian_angry_168
169,angry,data/indian_english/Augmented/Angry/169.wav,indian_english,indian_angry_169
170,angry,data/indian_english/Augmented/Angry/170.wav,indian_english,indian_angry_170
171,angry,data/indian_english/Augmented/Angry/171.wav,indian_english,indian_angry_171
172,angry,data/indian_english/Augmented/Angry/172.wav,indian_english,indian_angry_172
173,angry,data/indian_english/Augmented/Angry/173.wav,indian_english,indian_angry_173
174,angry,data/indian_english/Augmented/Angry/174.wav,indian_english,indian_angry_174
175,angry,data/indian_english/Augmented/Angry/175.wav,indian_english,indian_angry_175
176,angry,data/indian_english/Augmented/Angry/176.wav,indian_english,indian_angry_176
177,angry,data/indian_english/Augmented/Angry/177.wav,indian_english,indian_angry_177
178,angry,data/indian_english/Augmented/Angry/178.wav,indian_english,indian_angry_178
179,angry,data/indian_english/Augmented/Angry/179.wav,indian_english,indian_angry_179
180,angry,data/indian_english/Augmented/Angry/180.wav,indian_english,indian_angry_180
181,angry,data/indian_english/Augmented/Angry/181.wav,indian_english,indian_angry_181
182,angry,data/indian_english/Augmented/Angry/182.wav,indian_english,indian_angry_182
183,angry,data/indian_english/Augmented/Angry/183.wav,indian_english,indian_angry_183
184,angry,data/indian_english/Augmented/Angry/184.wav,indian_english,indian_angry_184
185,angry,data/indian_english/Augmented/Angry/185.wav,indian_english,indian_angry_185
186,angry,data/indian_english/Augmented/Angry/186.wav,indian_english,indian_angry_186
187,angry,data/indian_english/Augmented/Angry/187.wav,indian_english,indian_angry_187
188,angry,data/indian_english/Augmented/Angry/188.wav,indian_english,indian_angry_188
189,angry,data/indian_english/Augmented/Angry/189.wav,indian_english,indian_angry_189
190,angry,data/indian_english/Augmented/Angry/190.wav,indian_english,indian_angry_190
191,angry,data/indian_english/Augmented/Angry/191.wav,indian_english,indian_angry_191
192,angry,data/indian_english/Augmented/Angry/192.wav,indian_english,indian_angry_192
193,angry,data/indian_english/Augmented/Angry/193.wav,indian_english,indian_angry_193
194,angry,data/indian_english/Augmented/Angry/194.wav,indian_english,indian_angry_194
195,angry,data/indian_english/Augmented/Angry/195.wav,indian_english,indian_angry_195
196,angry,data/indian_english/Augmented/Angry/196.wav,indian_english,indian_angry_196
197,angry,data/indian_english/Augmented/Angry/197.wav,indian_english,indian_angry_197
198,angry,data/indian_english/Augmented/Angry/198.wav,indian_english,indian_angry_198
199,angry,data/indian_english/Augmented/Angry/199.wav,indian_english,indian_angry_199
200,angry,data/indian_english/Augmented/Angry/200.wav,indian_english,indian_angry_200
201,angry,data/indian_english/Augmented/Angry/201.wav,indian_english,indian_angry_201
202,angry,data/indian_english/Augmented/Angry/202.wav,indian_english,indian_angry_202
203,angry,data/indian_english/Augmented/Angry/203.wav,indian_english,indian_angry_203
204,angry,data/indian_english/Augmented/Angry/204.wav,indian_english,indian_angry_204
205,angry,data/indian_english/Augmented/Angry/205.wav,indian_english,indian_angry_205
206,angry,data/indian_english/Augmented/Angry/206.wav,indian_english,indian_angry_206
207,angry,data/indian_english/Augmented/Angry/207.wav,indian_english,indian_angry_207
208,angry,data/indian_english/Augmented/Angry/208.wav,indian_english,indian_angry_208
209,angry,data/indian_english/Augmented/Angry/209.wav,indian_english,indian_angry_209
210,angry,data/indian_english/Augmented/Angry/210.wav,indian_english,indian_angry_210
211,angry,data/indian_english/Augmented/Angry/211.wav,indian_english,indian_angry_211
212,angry,data/indian_english/Augmented/Angry/212.wav,indian_english,indian_angry_212
213,angry,data/indian_english/Augmented/Angry/213.wav,indian_english,indian_angry_213
214,angry,data/indian_english/Augmented/Angry/214.wav,indian_english,indian_angry_214
215,angry,data/indian_english/Augmented/Angry/215.wav,indian_english,indian_angry_215
216,angry,data/indian_english/Augmented/Angry/216.wav,indian_english,indian_angry_216
217,angry,data/indian_english/Augmented/Angry/217.wav,indian_english,indian_angry_217
218,angry,data/indian_english/Augmented/Angry/218.wav,indian_english,indian_angry_218
219,angry,data/indian_english/Augmented/Angry/219.wav,indian_english,indian_angry_219
220,angry,data/indian_english/Augmented/Angry/220.wav,indian_english,indian_angry_220
221,angry,data/indian_english/Augmented/Angry/221.wav,indian_english,indian_angry_221
222,angry,data/indian_english/Augmented/Angry/222.wav,indian_english,indian_angry_222
223,angry,data/indian_english/Augmented/Angry/223.wav,indian_english,indian_angry_223
224,angry,data/indian_english/Augmented/Angry/224.wav,indian_english,indian_angry_224
225,angry,data/indian_english/Augmented/Angry/225.wav,indian_english,indian_angry_225
226,angry,data/indian_english/Augmented/Angry/226.wav,indian_english,indian_angry_226
227,angry,data/indian_english/Augmented/Angry/227.wav,indian_english,indian_angry_227
228,angry,data/indian_english/Augmented/Angry/228.wav,indian_english,indian_angry_228
229,angry,data/indian_english/Augmented/Angry/229.wav,indian_english,indian_angry_229
230,angry,data/indian_english/Augmented/Angry/230.wav,indian_english,indian_angry_230
231,angry,data/indian_english/Augmented/Angry/231.wav,indian_english,indian_angry_231
232,angry,data/indian_english/Augmented/Angry/232.wav,indian_english,indian_angry_232
233,angry,data/indian_english/Augmented/Angry/233.wav,indian_english,indian_angry_233
234,angry,data/indian_english/Augmented/Angry/234.wav,indian_english,indian_angry_234
235,angry,data/indian_english/Augmented/Angry/235.wav,indian_english,indian_angry_235
236,angry,data/indian_english/Augmented/Angry/236.wav,indian_english,indian_angry_236
237,angry,data/indian_english/Augmented/Angry/237.wav,indian_english,indian_angry_237
238,angry,data/indian_english/Augmented/Angry/238.wav,indian_english,indian_angry_238
239,angry,data/indian_english/Augmented/Angry/239.wav,indian_english,indian_angry_239
240,angry,data/indian_english/Augmented/Angry/240.wav,indian_english,indian_angry_240
241,angry,data/indian_english/Augmented/Angry/241.wav,indian_english,indian_angry_241
242,angry,data/indian_english/Augmented/Angry/242.wav,indian_english,indian_angry_242
243,angry,data/indian_english/Augmented/Angry/243.wav,indian_english,indian_angry_243
244,angry,data/indian_english/Augmented/Angry/244.wav,indian_english,indian_angry_244
245,angry,data/indian_english/Augmented/Angry/245.wav,indian_english,indian_angry_245
246,angry,data/indian_english/Augmented/Angry/246.wav,indian_english,indian_angry_246
247,angry,data/indian_english/Augmented/Angry/247.wav,indian_english,indian_angry_247
248,angry,data/indian_english/Augmented/Angry/248.wav,indian_english,indian_angry_248
249,angry,data/indian_english/Augmented/Angry/249.wav,indian_english,indian_angry_249
250,angry,data/indian_english/Augmented/Angry/250.wav,indian_english,indian_angry_250
251,angry,data/indian_english/Augmented/Angry/251.wav,indian_english,indian_angry_251
252,angry,data/indian_english/Augmented/Angry/252.wav,indian_english,indian_angry_252
253,angry,data/indian_english/Augmented/Angry/253.wav,indian_english,indian_angry_253
254,angry,data/indian_english/Augmented/Angry/254.wav,indian_english,indian_angry_254
255,angry,data/indian_english/Augmented/Angry/255.wav,indian_english,indian_angry_255
256,angry,data/indian_english/Augmented/Angry/256.wav,indian_english,indian_angry_256
257,angry,data/indian_english/Augmented/Angry/257.wav,indian_english,indian_angry_257
258,angry,data/indian_english/Augmented/Angry/258.wav,indian_english,indian_angry_258
259,angry,data/indian_english/Augmented/Angry/259.wav,indian_english,indian_angry_259
260,angry,data/indian_english/Augmented/Angry/260.wav,indian_english,indian_angry_260
261,angry,data/indian_english/Augmented/Angry/261.wav,indian_english,indian_angry_261
262,angry,data/indian_english/Augmented/Angry/262.wav,indian_english,indian_angry_262
263,angry,data/indian_english/Augmented/Angry/263.wav,indian_english,indian_angry_263
264,angry,data/indian_english/Augmented/Angry/264.wav,indian_english,indian_angry_264
265,angry,data/indian_english/Augmented/Angry/265.wav,indian_english,indian_angry_265
266,angry,data/indian_english/Augmented/Angry/266.wav,indian_english,indian_angry_266
267,angry,data/indian_english/Augmented/Angry/267.wav,indian_english,indian_angry_267
268,angry,data/indian_english/Augmented/Angry/268.wav,indian_english,indian_angry_268
269,angry,data/indian_english/Augmented/Angry/269.wav,indian_english,indian_angry_269
270,angry,data/indian_english/Augmented/Angry/270.wav,indian_english,indian_angry_270
271,angry,data/indian_english/Augmented/Angry/271.wav,indian_english,indian_angry_271
272,angry,data/indian_english/Augmented/Angry/272.wav,indian_english,indian_angry_272
273,angry,data/indian_english/Augmented/Angry/273.wav,indian_english,indian_angry_273
274,angry,data/indian_english/Augmented/Angry/274.wav,indian_english,indian_angry_274
275,angry,data/indian_english/Augmented/Angry/275.wav,indian_english,indian_angry_275
276,angry,data/indian_english/Augmented/Angry/276.wav,indian_english,indian_angry_276
277,angry,data/indian_english/Augmented/Angry/277.wav,indian_english,indian_angry_277
278,angry,data/indian_english/Augmented/Angry/278.wav,indian_english,indian_angry_278
279,angry,data/indian_english/Augmented/Angry/279.wav,indian_english,indian_angry_279
280,angry,data/indian_english/Augmented/Angry/280.wav,indian_english,indian_angry_280
281,angry,data/indian_english/Augmented/Angry/281.wav,indian_english,indian_angry_281
282,angry,data/indian_english/Augmented/Angry/282.wav,indian_english,indian_angry_282
283,angry,data/indian_english/Augmented/Angry/283.wav,indian_english,indian_angry_283
284,angry,data/indian_english/Augmented/Angry/284.wav,indian_english,indian_angry_284
285,angry,data/indian_english/Augmented/Angry/285.wav,indian_english,indian_angry_285
286,angry,data/indian_english/Augmented/Angry/286.wav,indian_english,indian_angry_286
287,angry,data/indian_english/Augmented/Angry/287.wav,indian_english,indian_angry_287
288,angry,data/indian_english/Augmented/Angry/288.wav,indian_english,indian_angry_288
289,angry,data/indian_english/Augmented/Angry/289.wav,indian_english,indian_angry_289
290,angry,data/indian_english/Augmented/Angry/290.wav,indian_english,indian_angry_290
291,angry,data/indian_english/Augmented/Angry/291.wav,indian_english,indian_angry_291
292,angry,data/indian_english/Augmented/Angry/292.wav,indian_english,indian_angry_292
293,angry,data/indian_english/Augmented/Angry/293.wav,indian_english,indian_angry_293
294,angry,data/indian_english/Augmented/Angry/294.wav,indian_english,indian_angry_294
295,angry,data/indian_english/Augmented/Angry/295.wav,indian_english,indian_angry_295
296,angry,data/indian_english/Augmented/Angry/296.wav,indian_english,indian_angry_296
297,angry,data/indian_english/Augmented/Angry/297.wav,indian_english,indian_angry_297
298,angry,data/indian_english/Augmented/Angry/298.wav,indian_english,indian_angry_298
299,angry,data/indian_english/Augmented/Angry/299.wav,indian_english,indian_angry_299
300,angry,data/indian_english/Augmented/Angry/300.wav,indian_english,indian_angry_300
301,angry,data/indian_english/Augmented/Angry/301.wav,indian_english,indian_angry_301
302,angry,data/indian_english/Augmented/Angry/302.wav,indian_english,indian_angry_302
303,angry,data/indian_english/Augmented/Angry/303.wav,indian_english,indian_angry_303
304,angry,data/indian_english/Augmented/Angry/304.wav,indian_english,indian_angry_304
305,angry,data/indian_english/Augmented/Angry/305.wav,indian_english,indian_angry_305
306,angry,data/indian_english/Augmented/Angry/306.wav,indian_english,indian_angry_306
307,angry,data/indian_english/Augmented/Angry/307.wav,indian_english,indian_angry_307
308,angry,data/indian_english/Augmented/Angry/308.wav,indian_english,indian_angry_308
309,angry,data/indian_english/Augmented/Angry/309.wav,indian_english,indian_angry_309
310,angry,data/indian_english/Augmented/Angry/310.wav,indian_english,indian_angry_310
311,angry,data/indian_english/Augmented/Angry/311.wav,indian_english,indian_angry_311
312,angry,data/indian_english/Augmented/Angry/312.wav,indian_english,indian_angry_312
313,angry,data/indian_english/Augmented/Angry/313.wav,indian_english,indian_angry_313
314,angry,data/indian_english/Augmented/Angry/314.wav,indian_english,indian_angry_314
315,angry,data/indian_english/Augmented/Angry/315.wav,indian_english,indian_angry_315
316,angry,data/indian_english/Augmented/Angry/316.wav,indian_english,indian_angry_316
317,angry,data/indian_english/Augmented/Angry/317.wav,indian_english,indian_angry_317
318,angry,data/indian_english/Augmented/Angry/318.wav,indian_english,indian_angry_318
319,angry,data/indian_english/Augmented/Angry/319.wav,indian_english,indian_angry_319
320,angry,data/indian_english/Augmented/Angry/320.wav,indian_english,indian_angry_320
321,angry,data/indian_english/Augmented/Angry/321.wav,indian_english,indian_angry_321
322,angry,data/indian_english/Augmented/Angry/322.wav,indian_english,indian_angry_322
323,angry,data/indian_english/Augmented/Angry/323.wav,indian_english,indian_angry_323
324,angry,data/indian_english/Augmented/Angry/324.wav,indian_english,indian_angry_324
325,angry,data/indian_english/Augmented/Angry/325.wav,indian_english,indian_angry_325
326,angry,data/indian_english/Augmented/Angry/326.wav,indian_english,indian_angry_326
327,angry,data/indian_english/Augmented/Angry/327.wav,indian_english,indian_angry_327
328,angry,data/indian_english/Augmented/Angry/328.wav,indian_english,indian_angry_328
329,angry,data/indian_english/Augmented/Angry/329.wav,indian_english,indian_angry_329
330,angry,data/indian_english/Augmented/Angry/330.wav,indian_english,indian_angry_330
331,angry,data/indian_english/Augmented/Angry/331.wav,indian_english,indian_angry_331
332,angry,data/indian_english/Augmented/Angry/332.wav,indian_english,indian_angry_332
333,angry,data/indian_english/Augmented/Angry/333.wav,indian_english,indian_angry_333
334,angry,data/indian_english/Augmented/Angry/334.wav,indian_english,indian_angry_334
335,angry,data/indian_english/Augmented/Angry/335.wav,indian_english,indian_angry_335
336,angry,data/indian_english/Augmented/Angry/336.wav,indian_english,indian_angry_336
337,angry,data/indian_english/Augmented/Angry/337.wav,indian_english,indian_angry_337
338,angry,data/indian_english/Augmented/Angry/338.wav,indian_english,indian_angry_338
339,angry,data/indian_english/Augmented/Angry/339.wav,indian_english,indian_angry_339
340,angry,data/indian_english/Augmented/Angry/340.wav,indian_english,indian_angry_340
341,angry,data/indian_english/Augmented/Angry/341.wav,indian_english,indian_angry_341
342,angry,data/indian_english/Augmented/Angry/342.wav,indian_english,indian_angry_342
343,angry,data/indian_english/Augmented/Angry/343.wav,indian_english,indian_angry_343
344,angry,data/indian_english/Augmented/Angry/344.wav,indian_english,indian_angry_344
345,angry,data/indian_english/Augmented/Angry/345.wav,indian_english,indian_angry_345
346,angry,data/indian_english/Augmented/Angry/346.wav,indian_english,indian_angry_346
347,angry,data/indian_english/Augmented/Angry/347.wav,indian_english,indian_angry_347
348,angry,data/indian_english/Augmented/Angry/348.wav,indian_english,indian_angry_348
349,angry,data/indian_english/Augmented/Angry/349.wav,indian_english,indian_angry_349
350,angry,data/indian_english/Augmented/Angry/350.wav,indian_english,indian_angry_350
351,angry,data/indian_english/Augmented/Angry/351.wav,indian_english,indian_angry_351
352,angry,data/indian_english/Augmented/Angry/352.wav,indian_english,indian_angry_352
353,angry,data/indian_english/Augmented/Angry/353.wav,indian_english,indian_angry_353
354,angry,data/indian_english/Augmented/Angry/354.wav,indian_english,indian_angry_354
355,angry,data/indian_english/Augmented/Angry/355.wav,indian_english,indian_angry_355
356,angry,data/indian_english/Augmented/Angry/356.wav,indian_english,indian_angry_356
357,angry,data/indian_english/Augmented/Angry/357.wav,indian_english,indian_angry_357
358,angry,data/indian_english/Augmented/Angry/358.wav,indian_english,indian_angry_358
359,angry,data/indian_english/Augmented/Angry/359.wav,indian_english,indian_angry_359
360,angry,data/indian_english/Augmented/Angry/360.wav,indian_english,indian_angry_360
361,angry,data/indian_english/Augmented/Angry/361.wav,indian_english,indian_angry_361
362,angry,data/indian_english/Augmented/Angry/362.wav,indian_english,indian_angry_362
363,angry,data/indian_english/Augmented/Angry/363.wav,indian_english,indian_angry_363
364,angry,data/indian_english/Augmented/Angry/364.wav,indian_english,indian_angry_364
365,angry,data/indian_english/Augmented/Angry/365.wav,indian_english,indian_angry_365
366,angry,data/indian_english/Augmented/Angry/366.wav,indian_english,indian_angry_366
367,angry,data/indian_english/Augmented/Angry/367.wav,indian_english,indian_angry_367
368,angry,data/indian_english/Augmented/Angry/368.wav,indian_english,indian_angry_368
369,angry,data/indian_english/Augmented/Angry/369.wav,indian_english,indian_angry_369
370,angry,data/indian_english/Augmented/Angry/370.wav,indian_english,indian_angry_370
371,angry,data/indian_english/Augmented/Angry/371.wav,indian_english,indian_angry_371
372,angry,data/indian_english/Augmented/Angry/372.wav,indian_english,indian_angry_372
373,angry,data/indian_english/Augmented/Angry/373.wav,indian_english,indian_angry_373
374,angry,data/indian_english/Augmented/Angry/374.wav,indian_english,indian_angry_374
375,angry,data/indian_english/Augmented/Angry/375.wav,indian_english,indian_angry_375
376,angry,data/indian_english/Augmented/Angry/376.wav,indian_english,indian_angry_376
377,angry,data/indian_english/Augmented/Angry/377.wav,indian_english,indian_angry_377
378,angry,data/indian_english/Augmented/Angry/378.wav,indian_english,indian_angry_378
379,angry,data/indian_english/Augmented/Angry/379.wav,indian_english,indian_angry_379
380,angry,data/indian_english/Augmented/Angry/380.wav,indian_english,indian_angry_380
381,angry,data/indian_english/Augmented/Angry/381.wav,indian_english,indian_angry_381
382,angry,data/indian_english/Augmented/Angry/382.wav,indian_english,indian_angry_382
383,angry,data/indian_english/Augmented/Angry/383.wav,indian_english,indian_angry_383
384,angry,data/indian_english/Augmented/Angry/384.wav,indian_english,indian_angry_384
385,angry,data/indian_english/Augmented/Angry/385.wav,indian_english,indian_angry_385
386,angry,data/indian_english/Augmented/Angry/386.wav,indian_english,indian_angry_386
387,angry,data/indian_english/Augmented/Angry/387.wav,indian_english,indian_angry_387
388,angry,data/indian_english/Augmented/Angry/388.wav,indian_english,indian_angry_388
389,angry,data/indian_english/Augmented/Angry/389.wav,indian_english,indian_angry_389
390,angry,data/indian_english/Augmented/Angry/390.wav,indian_english,indian_angry_390
391,angry,data/indian_english/Augmented/Angry/391.wav,indian_english,indian_angry_391
392,angry,data/indian_english/Augmented/Angry/392.wav,indian_english,indian_angry_392
393,angry,data/indian_english/Augmented/Angry/393.wav,indian_english,indian_angry_393
394,angry,data/indian_english/Augmented/Angry/394.wav,indian_english,indian_angry_394
395,angry,data/indian_english/Augmented/Angry/395.wav,indian_english,indian_angry_395
396,angry,data/indian_english/Augmented/Angry/396.wav,indian_english,indian_angry_396
397,angry,data/indian_english/Augmented/Angry/397.wav,indian_english,indian_angry_397
398,angry,data/indian_english/Augmented/Angry/398.wav,indian_english,indian_angry_398
399,angry,data/indian_english/Augmented/Angry/399.wav,indian_english,indian_angry_399
400,angry,data/indian_english/Augmented/Angry/400.wav,indian_english,indian_angry_400
401,angry,data/indian_english/Augmented/Angry/401.wav,indian_english,indian_angry_401
402,angry,data/indian_english/Augmented/Angry/402.wav,indian_english,indian_angry_402
403,angry,data/indian_english/Augmented/Angry/403.wav,indian_english,indian_angry_403
404,angry,data/indian_english/Augmented/Angry/404.wav,indian_english,indian_angry_404
405,angry,data/indian_english/Augmented/Angry/405.wav,indian_english,indian_angry_405
406,angry,data/indian_english/Augmented/Angry/406.wav,indian_english,indian_angry_406
407,angry,data/indian_english/Augmented/Angry/407.wav,indian_english,indian_angry_407
408,angry,data/indian_english/Augmented/Angry/408.wav,indian_english,indian_angry_408
409,angry,data/indian_english/Augmented/Angry/409.wav,indian_english,indian_angry_409
410,angry,data/indian_english/Augmented/Angry/410.wav,indian_english,indian_angry_410
411,angry,data/indian_english/Augmented/Angry/411.wav,indian_english,indian_angry_411
412,angry,data/indian_english/Augmented/Angry/412.wav,indian_english,indian_angry_412
413,angry,data/indian_english/Augmented/Angry/413.wav,indian_english,indian_angry_413
414,angry,data/indian_english/Augmented/Angry/414.wav,indian_english,indian_angry_414
415,angry,data/indian_english/Augmented/Angry/415.wav,indian_english,indian_angry_415
416,angry,data/indian_english/Augmented/Angry/416.wav,indian_english,indian_angry_416
417,angry,data/indian_english/Augmented/Angry/417.wav,indian_english,indian_angry_417
418,angry,data/indian_english/Augmented/Angry/418.wav,indian_english,indian_angry_418
419,angry,data/indian_english/Augmented/Angry/419.wav,indian_english,indian_angry_419
420,angry,data/indian_english/Augmented/Angry/420.wav,indian_english,indian_angry_420
421,angry,data/indian_english/Augmented/Angry/421.wav,indian_english,indian_angry_421
422,angry,data/indian_english/Augmented/Angry/422.wav,indian_english,indian_angry_422
423,angry,data/indian_english/Augmented/Angry/423.wav,indian_english,indian_angry_423
424,angry,data/indian_english/Augmented/Angry/424.wav,indian_english,indian_angry_424
425,angry,data/indian_english/Augmented/Angry/425.wav,indian_english,indian_angry_425
426,angry,data/indian_english/Augmented/Angry/426.wav,indian_english,indian_angry_426
427,angry,data/indian_english/Augmented/Angry/427.wav,indian_english,indian_angry_427
428,angry,data/indian_english/Augmented/Angry/428.wav,indian_english,indian_angry_428
429,angry,data/indian_english/Augmented/Angry/429.wav,indian_english,indian_angry_429
430,angry,data/indian_english/Augmented/Angry/430.wav,indian_english,indian_angry_430
431,angry,data/indian_english/Augmented/Angry/431.wav,indian_english,indian_angry_431
432,angry,data/indian_english/Augmented/Angry/432.wav,indian_english,indian_angry_432
433,angry,data/indian_english/Augmented/Angry/433.wav,indian_english,indian_angry_433
434,angry,data/indian_english/Augmented/Angry/434.wav,indian_english,indian_angry_434
435,angry,data/indian_english/Augmented/Angry/435.wav,indian_english,indian_angry_435
436,angry,data/indian_english/Augmented/Angry/436.wav,indian_english,indian_angry_436
437,angry,data/indian_english/Augmented/Angry/437.wav,indian_english,indian_angry_437
438,angry,data/indian_english/Augmented/Angry/438.wav,indian_english,indian_angry_438
439,angry,data/indian_english/Augmented/Angry/439.wav,indian_english,indian_angry_439
440,angry,data/indian_english/Augmented/Angry/440.wav,indian_english,indian_angry_440
441,angry,data/indian_english/Augmented/Angry/441.wav,indian_english,indian_angry_441
442,angry,data/indian_english/Augmented/Angry/442.wav,indian_english,indian_angry_442
443,angry,data/indian_english/Augmented/Angry/443.wav,indian_english,indian_angry_443
444,angry,data/indian_english/Augmented/Angry/444.wav,indian_english,indian_angry_444
445,angry,data/indian_english/Augmented/Angry/445.wav,indian_english,indian_angry_445
446,angry,data/indian_english/Augmented/Angry/446.wav,indian_english,indian_angry_446
447,angry,data/indian_english/Augmented/Angry/447.wav,indian_english,indian_angry_447
448,angry,data/indian_english/Augmented/Angry/448.wav,indian_english,indian_angry_448
449,angry,data/indian_english/Augmented/Angry/449.wav,indian_english,indian_angry_449
450,angry,data/indian_english/Augmented/Angry/450.wav,indian_english,indian_angry_450
451,angry,data/indian_english/Augmented/Angry/451.wav,indian_english,indian_angry_451
452,angry,data/indian_english/Augmented/Angry/452.wav,indian_english,indian_angry_452
453,angry,data/indian_english/Augmented/Angry/453.wav,indian_english,indian_angry_453
454,angry,data/indian_english/Augmented/Angry/454.wav,indian_english,indian_angry_454
455,angry,data/indian_english/Augmented/Angry/455.wav,indian_english,indian_angry_455
456,angry,data/indian_english/Augmented/Angry/456.wav,indian_english,indian_angry_456
457,angry,data/indian_english/Augmented/Angry/457.wav,indian_english,indian_angry_457
458,angry,data/indian_english/Augmented/Angry/458.wav,indian_english,indian_angry_458
459,angry,data/indian_english/Augmented/Angry/459.wav,indian_english,indian_angry_459
460,angry,data/indian_english/Augmented/Angry/460.wav,indian_english,indian_angry_460
461,angry,data/indian_english/Augmented/Angry/461.wav,indian_english,indian_angry_461
462,angry,data/indian_english/Augmented/Angry/462.wav,indian_english,indian_angry_462
463,angry,data/indian_english/Augmented/Angry/463.wav,indian_english,indian_angry_463
464,angry,data/indian_english/Augmented/Angry/464.wav,indian_english,indian_angry_464
465,angry,data/indian_english/Augmented/Angry/465.wav,indian_english,indian_angry_465
466,angry,data/indian_english/Augmented/Angry/466.wav,indian_english,indian_angry_466
467,angry,data/indian_english/Augmented/Angry/467.wav,indian_english,indian_angry_467
468,angry,data/indian_english/Augmented/Angry/468.wav,indian_english,indian_angry_468
469,angry,data/indian_english/Augmented/Angry/469.wav,indian_english,indian_angry_469
470,angry,data/indian_english/Augmented/Angry/470.wav,indian_english,indian_angry_470
471,angry,data/indian_english/Augmented/Angry/471.wav,indian_english,indian_angry_471
472,angry,data/indian_english/Augmented/Angry/472.wav,indian_english,indian_angry_472
473,angry,data/indian_english/Augmented/Angry/473.wav,indian_english,indian_angry_473
474,angry,data/indian_english/Augmented/Angry/474.wav,indian_english,indian_angry_474
475,angry,data/indian_english/Augmented/Angry/475.wav,indian_english,indian_angry_475
476,angry,data/indian_english/Augmented/Angry/476.wav,indian_english,indian_angry_476
477,angry,data/indian_english/Augmented/Angry/477.wav,indian_english,indian_angry_477
478,angry,data/indian_english/Augmented/Angry/478.wav,indian_english,indian_angry_478
479,angry,data/indian_english/Augmented/Angry/479.wav,indian_english,indian_angry_479
480,angry,data/indian_english/Augmented/Angry/480.wav,indian_english,indian_angry_480
481,angry,data/indian_english/Augmented/Angry/481.wav,indian_english,indian_angry_481
482,angry,data/indian_english/Augmented/Angry/482.wav,indian_english,indian_angry_482
483,angry,data/indian_english/Augmented/Angry/483.wav,indian_english,indian_angry_483
484,angry,data/indian_english/Augmented/Angry/484.wav,indian_english,indian_angry_484
485,angry,data/indian_english/Augmented/Angry/485.wav,indian_english,indian_angry_485
486,angry,data/indian_english/Augmented/Angry/486.wav,indian_english,indian_angry_486
487,angry,data/indian_english/Augmented/Angry/487.wav,indian_english,indian_angry_487
488,angry,data/indian_english/Augmented/Angry/488.wav,indian_english,indian_angry_488
489,angry,data/indian_english/Augmented/Angry/489.wav,indian_english,indian_angry_489
490,angry,data/indian_english/Augmented/Angry/490.wav,indian_english,indian_angry_490
491,angry,data/indian_english/Augmented/Angry/491.wav,indian_english,indian_angry_491
492,angry,data/indian_english/Augmented/Angry/492.wav,indian_english,indian_angry_492
493,angry,data/indian_english/Augmented/Angry/493.wav,indian_english,indian_angry_493
494,angry,data/indian_english/Augmented/Angry/494.wav,indian_english,indian_angry_494
495,angry,data/indian_english/Augmented/Angry/495.wav,indian_english,indian_angry_495
496,angry,data/indian_english/Augmented/Angry/496.wav,indian_english,indian_angry_496
497,angry,data/indian_english/Augmented/Angry/497.wav,indian_english,indian_angry_497
498,angry,data/indian_english/Augmented/Angry/498.wav,indian_english,indian_angry_498
499,angry,data/indian_english/Augmented/Angry/499.wav,indian_english,indian_angry_499
500,angry,data/indian_english/Augmented/Angry/500.wav,indian_english,indian_angry_500
501,angry,data/indian_english/Augmented/Angry/501.wav,indian_english,indian_angry_501
502,angry,data/indian_english/Augmented/Angry/502.wav,indian_english,indian_angry_502
503,angry,data/indian_english/Augmented/Angry/503.wav,indian_english,indian_angry_503
504,angry,data/indian_english/Augmented/Angry/504.wav,indian_english,indian_angry_504
505,angry,data/indian_english/Augmented/Angry/505.wav,indian_english,indian_angry_505
506,angry,data/indian_english/Augmented/Angry/506.wav,indian_english,indian_angry_506
507,angry,data/indian_english/Augmented/Angry/507.wav,indian_english,indian_angry_507
508,angry,data/indian_english/Augmented/Angry/508.wav,indian_english,indian_angry_508
509,angry,data/indian_english/Augmented/Angry/509.wav,indian_english,indian_angry_509
510,angry,data/indian_english/Augmented/Angry/510.wav,indian_english,indian_angry_510
511,angry,data/indian_english/Original_dataset/Angry/001.wav,indian_english,indian_angry_001
512,angry,data/indian_english/Original_dataset/Angry/002.wav,indian_english,indian_angry_002
513,angry,data/indian_english/Original_dataset/Angry/003.wav,indian_english,indian_angry_003
514,angry,data/indian_english/Original_dataset/Angry/004.wav,indian_english,indian_angry_004
515,angry,data/indian_english/Original_dataset/Angry/005.wav,indian_english,indian_angry_005
516,angry,data/indian_english/Original_dataset/Angry/006.wav,indian_english,indian_angry_006
517,angry,data/indian_english/Original_dataset/Angry/007.wav,indian_english,indian_angry_007
518,angry,data/indian_english/Original_dataset/Angry/008.wav,indian_english,indian_angry_008
519,angry,data/indian_english/Original_dataset/Angry/009.wav,indian_english,indian_angry_009
520,angry,data/indian_english/Original_dataset/Angry/010.wav,indian_english,indian_angry_010
521,angry,data/indian_english/Original_dataset/Angry/011.wav,indian_english,indian_angry_011
522,angry,data/indian_english/Original_dataset/Angry/012.wav,indian_english,indian_angry_012
523,angry,data/indian_english/Original_dataset/Angry/013.wav,indian_english,indian_angry_013
524,angry,data/indian_english/Original_dataset/Angry/014.wav,indian_english,indian_angry_014
525,angry,data/indian_english/Original_dataset/Angry/015.wav,indian_english,indian_angry_015
526,angry,data/indian_english/Original_dataset/Angry/016.wav,indian_english,indian_angry_016
527,angry,data/indian_english/Original_dataset/Angry/017.wav,indian_english,indian_angry_017
528,angry,data/indian_english/Original_dataset/Angry/018.wav,indian_english,indian_angry_018
529,angry,data/indian_english/Original_dataset/Angry/019.wav,indian_english,indian_angry_019
530,angry,data/indian_english/Original_dataset/Angry/020.wav,indian_english,indian_angry_020
531,angry,data/indian_english/Original_dataset/Angry/021.wav,indian_english,indian_angry_021
532,angry,data/indian_english/Original_dataset/Angry/022.wav,indian_english,indian_angry_022
533,angry,data/indian_english/Original_dataset/Angry/023.wav,indian_english,indian_angry_023
534,angry,data/indian_english/Original_dataset/Angry/024.wav,indian_english,indian_angry_024
535,angry,data/indian_english/Original_dataset/Angry/025.wav,indian_english,indian_angry_025
536,angry,data/indian_english/Original_dataset/Angry/026.wav,indian_english,indian_angry_026
537,angry,data/indian_english/Original_dataset/Angry/027.wav,indian_english,indian_angry_027
538,angry,data/indian_english/Original_dataset/Angry/028.wav,indian_english,indian_angry_028
539,angry,data/indian_english/Original_dataset/Angry/029.wav,indian_english,indian_angry_029
540,angry,data/indian_english/Original_dataset/Angry/030.wav,indian_english,indian_angry_030
541,angry,data/indian_english/Original_dataset/Angry/031.wav,indian_english,indian_angry_031
542,angry,data/indian_english/Original_dataset/Angry/032.wav,indian_english,indian_angry_032
543,angry,data/indian_english/Original_dataset/Angry/033.wav,indian_english,indian_angry_033
544,angry,data/indian_english/Original_dataset/Angry/034.wav,indian_english,indian_angry_034
545,angry,data/indian_english/Original_dataset/Angry/035.wav,indian_english,indian_angry_035
546,angry,data/indian_english/Original_dataset/Angry/036.wav,indian_english,indian_angry_036
547,angry,data/indian_english/Original_dataset/Angry/037.wav,indian_english,indian_angry_037
548,angry,data/indian_english/Original_dataset/Angry/038.wav,indian_english,indian_angry_038
549,angry,data/indian_english/Original_dataset/Angry/039.wav,indian_english,indian_angry_039
550,angry,data/indian_english/Original_dataset/Angry/040.wav,indian_english,indian_angry_040
551,angry,data/indian_english/Original_dataset/Angry/041.wav,indian_english,indian_angry_041
552,angry,data/indian_english/Original_dataset/Angry/042.wav,indian_english,indian_angry_042
553,angry,data/indian_english/Original_dataset/Angry/043.wav,indian_english,indian_angry_043
554,angry,data/indian_english/Original_dataset/Angry/044.wav,indian_english,indian_angry_044
555,angry,data/indian_english/Original_dataset/Angry/045.wav,indian_english,indian_angry_045
556,angry,data/indian_english/Original_dataset/Angry/046.wav,indian_english,indian_angry_046
557,angry,data/indian_english/Original_dataset/Angry/047.wav,indian_english,indian_angry_047
558,angry,data/indian_english/Original_dataset/Angry/048.wav,indian_english,indian_angry_048
559,angry,data/indian_english/Original_dataset/Angry/049.wav,indian_english,indian_angry_049
560,angry,data/indian_english/Original_dataset/Angry/050.wav,indian_english,indian_angry_050
561,angry,data/indian_english/Original_dataset/Angry/051.wav,indian_english,indian_angry_051
562,angry,data/indian_english/Original_dataset/Angry/052.wav,indian_english,indian_angry_052
563,angry,data/indian_english/Original_dataset/Angry/053.wav,indian_english,indian_angry_053
564,angry,data/indian_english/Original_dataset/Angry/054.wav,indian_english,indian_angry_054
565,angry,data/indian_english/Original_dataset/Angry/055.wav,indian_english,indian_angry_055
566,angry,data/indian_english/Original_dataset/Angry/056.wav,indian_english,indian_angry_056
567,angry,data/indian_english/Original_dataset/Angry/057.wav,indian_english,indian_angry_057
568,angry,data/indian_english/Original_dataset/Angry/058.wav,indian_english,indian_angry_058
569,angry,data/indian_english/Original_dataset/Angry/059.wav,indian_english,indian_angry_059
570,angry,data/indian_english/Original_dataset/Angry/060.wav,indian_english,indian_angry_060
571,angry,data/indian_english/Original_dataset/Angry/061.wav,indian_english,indian_angry_061
572,angry,data/indian_english/Original_dataset/Angry/062.wav,indian_english,indian_angry_062
573,angry,data/indian_english/Original_dataset/Angry/063.wav,indian_english,indian_angry_063
574,angry,data/indian_english/Original_dataset/Angry/064.wav,indian_english,indian_angry_064
575,angry,data/indian_english/Original_dataset/Angry/065.wav,indian_english,indian_angry_065
576,angry,data/indian_english/Original_dataset/Angry/066.wav,indian_english,indian_angry_066
577,angry,data/indian_english/Original_dataset/Angry/067.wav,indian_english,indian_angry_067
578,angry,data/indian_english/Original_dataset/Angry/068.wav,indian_english,indian_angry_068
579,angry,data/indian_english/Original_dataset/Angry/069.wav,indian_english,indian_angry_069
580,angry,data/indian_english/Original_dataset/Angry/070.wav,indian_english,indian_angry_070
581,angry,data/indian_english/Original_dataset/Angry/071.wav,indian_english,indian_angry_071
582,angry,data/indian_english/Original_dataset/Angry/072.wav,indian_english,indian_angry_072
583,angry,data/indian_english/Original_dataset/Angry/073.wav,indian_english,indian_angry_073
584,angry,data/indian_english/Original_dataset/Angry/074.wav,indian_english,indian_angry_074
585,angry,data/indian_english/Original_dataset/Angry/075.wav,indian_english,indian_angry_075
586,angry,data/indian_english/Original_dataset/Angry/076.wav,indian_english,indian_angry_076
587,angry,data/indian_english/Original_dataset/Angry/077.wav,indian_english,indian_angry_077
588,angry,data/indian_english/Original_dataset/Angry/078.wav,indian_english,indian_angry_078
589,angry,data/indian_english/Original_dataset/Angry/079.wav,indian_english,indian_angry_079
590,angry,data/indian_english/Original_dataset/Angry/080.wav,indian_english,indian_angry_080
591,angry,data/indian_english/Original_dataset/Angry/081.wav,indian_english,indian_angry_081
592,angry,data/indian_english/Original_dataset/Angry/082.wav,indian_english,indian_angry_082
593,angry,data/indian_english/Original_dataset/Angry/083.wav,indian_english,indian_angry_083
594,angry,data/indian_english/Original_dataset/Angry/084.wav,indian_english,indian_angry_084
595,angry,data/indian_english/Original_dataset/Angry/085.wav,indian_english,indian_angry_085
596,angry,data/indian_english/Original_dataset/Angry/086.wav,indian_english,indian_angry_086
597,angry,data/indian_english/Original_dataset/Angry/087.wav,indian_english,indian_angry_087
598,angry,data/indian_english/Original_dataset/Angry/088.wav,indian_english,indian_angry_088
599,angry,data/indian_english/Original_dataset/Angry/089.wav,indian_english,indian_angry_089
600,angry,data/indian_english/Original_dataset/Angry/090.wav,indian_english,indian_angry_090
601,angry,data/indian_english/Original_dataset/Angry/091.wav,indian_english,indian_angry_091
602,angry,data/indian_english/Original_dataset/Angry/092.wav,indian_english,indian_angry_092
603,angry,data/indian_english/Original_dataset/Angry/093.wav,indian_english,indian_angry_093
604,angry,data/indian_english/Original_dataset/Angry/094.wav,indian_english,indian_angry_094
605,angry,data/indian_english/Original_dataset/Angry/095.wav,indian_english,indian_angry_095
606,angry,data/indian_english/Original_dataset/Angry/096.wav,indian_english,indian_angry_096
607,angry,data/indian_english/Original_dataset/Angry/097.wav,indian_english,indian_angry_097
608,angry,data/indian_english/Original_dataset/Angry/098.wav,indian_english,indian_angry_098
609,angry,data/indian_english/Original_dataset/Angry/099.wav,indian_english,indian_angry_099
610,angry,data/indian_english/Original_dataset/Angry/100.wav,indian_english,indian_angry_100
611,angry,data/indian_english/Original_dataset/Angry/101.wav,indian_english,indian_angry_101
612,angry,data/indian_english/Original_dataset/Angry/102.wav,indian_english,indian_angry_102
613,angry,data/indian_english/Original_dataset/Angry/103.wav,indian_english,indian_angry_103
614,angry,data/indian_english/Original_dataset/Angry/104.wav,indian_english,indian_angry_104
615,angry,data/indian_english/Original_dataset/Angry/105.wav,indian_english,indian_angry_105
616,angry,data/indian_english/Original_dataset/Angry/106.wav,indian_english,indian_angry_106
617,angry,data/indian_english/Original_dataset/Angry/107.wav,indian_english,indian_angry_107
618,angry,data/indian_english/Original_dataset/Angry/108.wav,indian_english,indian_angry_108
619,angry,data/indian_english/Original_dataset/Angry/109.wav,indian_english,indian_angry_109
620,angry,data/indian_english/Original_dataset/Angry/110.wav,indian_english,indian_angry_110
621,angry,data/indian_english/Original_dataset/Angry/111.wav,indian_english,indian_angry_111
622,angry,data/indian_english/Original_dataset/Angry/112.wav,indian_english,indian_angry_112
623,angry,data/indian_english/Original_dataset/Angry/113.wav,indian_english,indian_angry_113
624,angry,data/indian_english/Original_dataset/Angry/114.wav,indian_english,indian_angry_114
625,angry,data/indian_english/Original_dataset/Angry/115.wav,indian_english,indian_angry_115
626,angry,data/indian_english/Original_dataset/Angry/116.wav,indian_english,indian_angry_116
627,angry,data/indian_english/Original_dataset/Angry/117.wav,indian_english,indian_angry_117
628,angry,data/indian_english/Original_dataset/Angry/118.wav,indian_english,indian_angry_118
629,angry,data/indian_english/Original_dataset/Angry/119.wav,indian_english,indian_angry_119
630,angry,data/indian_english/Original_dataset/Angry/120.wav,indian_english,indian_angry_120
631,angry,data/indian_english/Original_dataset/Angry/121.wav,indian_english,indian_angry_121
632,angry,data/indian_english/Original_dataset/Angry/122.wav,indian_english,indian_angry_122
633,angry,data/indian_english/Original_dataset/Angry/123.wav,indian_english,indian_angry_123
634,angry,data/indian_english/Original_dataset/Angry/124.wav,indian_english,indian_angry_124
635,angry,data/indian_english/Original_dataset/Angry/125.wav,indian_english,indian_angry_125
636,angry,data/indian_english/Original_dataset/Angry/126.wav,indian_english,indian_angry_126
637,angry,data/indian_english/Original_dataset/Angry/127.wav,indian_english,indian_angry_127
638,angry,data/indian_english/Original_dataset/Angry/128.wav,indian_english,indian_angry_128
639,angry,data/indian_english/Original_dataset/Angry/129.wav,indian_english,indian_angry_129
640,angry,data/indian_english/Original_dataset/Angry/130.wav,indian_english,indian_angry_130
641,angry,data/indian_english/Original_dataset/Angry/131.wav,indian_english,indian_angry_131
642,angry,data/indian_english/Original_dataset/Angry/132.wav,indian_english,indian_angry_132
643,angry,data/indian_english/Original_dataset/Angry/133.wav,indian_english,indian_angry_133
644,angry,data/indian_english/Original_dataset/Angry/134.wav,indian_english,indian_angry_134
645,angry,data/indian_english/Original_dataset/Angry/135.wav,indian_english,indian_angry_135
646,angry,data/indian_english/Original_dataset/Angry/136.wav,indian_english,indian_angry_136
647,angry,data/indian_english/Original_dataset/Angry/137.wav,indian_english,indian_angry_137
648,angry,data/indian_english/Original_dataset/Angry/138.wav,indian_english,indian_angry_138
649,angry,data/indian_english/Original_dataset/Angry/139.wav,indian_english,indian_angry_139
650,angry,data/indian_english/Original_dataset/Angry/140.wav,indian_english,indian_angry_140
651,angry,data/indian_english/Original_dataset/Angry/141.wav,indian_english,indian_angry_141
652,angry,data/indian_english/Original_dataset/Angry/142.wav,indian_english,indian_angry_142
653,angry,data/indian_english/Original_dataset/Angry/143.wav,indian_english,indian_angry_143
654,angry,data/indian_english/Original_dataset/Angry/144.wav,indian_english,indian_angry_144
655,angry,data/indian_english/Original_dataset/Angry/145.wav,indian_english,indian_angry_145
656,angry,data/indian_english/Original_dataset/Angry/146.wav,indian_english,indian_angry_146
657,angry,data/indian_english/Original_dataset/Angry/147.wav,indian_english,indian_angry_147
658,angry,data/indian_english/Original_dataset/Angry/148.wav,indian_english,indian_angry_148
659,angry,data/indian_english/Original_dataset/Angry/149.wav,indian_english,indian_angry_149
660,angry,data/indian_english/Original_dataset/Angry/150.wav,indian_english,indian_angry_150
661,angry,data/indian_english/Original_dataset/Angry/151.wav,indian_english,indian_angry_151
662,angry,data/indian_english/Original_dataset/Angry/152.wav,indian_english,indian_angry_152
663,angry,data/indian_english/Original_dataset/Angry/153.wav,indian_english,indian_angry_153
664,angry,data/indian_english/Original_dataset/Angry/154.wav,indian_english,indian_angry_154
665,angry,data/indian_english/Original_dataset/Angry/155.wav,indian_english,indian_angry_155
666,angry,data/indian_english/Original_dataset/Angry/156.wav,indian_english,indian_angry_156
667,angry,data/indian_english/Original_dataset/Angry/157.wav,indian_english,indian_angry_157
668,angry,data/indian_english/Original_dataset/Angry/158.wav,indian_english,indian_angry_158
669,angry,data/indian_english/Original_dataset/Angry/159.wav,indian_english,indian_angry_159
670,angry,data/indian_english/Original_dataset/Angry/160.wav,indian_english,indian_angry_160
671,angry,data/indian_english/Original_dataset/Angry/161.wav,indian_english,indian_angry_161
672,angry,data/indian_english/Original_dataset/Angry/162.wav,indian_english,indian_angry_162
673,angry,data/indian_english/Original_dataset/Angry/163.wav,indian_english,indian_angry_163
674,angry,data/indian_english/Original_dataset/Angry/164.wav,indian_english,indian_angry_164
675,angry,data/indian_english/Original_dataset/Angry/165.wav,indian_english,indian_angry_165
676,angry,data/indian_english/Original_dataset/Angry/166.wav,indian_english,indian_angry_166
677,angry,data/indian_english/Original_dataset/Angry/167.wav,indian_english,indian_angry_167
678,angry,data/indian_english/Original_dataset/Angry/168.wav,indian_english,indian_angry_168
679,angry,data/indian_english/Original_dataset/Angry/169.wav,indian_english,indian_angry_169
680,angry,data/indian_english/Original_dataset/Angry/170.wav,indian_english,indian_angry_170
681,happy,data/indian_english/Augmented/Happy/001.wav,indian_english,indian_happy_001
682,happy,data/indian_english/Augmented/Happy/002.wav,indian_english,indian_happy_002
683,happy,data/indian_english/Augmented/Happy/003.wav,indian_english,indian_happy_003
684,happy,data/indian_english/Augmented/Happy/004.wav,indian_english,indian_happy_004
685,happy,data/indian_english/Augmented/Happy/005.wav,indian_english,indian_happy_005
686,happy,data/indian_english/Augmented/Happy/006.wav,indian_english,indian_happy_006
687,happy,data/indian_english/Augmented/Happy/007.wav,indian_english,indian_happy_007
688,happy,data/indian_english/Augmented/Happy/008.wav,indian_english,indian_happy_008
689,happy,data/indian_english/Augmented/Happy/009.wav,indian_english,indian_happy_009
690,happy,data/indian_english/Augmented/Happy/010.wav,indian_english,indian_happy_010
691,happy,data/indian_english/Augmented/Happy/011.wav,indian_english,indian_happy_011
692,happy,data/indian_english/Augmented/Happy/012.wav,indian_english,indian_happy_012
693,happy,data/indian_english/Augmented/Happy/013.wav,indian_english,indian_happy_013
694,happy,data/indian_english/Augmented/Happy/014.wav,indian_english,indian_happy_014
695,happy,data/indian_english/Augmented/Happy/015.wav,indian_english,indian_happy_015
696,happy,data/indian_english/Augmented/Happy/016.wav,indian_english,indian_happy_016
697,happy,data/indian_english/Augmented/Happy/017.wav,indian_english,indian_happy_017
698,happy,data/indian_english/Augmented/Happy/018.wav,indian_english,indian_happy_018
699,happy,data/indian_english/Augmented/Happy/019.wav,indian_english,indian_happy_019
700,happy,data/indian_english/Augmented/Happy/020.wav,indian_english,indian_happy_020
701,happy,data/indian_english/Augmented/Happy/021.wav,indian_english,indian_happy_021
702,happy,data/indian_english/Augmented/Happy/022.wav,indian_english,indian_happy_022
703,happy,data/indian_english/Augmented/Happy/023.wav,indian_english,indian_happy_023
704,happy,data/indian_english/Augmented/Happy/024.wav,indian_english,indian_happy_024
705,happy,data/indian_english/Augmented/Happy/025.wav,indian_english,indian_happy_025
706,happy,data/indian_english/Augmented/Happy/026.wav,indian_english,indian_happy_026
707,happy,data/indian_english/Augmented/Happy/027.wav,indian_english,indian_happy_027
708,happy,data/indian_english/Augmented/Happy/028.wav,indian_english,indian_happy_028
709,happy,data/indian_english/Augmented/Happy/029.wav,indian_english,indian_happy_029
710,happy,data/indian_english/Augmented/Happy/030.wav,indian_english,indian_happy_030
711,happy,data/indian_english/Augmented/Happy/031.wav,indian_english,indian_happy_031
712,happy,data/indian_english/Augmented/Happy/032.wav,indian_english,indian_happy_032
713,happy,data/indian_english/Augmented/Happy/033.wav,indian_english,indian_happy_033
714,happy,data/indian_english/Augmented/Happy/034.wav,indian_english,indian_happy_034
715,happy,data/indian_english/Augmented/Happy/035.wav,indian_english,indian_happy_035
716,happy,data/indian_english/Augmented/Happy/036.wav,indian_english,indian_happy_036
717,happy,data/indian_english/Augmented/Happy/037.wav,indian_english,indian_happy_037
718,happy,data/indian_english/Augmented/Happy/038.wav,indian_english,indian_happy_038
719,happy,data/indian_english/Augmented/Happy/039.wav,indian_english,indian_happy_039
720,happy,data/indian_english/Augmented/Happy/040.wav,indian_english,indian_happy_040
721,happy,data/indian_english/Augmented/Happy/041.wav,indian_english,indian_happy_041
722,happy,data/indian_english/Augmented/Happy/042.wav,indian_english,indian_happy_042
723,happy,data/indian_english/Augmented/Happy/043.wav,indian_english,indian_happy_043
724,happy,data/indian_english/Augmented/Happy/044.wav,indian_english,indian_happy_044
725,happy,data/indian_english/Augmented/Happy/045.wav,indian_english,indian_happy_045
726,happy,data/indian_english/Augmented/Happy/046.wav,indian_english,indian_happy_046
727,happy,data/indian_english/Augmented/Happy/047.wav,indian_english,indian_happy_047
728,happy,data/indian_english/Augmented/Happy/048.wav,indian_english,indian_happy_048
729,happy,data/indian_english/Augmented/Happy/049.wav,indian_english,indian_happy_049
730,happy,data/indian_english/Augmented/Happy/050.wav,indian_english,indian_happy_050
731,happy,data/indian_english/Augmented/Happy/051.wav,indian_english,indian_happy_051
732,happy,data/indian_english/Augmented/Happy/052.wav,indian_english,indian_happy_052
733,happy,data/indian_english/Augmented/Happy/053.wav,indian_english,indian_happy_053
734,happy,data/indian_english/Augmented/Happy/054.wav,indian_english,indian_happy_054
735,happy,data/indian_english/Augmented/Happy/055.wav,indian_english,indian_happy_055
736,happy,data/indian_english/Augmented/Happy/056.wav,indian_english,indian_happy_056
737,happy,data/indian_english/Augmented/Happy/057.wav,indian_english,indian_happy_057
738,happy,data/indian_english/Augmented/Happy/058.wav,indian_english,indian_happy_058
739,happy,data/indian_english/Augmented/Happy/059.wav,indian_english,indian_happy_059
740,happy,data/indian_english/Augmented/Happy/060.wav,indian_english,indian_happy_060
741,happy,data/indian_english/Augmented/Happy/061.wav,indian_english,indian_happy_061
742,happy,data/indian_english/Augmented/Happy/062.wav,indian_english,indian_happy_062
743,happy,data/indian_english/Augmented/Happy/063.wav,indian_english,indian_happy_063
744,happy,data/indian_english/Augmented/Happy/064.wav,indian_english,indian_happy_064
745,happy,data/indian_english/Augmented/Happy/065.wav,indian_english,indian_happy_065
746,happy,data/indian_english/Augmented/Happy/066.wav,indian_english,indian_happy_066
747,happy,data/indian_english/Augmented/Happy/067.wav,indian_english,indian_happy_067
748,happy,data/indian_english/Augmented/Happy/068.wav,indian_english,indian_happy_068
749,happy,data/indian_english/Augmented/Happy/069.wav,indian_english,indian_happy_069
750,happy,data/indian_english/Augmented/Happy/070.wav,indian_english,indian_happy_070
751,happy,data/indian_english/Augmented/Happy/071.wav,indian_english,indian_happy_071
752,happy,data/indian_english/Augmented/Happy/072.wav,indian_english,indian_happy_072
753,happy,data/indian_english/Augmented/Happy/073.wav,indian_english,indian_happy_073
754,happy,data/indian_english/Augmented/Happy/074.wav,indian_english,indian_happy_074
755,happy,data/indian_english/Augmented/Happy/075.wav,indian_english,indian_happy_075
756,happy,data/indian_english/Augmented/Happy/076.wav,indian_english,indian_happy_076
757,happy,data/indian_english/Augmented/Happy/077.wav,indian_english,indian_happy_077
758,happy,data/indian_english/Augmented/Happy/078.wav,indian_english,indian_happy_078
759,happy,data/indian_english/Augmented/Happy/079.wav,indian_english,indian_happy_079
760,happy,data/indian_english/Augmented/Happy/080.wav,indian_english,indian_happy_080
761,happy,data/indian_english/Augmented/Happy/081.wav,indian_english,indian_happy_081
762,happy,data/indian_english/Augmented/Happy/082.wav,indian_english,indian_happy_082
763,happy,data/indian_english/Augmented/Happy/083.wav,indian_english,indian_happy_083
764,happy,data/indian_english/Augmented/Happy/084.wav,indian_english,indian_happy_084
765,happy,data/indian_english/Augmented/Happy/085.wav,indian_english,indian_happy_085
766,happy,data/indian_english/Augmented/Happy/086.wav,indian_english,indian_happy_086
767,happy,data/indian_english/Augmented/Happy/087.wav,indian_english,indian_happy_087
768,happy,data/indian_english/Augmented/Happy/088.wav,indian_english,indian_happy_088
769,happy,data/indian_english/Augmented/Happy/089.wav,indian_english,indian_happy_089
770,happy,data/indian_english/Augmented/Happy/090.wav,indian_english,indian_happy_090
771,happy,data/indian_english/Augmented/Happy/091.wav,indian_english,indian_happy_091
772,happy,data/indian_english/Augmented/Happy/092.wav,indian_english,indian_happy_092
773,happy,data/indian_english/Augmented/Happy/093.wav,indian_english,indian_happy_093
774,happy,data/indian_english/Augmented/Happy/094.wav,indian_english,indian_happy_094
775,happy,data/indian_english/Augmented/Happy/095.wav,indian_english,indian_happy_095
776,happy,data/indian_english/Augmented/Happy/096.wav,indian_english,indian_happy_096
777,happy,data/indian_english/Augmented/Happy/097.wav,indian_english,indian_happy_097
778,happy,data/indian_english/Augmented/Happy/098.wav,indian_english,indian_happy_098
779,happy,data/indian_english/Augmented/Happy/099.wav,indian_english,indian_happy_099
780,happy,data/indian_english/Augmented/Happy/100.wav,indian_english,indian_happy_100
781,happy,data/indian_english/Augmented/Happy/101.wav,indian_english,indian_happy_101
782,happy,data/indian_english/Augmented/Happy/102.wav,indian_english,indian_happy_102
783,happy,data/indian_english/Augmented/Happy/103.wav,indian_english,indian_happy_103
784,happy,data/indian_english/Augmented/Happy/104.wav,indian_english,indian_happy_104
785,happy,data/indian_english/Augmented/Happy/105.wav,indian_english,indian_happy_105
786,happy,data/indian_english/Augmented/Happy/106.wav,indian_english,indian_happy_106
787,happy,data/indian_english/Augmented/Happy/107.wav,indian_english,indian_happy_107
788,happy,data/indian_english/Augmented/Happy/108.wav,indian_english,indian_happy_108
789,happy,data/indian_english/Augmented/Happy/109.wav,indian_english,indian_happy_109
790,happy,data/indian_english/Augmented/Happy/110.wav,indian_english,indian_happy_110
791,happy,data/indian_english/Augmented/Happy/111.wav,indian_english,indian_happy_111
792,happy,data/indian_english/Augmented/Happy/112.wav,indian_english,indian_happy_112
793,happy,data/indian_english/Augmented/Happy/113.wav,indian_english,indian_happy_113
794,happy,data/indian_english/Augmented/Happy/114.wav,indian_english,indian_happy_114
795,happy,data/indian_english/Augmented/Happy/115.wav,indian_english,indian_happy_115
796,happy,data/indian_english/Augmented/Happy/116.wav,indian_english,indian_happy_116
797,happy,data/indian_english/Augmented/Happy/117.wav,indian_english,indian_happy_117
798,happy,data/indian_english/Augmented/Happy/118.wav,indian_english,indian_happy_118
799,happy,data/indian_english/Augmented/Happy/119.wav,indian_english,indian_happy_119
800,happy,data/indian_english/Augmented/Happy/120.wav,indian_english,indian_happy_120
801,happy,data/indian_english/Augmented/Happy/121.wav,indian_english,indian_happy_121
802,happy,data/indian_english/Augmented/Happy/122.wav,indian_english,indian_happy_122
803,happy,data/indian_english/Augmented/Happy/123.wav,indian_english,indian_happy_123
804,happy,data/indian_english/Augmented/Happy/124.wav,indian_english,indian_happy_124
805,happy,data/indian_english/Augmented/Happy/125.wav,indian_english,indian_happy_125
806,happy,data/indian_english/Augmented/Happy/126.wav,indian_english,indian_happy_126
807,happy,data/indian_english/Augmented/Happy/127.wav,indian_english,indian_happy_127
808,happy,data/indian_english/Augmented/Happy/128.wav,indian_english,indian_happy_128
809,happy,data/indian_english/Augmented/Happy/129.wav,indian_english,indian_happy_129
810,happy,data/indian_english/Augmented/Happy/130.wav,indian_english,indian_happy_130
811,happy,data/indian_english/Augmented/Happy/131.wav,indian_english,indian_happy_131
812,happy,data/indian_english/Augmented/Happy/132.wav,indian_english,indian_happy_132
813,happy,data/indian_english/Augmented/Happy/133.wav,indian_english,indian_happy_133
814,happy,data/indian_english/Augmented/Happy/134.wav,indian_english,indian_happy_134
815,happy,data/indian_english/Augmented/Happy/135.wav,indian_english,indian_happy_135
816,happy,data/indian_english/Augmented/Happy/136.wav,indian_english,indian_happy_136
817,happy,data/indian_english/Augmented/Happy/137.wav,indian_english,indian_happy_137
818,happy,data/indian_english/Augmented/Happy/138.wav,indian_english,indian_happy_138
819,happy,data/indian_english/Augmented/Happy/139.wav,indian_english,indian_happy_139
820,happy,data/indian_english/Augmented/Happy/140.wav,indian_english,indian_happy_140
821,happy,data/indian_english/Augmented/Happy/141.wav,indian_english,indian_happy_141
822,happy,data/indian_english/Augmented/Happy/142.wav,indian_english,indian_happy_142
823,happy,data/indian_english/Augmented/Happy/143.wav,indian_english,indian_happy_143
824,happy,data/indian_english/Augmented/Happy/144.wav,indian_english,indian_happy_144
825,happy,data/indian_english/Augmented/Happy/145.wav,indian_english,indian_happy_145
826,happy,data/indian_english/Augmented/Happy/146.wav,indian_english,indian_happy_146
827,happy,data/indian_english/Augmented/Happy/147.wav,indian_english,indian_happy_147
828,happy,data/indian_english/Augmented/Happy/148.wav,indian_english,indian_happy_148
829,happy,data/indian_english/Augmented/Happy/149.wav,indian_english,indian_happy_149
830,happy,data/indian_english/Augmented/Happy/150.wav,indian_english,indian_happy_150
831,happy,data/indian_english/Augmented/Happy/151.wav,indian_english,indian_happy_151
832,happy,data/indian_english/Augmented/Happy/152.wav,indian_english,indian_happy_152
833,happy,data/indian_english/Augmented/Happy/153.wav,indian_english,indian_happy_153
834,happy,data/indian_english/Augmented/Happy/154.wav,indian_english,indian_happy_154
835,happy,data/indian_english/Augmented/Happy/155.wav,indian_english,indian_happy_155
836,happy,data/indian_english/Augmented/Happy/156.wav,indian_english,indian_happy_156
837,happy,data/indian_english/Augmented/Happy/157.wav,indian_english,indian_happy_157
838,happy,data/indian_english/Augmented/Happy/158.wav,indian_english,indian_happy_158
839,happy,data/indian_english/Augmented/Happy/159.wav,indian_english,indian_happy_159
840,happy,data/indian_english/Augmented/Happy/160.wav,indian_english,indian_happy_160
841,happy,data/indian_english/Augmented/Happy/161.wav,indian_english,indian_happy_161
842,happy,data/indian_english/Augmented/Happy/162.wav,indian_english,indian_happy_162
843,happy,data/indian_english/Augmented/Happy/163.wav,indian_english,indian_happy_163
844,happy,data/indian_english/Augmented/Happy/164.wav,indian_english,indian_happy_164
845,happy,data/indian_english/Augmented/Happy/165.wav,indian_english,indian_happy_165
846,happy,data/indian_english/Augmented/Happy/166.wav,indian_english,indian_happy_166
847,happy,data/indian_english/Augmented/Happy/167.wav,indian_english,indian_happy_167
848,happy,data/indian_english/Augmented/Happy/168.wav,indian_english,indian_happy_168
849,happy,data/indian_english/Augmented/Happy/169.wav,indian_english,indian_happy_169
850,happy,data/indian_english/Augmented/Happy/170.wav,indian_english,indian_happy_170
851,happy,data/indian_english/Augmented/Happy/171.wav,indian_english,indian_happy_171
852,happy,data/indian_english/Augmented/Happy/172.wav,indian_english,indian_happy_172
853,happy,data/indian_english/Augmented/Happy/173.wav,indian_english,indian_happy_173
854,happy,data/indian_english/Augmented/Happy/174.wav,indian_english,indian_happy_174
855,happy,data/indian_english/Augmented/Happy/175.wav,indian_english,indian_happy_175
856,happy,data/indian_english/Augmented/Happy/176.wav,indian_english,indian_happy_176
857,happy,data/indian_english/Augmented/Happy/177.wav,indian_english,indian_happy_177
858,happy,data/indian_english/Augmented/Happy/178.wav,indian_english,indian_happy_178
859,happy,data/indian_english/Augmented/Happy/179.wav,indian_english,indian_happy_179
860,happy,data/indian_english/Augmented/Happy/180.wav,indian_english,indian_happy_180
861,happy,data/indian_english/Augmented/Happy/181.wav,indian_english,indian_happy_181
862,happy,data/indian_english/Augmented/Happy/182.wav,indian_english,indian_happy_182
863,happy,data/indian_english/Augmented/Happy/183.wav,indian_english,indian_happy_183
864,happy,data/indian_english/Augmented/Happy/184.wav,indian_english,indian_happy_184
865,happy,data/indian_english/Augmented/Happy/185.wav,indian_english,indian_happy_185
866,happy,data/indian_english/Augmented/Happy/186.wav,indian_english,indian_happy_186
867,happy,data/indian_english/Augmented/Happy/187.wav,indian_english,indian_happy_187
868,happy,data/indian_english/Augmented/Happy/188.wav,indian_english,indian_happy_188
869,happy,data/indian_english/Augmented/Happy/189.wav,indian_english,indian_happy_189
870,happy,data/indian_english/Augmented/Happy/190.wav,indian_english,indian_happy_190
871,happy,data/indian_english/Augmented/Happy/191.wav,indian_english,indian_happy_191
872,happy,data/indian_english/Augmented/Happy/192.wav,indian_english,indian_happy_192
873,happy,data/indian_english/Augmented/Happy/193.wav,indian_english,indian_happy_193
874,happy,data/indian_english/Augmented/Happy/194.wav,indian_english,indian_happy_194
875,happy,data/indian_english/Augmented/Happy/195.wav,indian_english,indian_happy_195
876,happy,data/indian_english/Augmented/Happy/196.wav,indian_english,indian_happy_196
877,happy,data/indian_english/Augmented/Happy/197.wav,indian_english,indian_happy_197
878,happy,data/indian_english/Augmented/Happy/198.wav,indian_english,indian_happy_198
879,happy,data/indian_english/Augmented/Happy/199.wav,indian_english,indian_happy_199
880,happy,data/indian_english/Augmented/Happy/200.wav,indian_english,indian_happy_200
881,happy,data/indian_english/Augmented/Happy/201.wav,indian_english,indian_happy_201
882,happy,data/indian_english/Augmented/Happy/202.wav,indian_english,indian_happy_202
883,happy,data/indian_english/Augmented/Happy/203.wav,indian_english,indian_happy_203
884,happy,data/indian_english/Augmented/Happy/204.wav,indian_english,indian_happy_204
885,happy,data/indian_english/Augmented/Happy/205.wav,indian_english,indian_happy_205
886,happy,data/indian_english/Augmented/Happy/206.wav,indian_english,indian_happy_206
887,happy,data/indian_english/Augmented/Happy/207.wav,indian_english,indian_happy_207
888,happy,data/indian_english/Augmented/Happy/208.wav,indian_english,indian_happy_208
889,happy,data/indian_english/Augmented/Happy/209.wav,indian_english,indian_happy_209
890,happy,data/indian_english/Augmented/Happy/210.wav,indian_english,indian_happy_210
891,happy,data/indian_english/Augmented/Happy/211.wav,indian_english,indian_happy_211
892,happy,data/indian_english/Augmented/Happy/212.wav,indian_english,indian_happy_212
893,happy,data/indian_english/Augmented/Happy/213.wav,indian_english,indian_happy_213
894,happy,data/indian_english/Augmented/Happy/214.wav,indian_english,indian_happy_214
895,happy,data/indian_english/Augmented/Happy/215.wav,indian_english,indian_happy_215
896,happy,data/indian_english/Augmented/Happy/216.wav,indian_english,indian_happy_216
897,happy,data/indian_english/Augmented/Happy/217.wav,indian_english,indian_happy_217
898,happy,data/indian_english/Augmented/Happy/218.wav,indian_english,indian_happy_218
899,happy,data/indian_english/Augmented/Happy/219.wav,indian_english,indian_happy_219
900,happy,data/indian_english/Augmented/Happy/220.wav,indian_english,indian_happy_220
901,happy,data/indian_english/Augmented/Happy/221.wav,indian_english,indian_happy_221
902,happy,data/indian_english/Augmented/Happy/222.wav,indian_english,indian_happy_222
903,happy,data/indian_english/Augmented/Happy/223.wav,indian_english,indian_happy_223
904,happy,data/indian_english/Augmented/Happy/224.wav,indian_english,indian_happy_224
905,happy,data/indian_english/Augmented/Happy/225.wav,indian_english,indian_happy_225
906,happy,data/indian_english/Augmented/Happy/226.wav,indian_english,indian_happy_226
907,happy,data/indian_english/Augmented/Happy/227.wav,indian_english,indian_happy_227
908,happy,data/indian_english/Augmented/Happy/228.wav,indian_english,indian_happy_228
909,happy,data/indian_english/Augmented/Happy/229.wav,indian_english,indian_happy_229
910,happy,data/indian_english/Augmented/Happy/230.wav,indian_english,indian_happy_230
911,happy,data/indian_english/Augmented/Happy/231.wav,indian_english,indian_happy_231
912,happy,data/indian_english/Augmented/Happy/232.wav,indian_english,indian_happy_232
913,happy,data/indian_english/Augmented/Happy/233.wav,indian_english,indian_happy_233
914,happy,data/indian_english/Augmented/Happy/234.wav,indian_english,indian_happy_234
915,happy,data/indian_english/Augmented/Happy/235.wav,indian_english,indian_happy_235
916,happy,data/indian_english/Augmented/Happy/236.wav,indian_english,indian_happy_236
917,happy,data/indian_english/Augmented/Happy/237.wav,indian_english,indian_happy_237
918,happy,data/indian_english/Augmented/Happy/238.wav,indian_english,indian_happy_238
919,happy,data/indian_english/Augmented/Happy/239.wav,indian_english,indian_happy_239
920,happy,data/indian_english/Augmented/Happy/240.wav,indian_english,indian_happy_240
921,happy,data/indian_english/Augmented/Happy/241.wav,indian_english,indian_happy_241
922,happy,data/indian_english/Augmented/Happy/242.wav,indian_english,indian_happy_242
923,happy,data/indian_english/Augmented/Happy/243.wav,indian_english,indian_happy_243
924,happy,data/indian_english/Augmented/Happy/244.wav,indian_english,indian_happy_244
925,happy,data/indian_english/Augmented/Happy/245.wav,indian_english,indian_happy_245
926,happy,data/indian_english/Augmented/Happy/246.wav,indian_english,indian_happy_246
927,happy,data/indian_english/Augmented/Happy/247.wav,indian_english,indian_happy_247
928,happy,data/indian_english/Augmented/Happy/248.wav,indian_english,indian_happy_248
929,happy,data/indian_english/Augmented/Happy/249.wav,indian_english,indian_happy_249
930,happy,data/indian_english/Augmented/Happy/250.wav,indian_english,indian_happy_250
931,happy,data/indian_english/Augmented/Happy/251.wav,indian_english,indian_happy_251
932,happy,data/indian_english/Augmented/Happy/252.wav,indian_english,indian_happy_252
933,happy,data/indian_english/Augmented/Happy/253.wav,indian_english,indian_happy_253
934,happy,data/indian_english/Augmented/Happy/254.wav,indian_english,indian_happy_254
935,happy,data/indian_english/Augmented/Happy/255.wav,indian_english,indian_happy_255
936,happy,data/indian_english/Augmented/Happy/256.wav,indian_english,indian_happy_256
937,happy,data/indian_english/Augmented/Happy/257.wav,indian_english,indian_happy_257
938,happy,data/indian_english/Augmented/Happy/258.wav,indian_english,indian_happy_258
939,happy,data/indian_english/Augmented/Happy/259.wav,indian_english,indian_happy_259
940,happy,data/indian_english/Augmented/Happy/260.wav,indian_english,indian_happy_260
941,happy,data/indian_english/Augmented/Happy/261.wav,indian_english,indian_happy_261
942,happy,data/indian_english/Augmented/Happy/262.wav,indian_english,indian_happy_262
943,happy,data/indian_english/Augmented/Happy/263.wav,indian_english,indian_happy_263
944,happy,data/indian_english/Augmented/Happy/264.wav,indian_english,indian_happy_264
945,happy,data/indian_english/Augmented/Happy/265.wav,indian_english,indian_happy_265
946,happy,data/indian_english/Augmented/Happy/266.wav,indian_english,indian_happy_266
947,happy,data/indian_english/Augmented/Happy/267.wav,indian_english,indian_happy_267
948,happy,data/indian_english/Augmented/Happy/268.wav,indian_english,indian_happy_268
949,happy,data/indian_english/Augmented/Happy/269.wav,indian_english,indian_happy_269
950,happy,data/indian_english/Augmented/Happy/270.wav,indian_english,indian_happy_270
951,happy,data/indian_english/Augmented/Happy/271.wav,indian_english,indian_happy_271
952,happy,data/indian_english/Augmented/Happy/272.wav,indian_english,indian_happy_272
953,happy,data/indian_english/Augmented/Happy/273.wav,indian_english,indian_happy_273
954,happy,data/indian_english/Augmented/Happy/274.wav,indian_english,indian_happy_274
955,happy,data/indian_english/Augmented/Happy/275.wav,indian_english,indian_happy_275
956,happy,data/indian_english/Augmented/Happy/276.wav,indian_english,indian_happy_276
957,happy,data/indian_english/Augmented/Happy/277.wav,indian_english,indian_happy_277
958,happy,data/indian_english/Augmented/Happy/278.wav,indian_english,indian_happy_278
959,happy,data/indian_english/Augmented/Happy/279.wav,indian_english,indian_happy_279
960,happy,data/indian_english/Augmented/Happy/280.wav,indian_english,indian_happy_280
961,happy,data/indian_english/Augmented/Happy/281.wav,indian_english,indian_happy_281
962,happy,data/indian_english/Augmented/Happy/282.wav,indian_english,indian_happy_282
963,happy,data/indian_english/Augmented/Happy/283.wav,indian_english,indian_happy_283
964,happy,data/indian_english/Augmented/Happy/284.wav,indian_english,indian_happy_284
965,happy,data/indian_english/Augmented/Happy/285.wav,indian_english,indian_happy_285
966,happy,data/indian_english/Augmented/Happy/286.wav,indian_english,indian_happy_286
967,happy,data/indian_english/Augmented/Happy/287.wav,indian_english,indian_happy_287
968,happy,data/indian_english/Augmented/Happy/288.wav,indian_english,indian_happy_288
969,happy,data/indian_english/Augmented/Happy/289.wav,indian_english,indian_happy_289
970,happy,data/indian_english/Augmented/Happy/290.wav,indian_english,indian_happy_290
971,happy,data/indian_english/Augmented/Happy/291.wav,indian_english,indian_happy_291
972,happy,data/indian_english/Augmented/Happy/292.wav,indian_english,indian_happy_292
973,happy,data/indian_english/Augmented/Happy/293.wav,indian_english,indian_happy_293
974,happy,data/indian_english/Augmented/Happy/294.wav,indian_english,indian_happy_294
975,happy,data/indian_english/Augmented/Happy/295.wav,indian_english,indian_happy_295
976,happy,data/indian_english/Augmented/Happy/296.wav,indian_english,indian_happy_296
977,happy,data/indian_english/Augmented/Happy/297.wav,indian_english,indian_happy_297
978,happy,data/indian_english/Augmented/Happy/298.wav,indian_english,indian_happy_298
979,happy,data/indian_english/Augmented/Happy/299.wav,indian_english,indian_happy_299
980,happy,data/indian_english/Augmented/Happy/300.wav,indian_english,indian_happy_300
981,happy,data/indian_english/Augmented/Happy/301.wav,indian_english,indian_happy_301
982,happy,data/indian_english/Augmented/Happy/302.wav,indian_english,indian_happy_302
983,happy,data/indian_english/Augmented/Happy/303.wav,indian_english,indian_happy_303
984,happy,data/indian_english/Augmented/Happy/304.wav,indian_english,indian_happy_304
985,happy,data/indian_english/Augmented/Happy/305.wav,indian_english,indian_happy_305
986,happy,data/indian_english/Augmented/Happy/306.wav,indian_english,indian_happy_306
987,happy,data/indian_english/Augmented/Happy/307.wav,indian_english,indian_happy_307
988,happy,data/indian_english/Augmented/Happy/308.wav,indian_english,indian_happy_308
989,happy,data/indian_english/Augmented/Happy/309.wav,indian_english,indian_happy_309
990,happy,data/indian_english/Augmented/Happy/310.wav,indian_english,indian_happy_310
991,happy,data/indian_english/Augmented/Happy/311.wav,indian_english,indian_happy_311
992,happy,data/indian_english/Augmented/Happy/312.wav,indian_english,indian_happy_312
993,happy,data/indian_english/Augmented/Happy/313.wav,indian_english,indian_happy_313
994,happy,data/indian_english/Augmented/Happy/314.wav,indian_english,indian_happy_314
995,happy,data/indian_english/Augmented/Happy/315.wav,indian_english,indian_happy_315
996,happy,data/indian_english/Augmented/Happy/316.wav,indian_english,indian_happy_316
997,happy,data/indian_english/Augmented/Happy/317.wav,indian_english,indian_happy_317
998,happy,data/indian_english/Augmented/Happy/318.wav,indian_english,indian_happy_318
999,happy,data/indian_english/Augmented/Happy/319.wav,indian_english,indian_happy_319
1000,happy,data/indian_english/Augmented/Happy/320.wav,indian_english,indian_happy_320
1001,happy,data/indian_english/Augmented/Happy/321.wav,indian_english,indian_happy_321
1002,happy,data/indian_english/Augmented/Happy/322.wav,indian_english,indian_happy_322
1003,happy,data/indian_english/Augmented/Happy/323.wav,indian_english,indian_happy_323
1004,happy,data/indian_english/Augmented/Happy/324.wav,indian_english,indian_happy_324
1005,happy,data/indian_english/Augmented/Happy/325.wav,indian_english,indian_happy_325
1006,happy,data/indian_english/Augmented/Happy/326.wav,indian_english,indian_happy_326
1007,happy,data/indian_english/Augmented/Happy/327.wav,indian_english,indian_happy_327
1008,happy,data/indian_english/Augmented/Happy/328.wav,indian_english,indian_happy_328
1009,happy,data/indian_english/Augmented/Happy/329.wav,indian_english,indian_happy_329
1010,happy,data/indian_english/Augmented/Happy/330.wav,indian_english,indian_happy_330
1011,happy,data/indian_english/Augmented/Happy/331.wav,indian_english,indian_happy_331
1012,happy,data/indian_english/Augmented/Happy/332.wav,indian_english,indian_happy_332
1013,happy,data/indian_english/Augmented/Happy/333.wav,indian_english,indian_happy_333
1014,happy,data/indian_english/Augmented/Happy/334.wav,indian_english,indian_happy_334
1015,happy,data/indian_english/Augmented/Happy/335.wav,indian_english,indian_happy_335
1016,happy,data/indian_english/Augmented/Happy/336.wav,indian_english,indian_happy_336
1017,happy,data/indian_english/Augmented/Happy/337.wav,indian_english,indian_happy_337
1018,happy,data/indian_english/Augmented/Happy/338.wav,indian_english,indian_happy_338
1019,happy,data/indian_english/Augmented/Happy/339.wav,indian_english,indian_happy_339
1020,happy,data/indian_english/Augmented/Happy/340.wav,indian_english,indian_happy_340
1021,happy,data/indian_english/Augmented/Happy/341.wav,indian_english,indian_happy_341
1022,happy,data/indian_english/Augmented/Happy/342.wav,indian_english,indian_happy_342
1023,happy,data/indian_english/Augmented/Happy/343.wav,indian_english,indian_happy_343
1024,happy,data/indian_english/Augmented/Happy/344.wav,indian_english,indian_happy_344
1025,happy,data/indian_english/Augmented/Happy/345.wav,indian_english,indian_happy_345
1026,happy,data/indian_english/Augmented/Happy/346.wav,indian_english,indian_happy_346
1027,happy,data/indian_english/Augmented/Happy/347.wav,indian_english,indian_happy_347
1028,happy,data/indian_english/Augmented/Happy/348.wav,indian_english,indian_happy_348
1029,happy,data/indian_english/Augmented/Happy/349.wav,indian_english,indian_happy_349
1030,happy,data/indian_english/Augmented/Happy/350.wav,indian_english,indian_happy_350
1031,happy,data/indian_english/Augmented/Happy/351.wav,indian_english,indian_happy_351
1032,happy,data/indian_english/Augmented/Happy/352.wav,indian_english,indian_happy_352
1033,happy,data/indian_english/Augmented/Happy/353.wav,indian_english,indian_happy_353
1034,happy,data/indian_english/Augmented/Happy/354.wav,indian_english,indian_happy_354
1035,happy,data/indian_english/Augmented/Happy/355.wav,indian_english,indian_happy_355
1036,happy,data/indian_english/Augmented/Happy/356.wav,indian_english,indian_happy_356
1037,happy,data/indian_english/Augmented/Happy/357.wav,indian_english,indian_happy_357
1038,happy,data/indian_english/Augmented/Happy/358.wav,indian_english,indian_happy_358
1039,happy,data/indian_english/Augmented/Happy/359.wav,indian_english,indian_happy_359
1040,happy,data/indian_english/Augmented/Happy/360.wav,indian_english,indian_happy_360
1041,happy,data/indian_english/Augmented/Happy/361.wav,indian_english,indian_happy_361
1042,happy,data/indian_english/Augmented/Happy/362.wav,indian_english,indian_happy_362
1043,happy,data/indian_english/Augmented/Happy/363.wav,indian_english,indian_happy_363
1044,happy,data/indian_english/Augmented/Happy/364.wav,indian_english,indian_happy_364
1045,happy,data/indian_english/Augmented/Happy/365.wav,indian_english,indian_happy_365
1046,happy,data/indian_english/Augmented/Happy/366.wav,indian_english,indian_happy_366
1047,happy,data/indian_english/Augmented/Happy/367.wav,indian_english,indian_happy_367
1048,happy,data/indian_english/Augmented/Happy/368.wav,indian_english,indian_happy_368
1049,happy,data/indian_english/Augmented/Happy/369.wav,indian_english,indian_happy_369
1050,happy,data/indian_english/Augmented/Happy/370.wav,indian_english,indian_happy_370
1051,happy,data/indian_english/Augmented/Happy/371.wav,indian_english,indian_happy_371
1052,happy,data/indian_english/Augmented/Happy/372.wav,indian_english,indian_happy_372
1053,happy,data/indian_english/Augmented/Happy/373.wav,indian_english,indian_happy_373
1054,happy,data/indian_english/Augmented/Happy/374.wav,indian_english,indian_happy_374
1055,happy,data/indian_english/Augmented/Happy/375.wav,indian_english,indian_happy_375
1056,happy,data/indian_english/Augmented/Happy/376.wav,indian_english,indian_happy_376
1057,happy,data/indian_english/Augmented/Happy/377.wav,indian_english,indian_happy_377
1058,happy,data/indian_english/Augmented/Happy/378.wav,indian_english,indian_happy_378
1059,happy,data/indian_english/Augmented/Happy/379.wav,indian_english,indian_happy_379
1060,happy,data/indian_english/Augmented/Happy/380.wav,indian_english,indian_happy_380
1061,happy,data/indian_english/Augmented/Happy/381.wav,indian_english,indian_happy_381
1062,happy,data/indian_english/Augmented/Happy/382.wav,indian_english,indian_happy_382
1063,happy,data/indian_english/Augmented/Happy/383.wav,indian_english,indian_happy_383
1064,happy,data/indian_english/Augmented/Happy/384.wav,indian_english,indian_happy_384
1065,happy,data/indian_english/Augmented/Happy/385.wav,indian_english,indian_happy_385
1066,happy,data/indian_english/Augmented/Happy/386.wav,indian_english,indian_happy_386
1067,happy,data/indian_english/Augmented/Happy/387.wav,indian_english,indian_happy_387
1068,happy,data/indian_english/Augmented/Happy/388.wav,indian_english,indian_happy_388
1069,happy,data/indian_english/Augmented/Happy/389.wav,indian_english,indian_happy_389
1070,happy,data/indian_english/Augmented/Happy/390.wav,indian_english,indian_happy_390
1071,happy,data/indian_english/Augmented/Happy/391.wav,indian_english,indian_happy_391
1072,happy,data/indian_english/Augmented/Happy/392.wav,indian_english,indian_happy_392
1073,happy,data/indian_english/Augmented/Happy/393.wav,indian_english,indian_happy_393
1074,happy,data/indian_english/Augmented/Happy/394.wav,indian_english,indian_happy_394
1075,happy,data/indian_english/Augmented/Happy/395.wav,indian_english,indian_happy_395
1076,happy,data/indian_english/Augmented/Happy/396.wav,indian_english,indian_happy_396
1077,happy,data/indian_english/Augmented/Happy/397.wav,indian_english,indian_happy_397
1078,happy,data/indian_english/Augmented/Happy/398.wav,indian_english,indian_happy_398
1079,happy,data/indian_english/Augmented/Happy/399.wav,indian_english,indian_happy_399
1080,happy,data/indian_english/Augmented/Happy/400.wav,indian_english,indian_happy_400
1081,happy,data/indian_english/Augmented/Happy/401.wav,indian_english,indian_happy_401
1082,happy,data/indian_english/Augmented/Happy/402.wav,indian_english,indian_happy_402
1083,happy,data/indian_english/Augmented/Happy/403.wav,indian_english,indian_happy_403
1084,happy,data/indian_english/Augmented/Happy/404.wav,indian_english,indian_happy_404
1085,happy,data/indian_english/Augmented/Happy/405.wav,indian_english,indian_happy_405
1086,happy,data/indian_english/Augmented/Happy/406.wav,indian_english,indian_happy_406
1087,happy,data/indian_english/Augmented/Happy/407.wav,indian_english,indian_happy_407
1088,happy,data/indian_english/Augmented/Happy/408.wav,indian_english,indian_happy_408
1089,happy,data/indian_english/Augmented/Happy/409.wav,indian_english,indian_happy_409
1090,happy,data/indian_english/Augmented/Happy/410.wav,indian_english,indian_happy_410
1091,happy,data/indian_english/Augmented/Happy/411.wav,indian_english,indian_happy_411
1092,happy,data/indian_english/Augmented/Happy/412.wav,indian_english,indian_happy_412
1093,happy,data/indian_english/Augmented/Happy/413.wav,indian_english,indian_happy_413
1094,happy,data/indian_english/Augmented/Happy/414.wav,indian_english,indian_happy_414
1095,happy,data/indian_english/Augmented/Happy/415.wav,indian_english,indian_happy_415
1096,happy,data/indian_english/Augmented/Happy/416.wav,indian_english,indian_happy_416
1097,happy,data/indian_english/Augmented/Happy/417.wav,indian_english,indian_happy_417
1098,happy,data/indian_english/Augmented/Happy/418.wav,indian_english,indian_happy_418
1099,happy,data/indian_english/Augmented/Happy/419.wav,indian_english,indian_happy_419
1100,happy,data/indian_english/Augmented/Happy/420.wav,indian_english,indian_happy_420
1101,happy,data/indian_english/Augmented/Happy/421.wav,indian_english,indian_happy_421
1102,happy,data/indian_english/Augmented/Happy/422.wav,indian_english,indian_happy_422
1103,happy,data/indian_english/Augmented/Happy/423.wav,indian_english,indian_happy_423
1104,happy,data/indian_english/Augmented/Happy/424.wav,indian_english,indian_happy_424
1105,happy,data/indian_english/Augmented/Happy/425.wav,indian_english,indian_happy_425
1106,happy,data/indian_english/Augmented/Happy/426.wav,indian_english,indian_happy_426
1107,happy,data/indian_english/Augmented/Happy/427.wav,indian_english,indian_happy_427
1108,happy,data/indian_english/Augmented/Happy/428.wav,indian_english,indian_happy_428
1109,happy,data/indian_english/Augmented/Happy/429.wav,indian_english,indian_happy_429
1110,happy,data/indian_english/Augmented/Happy/430.wav,indian_english,indian_happy_430
1111,happy,data/indian_english/Augmented/Happy/431.wav,indian_english,indian_happy_431
1112,happy,data/indian_english/Augmented/Happy/432.wav,indian_english,indian_happy_432
1113,happy,data/indian_english/Augmented/Happy/433.wav,indian_english,indian_happy_433
1114,happy,data/indian_english/Augmented/Happy/434.wav,indian_english,indian_happy_434
1115,happy,data/indian_english/Augmented/Happy/435.wav,indian_english,indian_happy_435
1116,happy,data/indian_english/Augmented/Happy/436.wav,indian_english,indian_happy_436
1117,happy,data/indian_english/Augmented/Happy/437.wav,indian_english,indian_happy_437
1118,happy,data/indian_english/Augmented/Happy/438.wav,indian_english,indian_happy_438
1119,happy,data/indian_english/Augmented/Happy/439.wav,indian_english,indian_happy_439
1120,happy,data/indian_english/Augmented/Happy/440.wav,indian_english,indian_happy_440
1121,happy,data/indian_english/Augmented/Happy/441.wav,indian_english,indian_happy_441
1122,happy,data/indian_english/Augmented/Happy/442.wav,indian_english,indian_happy_442
1123,happy,data/indian_english/Augmented/Happy/443.wav,indian_english,indian_happy_443
1124,happy,data/indian_english/Augmented/Happy/444.wav,indian_english,indian_happy_444
1125,happy,data/indian_english/Augmented/Happy/445.wav,indian_english,indian_happy_445
1126,happy,data/indian_english/Augmented/Happy/446.wav,indian_english,indian_happy_446
1127,happy,data/indian_english/Augmented/Happy/447.wav,indian_english,indian_happy_447
1128,happy,data/indian_english/Augmented/Happy/448.wav,indian_english,indian_happy_448
1129,happy,data/indian_english/Augmented/Happy/449.wav,indian_english,indian_happy_449
1130,happy,data/indian_english/Augmented/Happy/450.wav,indian_english,indian_happy_450
1131,happy,data/indian_english/Augmented/Happy/451.wav,indian_english,indian_happy_451
1132,happy,data/indian_english/Augmented/Happy/452.wav,indian_english,indian_happy_452
1133,happy,data/indian_english/Augmented/Happy/453.wav,indian_english,indian_happy_453
1134,happy,data/indian_english/Augmented/Happy/454.wav,indian_english,indian_happy_454
1135,happy,data/indian_english/Augmented/Happy/455.wav,indian_english,indian_happy_455
1136,happy,data/indian_english/Augmented/Happy/456.wav,indian_english,indian_happy_456
1137,happy,data/indian_english/Augmented/Happy/457.wav,indian_english,indian_happy_457
1138,happy,data/indian_english/Augmented/Happy/458.wav,indian_english,indian_happy_458
1139,happy,data/indian_english/Augmented/Happy/459.wav,indian_english,indian_happy_459
1140,happy,data/indian_english/Augmented/Happy/460.wav,indian_english,indian_happy_460
1141,happy,data/indian_english/Augmented/Happy/461.wav,indian_english,indian_happy_461
1142,happy,data/indian_english/Augmented/Happy/462.wav,indian_english,indian_happy_462
1143,happy,data/indian_english/Augmented/Happy/463.wav,indian_english,indian_happy_463
1144,happy,data/indian_english/Augmented/Happy/464.wav,indian_english,indian_happy_464
1145,happy,data/indian_english/Augmented/Happy/465.wav,indian_english,indian_happy_465
1146,happy,data/indian_english/Augmented/Happy/466.wav,indian_english,indian_happy_466
1147,happy,data/indian_english/Augmented/Happy/467.wav,indian_english,indian_happy_467
1148,happy,data/indian_english/Augmented/Happy/468.wav,indian_english,indian_happy_468
1149,happy,data/indian_english/Augmented/Happy/469.wav,indian_english,indian_happy_469
1150,happy,data/indian_english/Augmented/Happy/470.wav,indian_english,indian_happy_470
1151,happy,data/indian_english/Augmented/Happy/471.wav,indian_english,indian_happy_471
1152,happy,data/indian_english/Augmented/Happy/472.wav,indian_english,indian_happy_472
1153,happy,data/indian_english/Augmented/Happy/473.wav,indian_english,indian_happy_473
1154,happy,data/indian_english/Augmented/Happy/474.wav,indian_english,indian_happy_474
1155,happy,data/indian_english/Augmented/Happy/475.wav,indian_english,indian_happy_475
1156,happy,data/indian_english/Augmented/Happy/476.wav,indian_english,indian_happy_476
1157,happy,data/indian_english/Augmented/Happy/477.wav,indian_english,indian_happy_477
1158,happy,data/indian_english/Augmented/Happy/478.wav,indian_english,indian_happy_478
1159,happy,data/indian_english/Augmented/Happy/479.wav,indian_english,indian_happy_479
1160,happy,data/indian_english/Augmented/Happy/480.wav,indian_english,indian_happy_480
1161,happy,data/indian_english/Augmented/Happy/481.wav,indian_english,indian_happy_481
1162,happy,data/indian_english/Augmented/Happy/482.wav,indian_english,indian_happy_482
1163,happy,data/indian_english/Augmented/Happy/483.wav,indian_english,indian_happy_483
1164,happy,data/indian_english/Augmented/Happy/484.wav,indian_english,indian_happy_484
1165,happy,data/indian_english/Augmented/Happy/485.wav,indian_english,indian_happy_485
1166,happy,data/indian_english/Augmented/Happy/486.wav,indian_english,indian_happy_486
1167,happy,data/indian_english/Augmented/Happy/487.wav,indian_english,indian_happy_487
1168,happy,data/indian_english/Augmented/Happy/488.wav,indian_english,indian_happy_488
1169,happy,data/indian_english/Augmented/Happy/489.wav,indian_english,indian_happy_489
1170,happy,data/indian_english/Augmented/Happy/490.wav,indian_english,indian_happy_490
1171,happy,data/indian_english/Augmented/Happy/491.wav,indian_english,indian_happy_491
1172,happy,data/indian_english/Augmented/Happy/492.wav,indian_english,indian_happy_492
1173,happy,data/indian_english/Augmented/Happy/493.wav,indian_english,indian_happy_493
1174,happy,data/indian_english/Augmented/Happy/494.wav,indian_english,indian_happy_494
1175,happy,data/indian_english/Augmented/Happy/495.wav,indian_english,indian_happy_495
1176,happy,data/indian_english/Augmented/Happy/496.wav,indian_english,indian_happy_496
1177,happy,data/indian_english/Augmented/Happy/497.wav,indian_english,indian_happy_497
1178,happy,data/indian_english/Augmented/Happy/498.wav,indian_english,indian_happy_498
1179,happy,data/indian_english/Augmented/Happy/499.wav,indian_english,indian_happy_499
1180,happy,data/indian_english/Augmented/Happy/500.wav,indian_english,indian_happy_500
1181,happy,data/indian_english/Augmented/Happy/501.wav,indian_english,indian_happy_501
1182,happy,data/indian_english/Augmented/Happy/502.wav,indian_english,indian_happy_502
1183,happy,data/indian_english/Augmented/Happy/503.wav,indian_english,indian_happy_503
1184,happy,data/indian_english/Augmented/Happy/504.wav,indian_english,indian_happy_504
1185,happy,data/indian_english/Augmented/Happy/505.wav,indian_english,indian_happy_505
1186,happy,data/indian_english/Augmented/Happy/506.wav,indian_english,indian_happy_506
1187,happy,data/indian_english/Augmented/Happy/507.wav,indian_english,indian_happy_507
1188,happy,data/indian_english/Augmented/Happy/508.wav,indian_english,indian_happy_508
1189,happy,data/indian_english/Augmented/Happy/509.wav,indian_english,indian_happy_509
1190,happy,data/indian_english/Augmented/Happy/510.wav,indian_english,indian_happy_510
1191,happy,data/indian_english/Augmented/Happy/511.wav,indian_english,indian_happy_511
1192,happy,data/indian_english/Augmented/Happy/512.wav,indian_english,indian_happy_512
1193,happy,data/indian_english/Augmented/Happy/513.wav,indian_english,indian_happy_513
1194,happy,data/indian_english/Augmented/Happy/514.wav,indian_english,indian_happy_514
1195,happy,data/indian_english/Augmented/Happy/515.wav,indian_english,indian_happy_515
1196,happy,data/indian_english/Augmented/Happy/516.wav,indian_english,indian_happy_516
1197,happy,data/indian_english/Augmented/Happy/517.wav,indian_english,indian_happy_517
1198,happy,data/indian_english/Augmented/Happy/518.wav,indian_english,indian_happy_518
1199,happy,data/indian_english/Augmented/Happy/519.wav,indian_english,indian_happy_519
1200,happy,data/indian_english/Augmented/Happy/520.wav,indian_english,indian_happy_520
1201,happy,data/indian_english/Augmented/Happy/521.wav,indian_english,indian_happy_521
1202,happy,data/indian_english/Augmented/Happy/522.wav,indian_english,indian_happy_522
1203,happy,data/indian_english/Augmented/Happy/523.wav,indian_english,indian_happy_523
1204,happy,data/indian_english/Augmented/Happy/524.wav,indian_english,indian_happy_524
1205,happy,data/indian_english/Augmented/Happy/525.wav,indian_english,indian_happy_525
1206,happy,data/indian_english/Augmented/Happy/526.wav,indian_english,indian_happy_526
1207,happy,data/indian_english/Augmented/Happy/527.wav,indian_english,indian_happy_527
1208,happy,data/indian_english/Augmented/Happy/528.wav,indian_english,indian_happy_528
1209,happy,data/indian_english/Augmented/Happy/529.wav,indian_english,indian_happy_529
1210,happy,data/indian_english/Augmented/Happy/530.wav,indian_english,indian_happy_530
1211,happy,data/indian_english/Augmented/Happy/531.wav,indian_english,indian_happy_531
1212,happy,data/indian_english/Augmented/Happy/532.wav,indian_english,indian_happy_532
1213,happy,data/indian_english/Augmented/Happy/533.wav,indian_english,indian_happy_533
1214,happy,data/indian_english/Augmented/Happy/534.wav,indian_english,indian_happy_534
1215,happy,data/indian_english/Augmented/Happy/535.wav,indian_english,indian_happy_535
1216,happy,data/indian_english/Augmented/Happy/536.wav,indian_english,indian_happy_536
1217,happy,data/indian_english/Augmented/Happy/537.wav,indian_english,indian_happy_537
1218,happy,data/indian_english/Augmented/Happy/538.wav,indian_english,indian_happy_538
1219,happy,data/indian_english/Augmented/Happy/539.wav,indian_english,indian_happy_539
1220,happy,data/indian_english/Augmented/Happy/540.wav,indian_english,indian_happy_540
1221,happy,data/indian_english/Augmented/Happy/541.wav,indian_english,indian_happy_541
1222,happy,data/indian_english/Augmented/Happy/542.wav,indian_english,indian_happy_542
1223,happy,data/indian_english/Augmented/Happy/543.wav,indian_english,indian_happy_543
1224,happy,data/indian_english/Augmented/Happy/544.wav,indian_english,indian_happy_544
1225,happy,data/indian_english/Augmented/Happy/545.wav,indian_english,indian_happy_545
1226,happy,data/indian_english/Augmented/Happy/546.wav,indian_english,indian_happy_546
1227,happy,data/indian_english/Augmented/Happy/547.wav,indian_english,indian_happy_547
1228,happy,data/indian_english/Augmented/Happy/548.wav,indian_english,indian_happy_548
1229,happy,data/indian_english/Augmented/Happy/549.wav,indian_english,indian_happy_549
1230,happy,data/indian_english/Augmented/Happy/550.wav,indian_english,indian_happy_550
1231,happy,data/indian_english/Augmented/Happy/551.wav,indian_english,indian_happy_551
1232,happy,data/indian_english/Augmented/Happy/552.wav,indian_english,indian_happy_552
1233,happy,data/indian_english/Augmented/Happy/553.wav,indian_english,indian_happy_553
1234,happy,data/indian_english/Augmented/Happy/554.wav,indian_english,indian_happy_554
1235,happy,data/indian_english/Augmented/Happy/555.wav,indian_english,indian_happy_555
1236,happy,data/indian_english/Augmented/Happy/556.wav,indian_english,indian_happy_556
1237,happy,data/indian_english/Augmented/Happy/557.wav,indian_english,indian_happy_557
1238,happy,data/indian_english/Augmented/Happy/558.wav,indian_english,indian_happy_558
1239,happy,data/indian_english/Augmented/Happy/559.wav,indian_english,indian_happy_559
1240,happy,data/indian_english/Augmented/Happy/560.wav,indian_english,indian_happy_560
1241,happy,data/indian_english/Augmented/Happy/561.wav,indian_english,indian_happy_561
1242,happy,data/indian_english/Augmented/Happy/562.wav,indian_english,indian_happy_562
1243,happy,data/indian_english/Augmented/Happy/563.wav,indian_english,indian_happy_563
1244,happy,data/indian_english/Augmented/Happy/564.wav,indian_english,indian_happy_564
1245,happy,data/indian_english/Augmented/Happy/565.wav,indian_english,indian_happy_565
1246,happy,data/indian_english/Augmented/Happy/566.wav,indian_english,indian_happy_566
1247,happy,data/indian_english/Augmented/Happy/567.wav,indian_english,indian_happy_567
1248,happy,data/indian_english/Augmented/Happy/568.wav,indian_english,indian_happy_568
1249,happy,data/indian_english/Augmented/Happy/569.wav,indian_english,indian_happy_569
1250,happy,data/indian_english/Augmented/Happy/570.wav,indian_english,indian_happy_570
1251,happy,data/indian_english/Augmented/Happy/571.wav,indian_english,indian_happy_571
1252,happy,data/indian_english/Augmented/Happy/572.wav,indian_english,indian_happy_572
1253,happy,data/indian_english/Augmented/Happy/573.wav,indian_english,indian_happy_573
1254,happy,data/indian_english/Augmented/Happy/574.wav,indian_english,indian_happy_574
1255,happy,data/indian_english/Augmented/Happy/575.wav,indian_english,indian_happy_575
1256,happy,data/indian_english/Augmented/Happy/576.wav,indian_english,indian_happy_576
1257,happy,data/indian_english/Augmented/Happy/577.wav,indian_english,indian_happy_577
1258,happy,data/indian_english/Augmented/Happy/578.wav,indian_english,indian_happy_578
1259,happy,data/indian_english/Augmented/Happy/579.wav,indian_english,indian_happy_579
1260,happy,data/indian_english/Augmented/Happy/580.wav,indian_english,indian_happy_580
1261,happy,data/indian_english/Augmented/Happy/581.wav,indian_english,indian_happy_581
1262,happy,data/indian_english/Augmented/Happy/582.wav,indian_english,indian_happy_582
1263,happy,data/indian_english/Augmented/Happy/583.wav,indian_english,indian_happy_583
1264,happy,data/indian_english/Augmented/Happy/584.wav,indian_english,indian_happy_584
1265,happy,data/indian_english/Augmented/Happy/585.wav,indian_english,indian_happy_585
1266,happy,data/indian_english/Augmented/Happy/586.wav,indian_english,indian_happy_586
1267,happy,data/indian_english/Augmented/Happy/587.wav,indian_english,indian_happy_587
1268,happy,data/indian_english/Augmented/Happy/588.wav,indian_english,indian_happy_588
1269,happy,data/indian_english/Augmented/Happy/589.wav,indian_english,indian_happy_589
1270,happy,data/indian_english/Augmented/Happy/590.wav,indian_english,indian_happy_590
1271,happy,data/indian_english/Augmented/Happy/591.wav,indian_english,indian_happy_591
1272,happy,data/indian_english/Augmented/Happy/592.wav,indian_english,indian_happy_592
1273,happy,data/indian_english/Augmented/Happy/593.wav,indian_english,indian_happy_593
1274,happy,data/indian_english/Augmented/Happy/594.wav,indian_english,indian_happy_594
1275,happy,data/indian_english/Augmented/Happy/595.wav,indian_english,indian_happy_595
1276,happy,data/indian_english/Augmented/Happy/596.wav,indian_english,indian_happy_596
1277,happy,data/indian_english/Augmented/Happy/597.wav,indian_english,indian_happy_597
1278,happy,data/indian_english/Augmented/Happy/598.wav,indian_english,indian_happy_598
1279,happy,data/indian_english/Augmented/Happy/599.wav,indian_english,indian_happy_599
1280,happy,data/indian_english/Augmented/Happy/600.wav,indian_english,indian_happy_600
1281,happy,data/indian_english/Augmented/Happy/601.wav,indian_english,indian_happy_601
1282,happy,data/indian_english/Augmented/Happy/602.wav,indian_english,indian_happy_602
1283,happy,data/indian_english/Augmented/Happy/603.wav,indian_english,indian_happy_603
1284,happy,data/indian_english/Augmented/Happy/604.wav,indian_english,indian_happy_604
1285,happy,data/indian_english/Augmented/Happy/605.wav,indian_english,indian_happy_605
1286,happy,data/indian_english/Augmented/Happy/606.wav,indian_english,indian_happy_606
1287,happy,data/indian_english/Augmented/Happy/607.wav,indian_english,indian_happy_607
1288,happy,data/indian_english/Augmented/Happy/608.wav,indian_english,indian_happy_608
1289,happy,data/indian_english/Augmented/Happy/609.wav,indian_english,indian_happy_609
1290,happy,data/indian_english/Augmented/Happy/610.wav,indian_english,indian_happy_610
1291,happy,data/indian_english/Augmented/Happy/611.wav,indian_english,indian_happy_611
1292,happy,data/indian_english/Augmented/Happy/612.wav,indian_english,indian_happy_612
1293,happy,data/indian_english/Augmented/Happy/613.wav,indian_english,indian_happy_613
1294,happy,data/indian_english/Augmented/Happy/614.wav,indian_english,indian_happy_614
1295,happy,data/indian_english/Augmented/Happy/615.wav,indian_english,indian_happy_615
1296,happy,data/indian_english/Augmented/Happy/616.wav,indian_english,indian_happy_616
1297,happy,data/indian_english/Augmented/Happy/617.wav,indian_english,indian_happy_617
1298,happy,data/indian_english/Augmented/Happy/618.wav,indian_english,indian_happy_618
1299,happy,data/indian_english/Augmented/Happy/619.wav,indian_english,indian_happy_619
1300,happy,data/indian_english/Augmented/Happy/620.wav,indian_english,indian_happy_620
1301,happy,data/indian_english/Augmented/Happy/621.wav,indian_english,indian_happy_621
1302,happy,data/indian_english/Augmented/Happy/622.wav,indian_english,indian_happy_622
1303,happy,data/indian_english/Augmented/Happy/623.wav,indian_english,indian_happy_623
1304,happy,data/indian_english/Augmented/Happy/624.wav,indian_english,indian_happy_624
1305,happy,data/indian_english/Augmented/Happy/625.wav,indian_english,indian_happy_625
1306,happy,data/indian_english/Augmented/Happy/626.wav,indian_english,indian_happy_626
1307,happy,data/indian_english/Augmented/Happy/627.wav,indian_english,indian_happy_627
1308,happy,data/indian_english/Augmented/Happy/628.wav,indian_english,indian_happy_628
1309,happy,data/indian_english/Augmented/Happy/629.wav,indian_english,indian_happy_629
1310,happy,data/indian_english/Augmented/Happy/630.wav,indian_english,indian_happy_630
1311,happy,data/indian_english/Augmented/Happy/631.wav,indian_english,indian_happy_631
1312,happy,data/indian_english/Augmented/Happy/632.wav,indian_english,indian_happy_632
1313,happy,data/indian_english/Augmented/Happy/633.wav,indian_english,indian_happy_633
1314,happy,data/indian_english/Augmented/Happy/634.wav,indian_english,indian_happy_634
1315,happy,data/indian_english/Augmented/Happy/635.wav,indian_english,indian_happy_635
1316,happy,data/indian_english/Augmented/Happy/636.wav,indian_english,indian_happy_636
1317,happy,data/indian_english/Augmented/Happy/637.wav,indian_english,indian_happy_637
1318,happy,data/indian_english/Augmented/Happy/638.wav,indian_english,indian_happy_638
1319,happy,data/indian_english/Augmented/Happy/639.wav,indian_english,indian_happy_639
1320,happy,data/indian_english/Augmented/Happy/640.wav,indian_english,indian_happy_640
1321,happy,data/indian_english/Augmented/Happy/641.wav,indian_english,indian_happy_641
1322,happy,data/indian_english/Augmented/Happy/642.wav,indian_english,indian_happy_642
1323,happy,data/indian_english/Augmented/Happy/643.wav,indian_english,indian_happy_643
1324,happy,data/indian_english/Augmented/Happy/644.wav,indian_english,indian_happy_644
1325,happy,data/indian_english/Augmented/Happy/645.wav,indian_english,indian_happy_645
1326,happy,data/indian_english/Augmented/Happy/646.wav,indian_english,indian_happy_646
1327,happy,data/indian_english/Augmented/Happy/647.wav,indian_english,indian_happy_647
1328,happy,data/indian_english/Augmented/Happy/648.wav,indian_english,indian_happy_648
1329,happy,data/indian_english/Augmented/Happy/649.wav,indian_english,indian_happy_649
1330,happy,data/indian_english/Augmented/Happy/650.wav,indian_english,indian_happy_650
1331,happy,data/indian_english/Augmented/Happy/651.wav,indian_english,indian_happy_651
1332,happy,data/indian_english/Augmented/Happy/652.wav,indian_english,indian_happy_652
1333,happy,data/indian_english/Augmented/Happy/653.wav,indian_english,indian_happy_653
1334,happy,data/indian_english/Augmented/Happy/654.wav,indian_english,indian_happy_654
1335,happy,data/indian_english/Augmented/Happy/655.wav,indian_english,indian_happy_655
1336,happy,data/indian_english/Augmented/Happy/656.wav,indian_english,indian_happy_656
1337,happy,data/indian_english/Augmented/Happy/657.wav,indian_english,indian_happy_657
1338,happy,data/indian_english/Augmented/Happy/658.wav,indian_english,indian_happy_658
1339,happy,data/indian_english/Augmented/Happy/659.wav,indian_english,indian_happy_659
1340,happy,data/indian_english/Augmented/Happy/660.wav,indian_english,indian_happy_660
1341,happy,data/indian_english/Augmented/Happy/661.wav,indian_english,indian_happy_661
1342,happy,data/indian_english/Augmented/Happy/662.wav,indian_english,indian_happy_662
1343,happy,data/indian_english/Augmented/Happy/663.wav,indian_english,indian_happy_663
1344,happy,data/indian_english/Augmented/Happy/664.wav,indian_english,indian_happy_664
1345,happy,data/indian_english/Augmented/Happy/665.wav,indian_english,indian_happy_665
1346,happy,data/indian_english/Augmented/Happy/666.wav,indian_english,indian_happy_666
1347,happy,data/indian_english/Augmented/Happy/667.wav,indian_english,indian_happy_667
1348,happy,data/indian_english/Augmented/Happy/668.wav,indian_english,indian_happy_668
1349,happy,data/indian_english/Augmented/Happy/669.wav,indian_english,indian_happy_669
1350,happy,data/indian_english/Augmented/Happy/670.wav,indian_english,indian_happy_670
1351,happy,data/indian_english/Augmented/Happy/671.wav,indian_english,indian_happy_671
1352,happy,data/indian_english/Augmented/Happy/672.wav,indian_english,indian_happy_672
1353,happy,data/indian_english/Augmented/Happy/673.wav,indian_english,indian_happy_673
1354,happy,data/indian_english/Augmented/Happy/674.wav,indian_english,indian_happy_674
1355,happy,data/indian_english/Augmented/Happy/675.wav,indian_english,indian_happy_675
1356,happy,data/indian_english/Augmented/Happy/676.wav,indian_english,indian_happy_676
1357,happy,data/indian_english/Augmented/Happy/677.wav,indian_english,indian_happy_677
1358,happy,data/indian_english/Augmented/Happy/678.wav,indian_english,indian_happy_678
1359,happy,data/indian_english/Original_dataset/Happy/001.wav,indian_english,indian_happy_001
1360,happy,data/indian_english/Original_dataset/Happy/002.wav,indian_english,indian_happy_002
1361,happy,data/indian_english/Original_dataset/Happy/003.wav,indian_english,indian_happy_003
1362,happy,data/indian_english/Original_dataset/Happy/004.wav,indian_english,indian_happy_004
1363,happy,data/indian_english/Original_dataset/Happy/005.wav,indian_english,indian_happy_005
1364,happy,data/indian_english/Original_dataset/Happy/006.wav,indian_english,indian_happy_006
1365,happy,data/indian_english/Original_dataset/Happy/007.wav,indian_english,indian_happy_007
1366,happy,data/indian_english/Original_dataset/Happy/008.wav,indian_english,indian_happy_008
1367,happy,data/indian_english/Original_dataset/Happy/009.wav,indian_english,indian_happy_009
1368,happy,data/indian_english/Original_dataset/Happy/010.wav,indian_english,indian_happy_010
1369,happy,data/indian_english/Original_dataset/Happy/011.wav,indian_english,indian_happy_011
1370,happy,data/indian_english/Original_dataset/Happy/012.wav,indian_english,indian_happy_012
1371,happy,data/indian_english/Original_dataset/Happy/013.wav,indian_english,indian_happy_013
1372,happy,data/indian_english/Original_dataset/Happy/014.wav,indian_english,indian_happy_014
1373,happy,data/indian_english/Original_dataset/Happy/015.wav,indian_english,indian_happy_015
1374,happy,data/indian_english/Original_dataset/Happy/016.wav,indian_english,indian_happy_016
1375,happy,data/indian_english/Original_dataset/Happy/017.wav,indian_english,indian_happy_017
1376,happy,data/indian_english/Original_dataset/Happy/018.wav,indian_english,indian_happy_018
1377,happy,data/indian_english/Original_dataset/Happy/019.wav,indian_english,indian_happy_019
1378,happy,data/indian_english/Original_dataset/Happy/020.wav,indian_english,indian_happy_020
1379,happy,data/indian_english/Original_dataset/Happy/021.wav,indian_english,indian_happy_021
1380,happy,data/indian_english/Original_dataset/Happy/022.wav,indian_english,indian_happy_022
1381,happy,data/indian_english/Original_dataset/Happy/023.wav,indian_english,indian_happy_023
1382,happy,data/indian_english/Original_dataset/Happy/024.wav,indian_english,indian_happy_024
1383,happy,data/indian_english/Original_dataset/Happy/025.wav,indian_english,indian_happy_025
1384,happy,data/indian_english/Original_dataset/Happy/026.wav,indian_english,indian_happy_026
1385,happy,data/indian_english/Original_dataset/Happy/027.wav,indian_english,indian_happy_027
1386,happy,data/indian_english/Original_dataset/Happy/028.wav,indian_english,indian_happy_028
1387,happy,data/indian_english/Original_dataset/Happy/029.wav,indian_english,indian_happy_029
1388,happy,data/indian_english/Original_dataset/Happy/030.wav,indian_english,indian_happy_030
1389,happy,data/indian_english/Original_dataset/Happy/031.wav,indian_english,indian_happy_031
1390,happy,data/indian_english/Original_dataset/Happy/032.wav,indian_english,indian_happy_032
1391,happy,data/indian_english/Original_dataset/Happy/033.wav,indian_english,indian_happy_033
1392,happy,data/indian_english/Original_dataset/Happy/034.wav,indian_english,indian_happy_034
1393,happy,data/indian_english/Original_dataset/Happy/035.wav,indian_english,indian_happy_035
1394,happy,data/indian_english/Original_dataset/Happy/036.wav,indian_english,indian_happy_036
1395,happy,data/indian_english/Original_dataset/Happy/037.wav,indian_english,indian_happy_037
1396,happy,data/indian_english/Original_dataset/Happy/038.wav,indian_english,indian_happy_038
1397,happy,data/indian_english/Original_dataset/Happy/039.wav,indian_english,indian_happy_039
1398,happy,data/indian_english/Original_dataset/Happy/040.wav,indian_english,indian_happy_040
1399,happy,data/indian_english/Original_dataset/Happy/041.wav,indian_english,indian_happy_041
1400,happy,data/indian_english/Original_dataset/Happy/042.wav,indian_english,indian_happy_042
1401,happy,data/indian_english/Original_dataset/Happy/043.wav,indian_english,indian_happy_043
1402,happy,data/indian_english/Original_dataset/Happy/044.wav,indian_english,indian_happy_044
1403,happy,data/indian_english/Original_dataset/Happy/045.wav,indian_english,indian_happy_045
1404,happy,data/indian_english/Original_dataset/Happy/046.wav,indian_english,indian_happy_046
1405,happy,data/indian_english/Original_dataset/Happy/047.wav,indian_english,indian_happy_047
1406,happy,data/indian_english/Original_dataset/Happy/048.wav,indian_english,indian_happy_048
1407,happy,data/indian_english/Original_dataset/Happy/049.wav,indian_english,indian_happy_049
1408,happy,data/indian_english/Original_dataset/Happy/050.wav,indian_english,indian_happy_050
1409,happy,data/indian_english/Original_dataset/Happy/051.wav,indian_english,indian_happy_051
1410,happy,data/indian_english/Original_dataset/Happy/052.wav,indian_english,indian_happy_052
1411,happy,data/indian_english/Original_dataset/Happy/053.wav,indian_english,indian_happy_053
1412,happy,data/indian_english/Original_dataset/Happy/054.wav,indian_english,indian_happy_054
1413,happy,data/indian_english/Original_dataset/Happy/055.wav,indian_english,indian_happy_055
1414,happy,data/indian_english/Original_dataset/Happy/056.wav,indian_english,indian_happy_056
1415,happy,data/indian_english/Original_dataset/Happy/057.wav,indian_english,indian_happy_057
1416,happy,data/indian_english/Original_dataset/Happy/058.wav,indian_english,indian_happy_058
1417,happy,data/indian_english/Original_dataset/Happy/059.wav,indian_english,indian_happy_059
1418,happy,data/indian_english/Original_dataset/Happy/060.wav,indian_english,indian_happy_060
1419,happy,data/indian_english/Original_dataset/Happy/061.wav,indian_english,indian_happy_061
1420,happy,data/indian_english/Original_dataset/Happy/062.wav,indian_english,indian_happy_062
1421,happy,data/indian_english/Original_dataset/Happy/063.wav,indian_english,indian_happy_063
1422,happy,data/indian_english/Original_dataset/Happy/064.wav,indian_english,indian_happy_064
1423,happy,data/indian_english/Original_dataset/Happy/065.wav,indian_english,indian_happy_065
1424,happy,data/indian_english/Original_dataset/Happy/066.wav,indian_english,indian_happy_066
1425,happy,data/indian_english/Original_dataset/Happy/067.wav,indian_english,indian_happy_067
1426,happy,data/indian_english/Original_dataset/Happy/068.wav,indian_english,indian_happy_068
1427,happy,data/indian_english/Original_dataset/Happy/069.wav,indian_english,indian_happy_069
1428,happy,data/indian_english/Original_dataset/Happy/070.wav,indian_english,indian_happy_070
1429,happy,data/indian_english/Original_dataset/Happy/071.wav,indian_english,indian_happy_071
1430,happy,data/indian_english/Original_dataset/Happy/072.wav,indian_english,indian_happy_072
1431,happy,data/indian_english/Original_dataset/Happy/073.wav,indian_english,indian_happy_073
1432,happy,data/indian_english/Original_dataset/Happy/074.wav,indian_english,indian_happy_074
1433,happy,data/indian_english/Original_dataset/Happy/075.wav,indian_english,indian_happy_075
1434,happy,data/indian_english/Original_dataset/Happy/076.wav,indian_english,indian_happy_076
1435,happy,data/indian_english/Original_dataset/Happy/077.wav,indian_english,indian_happy_077
1436,happy,data/indian_english/Original_dataset/Happy/078.wav,indian_english,indian_happy_078
1437,happy,data/indian_english/Original_dataset/Happy/079.wav,indian_english,indian_happy_079
1438,happy,data/indian_english/Original_dataset/Happy/080.wav,indian_english,indian_happy_080
1439,happy,data/indian_english/Original_dataset/Happy/081.wav,indian_english,indian_happy_081
1440,happy,data/indian_english/Original_dataset/Happy/082.wav,indian_english,indian_happy_082
1441,happy,data/indian_english/Original_dataset/Happy/083.wav,indian_english,indian_happy_083
1442,happy,data/indian_english/Original_dataset/Happy/084.wav,indian_english,indian_happy_084
1443,happy,data/indian_english/Original_dataset/Happy/085.wav,indian_english,indian_happy_085
1444,happy,data/indian_english/Original_dataset/Happy/086.wav,indian_english,indian_happy_086
1445,happy,data/indian_english/Original_dataset/Happy/087.wav,indian_english,indian_happy_087
1446,happy,data/indian_english/Original_dataset/Happy/088.wav,indian_english,indian_happy_088
1447,happy,data/indian_english/Original_dataset/Happy/089.wav,indian_english,indian_happy_089
1448,happy,data/indian_english/Original_dataset/Happy/090.wav,indian_english,indian_happy_090
1449,happy,data/indian_english/Original_dataset/Happy/091.wav,indian_english,indian_happy_091
1450,happy,data/indian_english/Original_dataset/Happy/092.wav,indian_english,indian_happy_092
1451,happy,data/indian_english/Original_dataset/Happy/093.wav,indian_english,indian_happy_093
1452,happy,data/indian_english/Original_dataset/Happy/094.wav,indian_english,indian_happy_094
1453,happy,data/indian_english/Original_dataset/Happy/095.wav,indian_english,indian_happy_095
1454,happy,data/indian_english/Original_dataset/Happy/096.wav,indian_english,indian_happy_096
1455,happy,data/indian_english/Original_dataset/Happy/097.wav,indian_english,indian_happy_097
1456,happy,data/indian_english/Original_dataset/Happy/098.wav,indian_english,indian_happy_098
1457,happy,data/indian_english/Original_dataset/Happy/099.wav,indian_english,indian_happy_099
1458,happy,data/indian_english/Original_dataset/Happy/100.wav,indian_english,indian_happy_100
1459,happy,data/indian_english/Original_dataset/Happy/101.wav,indian_english,indian_happy_101
1460,happy,data/indian_english/Original_dataset/Happy/102.wav,indian_english,indian_happy_102
1461,happy,data/indian_english/Original_dataset/Happy/103.wav,indian_english,indian_happy_103
1462,happy,data/indian_english/Original_dataset/Happy/104.wav,indian_english,indian_happy_104
1463,happy,data/indian_english/Original_dataset/Happy/105.wav,indian_english,indian_happy_105
1464,happy,data/indian_english/Original_dataset/Happy/106.wav,indian_english,indian_happy_106
1465,happy,data/indian_english/Original_dataset/Happy/107.wav,indian_english,indian_happy_107
1466,happy,data/indian_english/Original_dataset/Happy/108.wav,indian_english,indian_happy_108
1467,happy,data/indian_english/Original_dataset/Happy/109.wav,indian_english,indian_happy_109
1468,happy,data/indian_english/Original_dataset/Happy/110.wav,indian_english,indian_happy_110
1469,happy,data/indian_english/Original_dataset/Happy/111.wav,indian_english,indian_happy_111
1470,happy,data/indian_english/Original_dataset/Happy/112.wav,indian_english,indian_happy_112
1471,happy,data/indian_english/Original_dataset/Happy/113.wav,indian_english,indian_happy_113
1472,happy,data/indian_english/Original_dataset/Happy/114.wav,indian_english,indian_happy_114
1473,happy,data/indian_english/Original_dataset/Happy/115.wav,indian_english,indian_happy_115
1474,happy,data/indian_english/Original_dataset/Happy/116.wav,indian_english,indian_happy_116
1475,happy,data/indian_english/Original_dataset/Happy/117.wav,indian_english,indian_happy_117
1476,happy,data/indian_english/Original_dataset/Happy/118.wav,indian_english,indian_happy_118
1477,happy,data/indian_english/Original_dataset/Happy/119.wav,indian_english,indian_happy_119
1478,happy,data/indian_english/Original_dataset/Happy/120.wav,indian_english,indian_happy_120
1479,happy,data/indian_english/Original_dataset/Happy/121.wav,indian_english,indian_happy_121
1480,happy,data/indian_english/Original_dataset/Happy/122.wav,indian_english,indian_happy_122
1481,happy,data/indian_english/Original_dataset/Happy/123.wav,indian_english,indian_happy_123
1482,happy,data/indian_english/Original_dataset/Happy/124.wav,indian_english,indian_happy_124
1483,happy,data/indian_english/Original_dataset/Happy/125.wav,indian_english,indian_happy_125
1484,happy,data/indian_english/Original_dataset/Happy/126.wav,indian_english,indian_happy_126
1485,happy,data/indian_english/Original_dataset/Happy/127.wav,indian_english,indian_happy_127
1486,happy,data/indian_english/Original_dataset/Happy/128.wav,indian_english,indian_happy_128
1487,happy,data/indian_english/Original_dataset/Happy/129.wav,indian_english,indian_happy_129
1488,happy,data/indian_english/Original_dataset/Happy/130.wav,indian_english,indian_happy_130
1489,happy,data/indian_english/Original_dataset/Happy/131.wav,indian_english,indian_happy_131
1490,happy,data/indian_english/Original_dataset/Happy/132.wav,indian_english,indian_happy_132
1491,happy,data/indian_english/Original_dataset/Happy/133.wav,indian_english,indian_happy_133
1492,happy,data/indian_english/Original_dataset/Happy/134.wav,indian_english,indian_happy_134
1493,happy,data/indian_english/Original_dataset/Happy/135.wav,indian_english,indian_happy_135
1494,happy,data/indian_english/Original_dataset/Happy/136.wav,indian_english,indian_happy_136
1495,happy,data/indian_english/Original_dataset/Happy/137.wav,indian_english,indian_happy_137
1496,happy,data/indian_english/Original_dataset/Happy/138.wav,indian_english,indian_happy_138
1497,happy,data/indian_english/Original_dataset/Happy/139.wav,indian_english,indian_happy_139
1498,happy,data/indian_english/Original_dataset/Happy/140.wav,indian_english,indian_happy_140
1499,happy,data/indian_english/Original_dataset/Happy/141.wav,indian_english,indian_happy_141
1500,happy,data/indian_english/Original_dataset/Happy/142.wav,indian_english,indian_happy_142
1501,happy,data/indian_english/Original_dataset/Happy/143.wav,indian_english,indian_happy_143
1502,happy,data/indian_english/Original_dataset/Happy/144.wav,indian_english,indian_happy_144
1503,happy,data/indian_english/Original_dataset/Happy/145.wav,indian_english,indian_happy_145
1504,happy,data/indian_english/Original_dataset/Happy/146.wav,indian_english,indian_happy_146
1505,happy,data/indian_english/Original_dataset/Happy/147.wav,indian_english,indian_happy_147
1506,happy,data/indian_english/Original_dataset/Happy/148.wav,indian_english,indian_happy_148
1507,happy,data/indian_english/Original_dataset/Happy/149.wav,indian_english,indian_happy_149
1508,happy,data/indian_english/Original_dataset/Happy/150.wav,indian_english,indian_happy_150
1509,happy,data/indian_english/Original_dataset/Happy/151.wav,indian_english,indian_happy_151
1510,happy,data/indian_english/Original_dataset/Happy/152.wav,indian_english,indian_happy_152
1511,happy,data/indian_english/Original_dataset/Happy/153.wav,indian_english,indian_happy_153
1512,happy,data/indian_english/Original_dataset/Happy/154.wav,indian_english,indian_happy_154
1513,happy,data/indian_english/Original_dataset/Happy/155.wav,indian_english,indian_happy_155
1514,happy,data/indian_english/Original_dataset/Happy/156.wav,indian_english,indian_happy_156
1515,happy,data/indian_english/Original_dataset/Happy/157.wav,indian_english,indian_happy_157
1516,happy,data/indian_english/Original_dataset/Happy/158.wav,indian_english,indian_happy_158
1517,happy,data/indian_english/Original_dataset/Happy/159.wav,indian_english,indian_happy_159
1518,happy,data/indian_english/Original_dataset/Happy/160.wav,indian_english,indian_happy_160
1519,happy,data/indian_english/Original_dataset/Happy/161.wav,indian_english,indian_happy_161
1520,happy,data/indian_english/Original_dataset/Happy/162.wav,indian_english,indian_happy_162
1521,happy,data/indian_english/Original_dataset/Happy/163.wav,indian_english,indian_happy_163
1522,happy,data/indian_english/Original_dataset/Happy/164.wav,indian_english,indian_happy_164
1523,happy,data/indian_english/Original_dataset/Happy/165.wav,indian_english,indian_happy_165
1524,happy,data/indian_english/Original_dataset/Happy/166.wav,indian_english,indian_happy_166
1525,happy,data/indian_english/Original_dataset/Happy/167.wav,indian_english,indian_happy_167
1526,happy,data/indian_english/Original_dataset/Happy/168.wav,indian_english,indian_happy_168
1527,happy,data/indian_english/Original_dataset/Happy/169.wav,indian_english,indian_happy_169
1528,happy,data/indian_english/Original_dataset/Happy/170.wav,indian_english,indian_happy_170
1529,happy,data/indian_english/Original_dataset/Happy/171.wav,indian_english,indian_happy_171
1530,happy,data/indian_english/Original_dataset/Happy/172.wav,indian_english,indian_happy_172
1531,happy,data/indian_english/Original_dataset/Happy/173.wav,indian_english,indian_happy_173
1532,happy,data/indian_english/Original_dataset/Happy/174.wav,indian_english,indian_happy_174
1533,happy,data/indian_english/Original_dataset/Happy/175.wav,indian_english,indian_happy_175
1534,happy,data/indian_english/Original_dataset/Happy/176.wav,indian_english,indian_happy_176
1535,happy,data/indian_english/Original_dataset/Happy/177.wav,indian_english,indian_happy_177
1536,happy,data/indian_english/Original_dataset/Happy/178.wav,indian_english,indian_happy_178
1537,happy,data/indian_english/Original_dataset/Happy/179.wav,indian_english,indian_happy_179
1538,happy,data/indian_english/Original_dataset/Happy/180.wav,indian_english,indian_happy_180
1539,happy,data/indian_english/Original_dataset/Happy/181.wav,indian_english,indian_happy_181
1540,happy,data/indian_english/Original_dataset/Happy/182.wav,indian_english,indian_happy_182
1541,happy,data/indian_english/Original_dataset/Happy/183.wav,indian_english,indian_happy_183
1542,happy,data/indian_english/Original_dataset/Happy/184.wav,indian_english,indian_happy_184
1543,happy,data/indian_english/Original_dataset/Happy/185.wav,indian_english,indian_happy_185
1544,happy,data/indian_english/Original_dataset/Happy/186.wav,indian_english,indian_happy_186
1545,happy,data/indian_english/Original_dataset/Happy/187.wav,indian_english,indian_happy_187
1546,happy,data/indian_english/Original_dataset/Happy/188.wav,indian_english,indian_happy_188
1547,happy,data/indian_english/Original_dataset/Happy/189.wav,indian_english,indian_happy_189
1548,happy,data/indian_english/Original_dataset/Happy/190.wav,indian_english,indian_happy_190
1549,happy,data/indian_english/Original_dataset/Happy/191.wav,indian_english,indian_happy_191
1550,happy,data/indian_english/Original_dataset/Happy/192.wav,indian_english,indian_happy_192
1551,happy,data/indian_english/Original_dataset/Happy/193.wav,indian_english,indian_happy_193
1552,happy,data/indian_english/Original_dataset/Happy/194.wav,indian_english,indian_happy_194
1553,happy,data/indian_english/Original_dataset/Happy/195.wav,indian_english,indian_happy_195
1554,happy,data/indian_english/Original_dataset/Happy/196.wav,indian_english,indian_happy_196
1555,happy,data/indian_english/Original_dataset/Happy/197.wav,indian_english,indian_happy_197
1556,happy,data/indian_english/Original_dataset/Happy/198.wav,indian_english,indian_happy_198
1557,happy,data/indian_english/Original_dataset/Happy/199.wav,indian_english,indian_happy_199
1558,happy,data/indian_english/Original_dataset/Happy/200.wav,indian_english,indian_happy_200
1559,happy,data/indian_english/Original_dataset/Happy/201.wav,indian_english,indian_happy_201
1560,happy,data/indian_english/Original_dataset/Happy/202.wav,indian_english,indian_happy_202
1561,happy,data/indian_english/Original_dataset/Happy/203.wav,indian_english,indian_happy_203
1562,happy,data/indian_english/Original_dataset/Happy/204.wav,indian_english,indian_happy_204
1563,happy,data/indian_english/Original_dataset/Happy/205.wav,indian_english,indian_happy_205
1564,happy,data/indian_english/Original_dataset/Happy/206.wav,indian_english,indian_happy_206
1565,happy,data/indian_english/Original_dataset/Happy/207.wav,indian_english,indian_happy_207
1566,happy,data/indian_english/Original_dataset/Happy/208.wav,indian_english,indian_happy_208
1567,happy,data/indian_english/Original_dataset/Happy/209.wav,indian_english,indian_happy_209
1568,happy,data/indian_english/Original_dataset/Happy/210.wav,indian_english,indian_happy_210
1569,happy,data/indian_english/Original_dataset/Happy/211.wav,indian_english,indian_happy_211
1570,happy,data/indian_english/Original_dataset/Happy/212.wav,indian_english,indian_happy_212
1571,happy,data/indian_english/Original_dataset/Happy/213.wav,indian_english,indian_happy_213
1572,happy,data/indian_english/Original_dataset/Happy/214.wav,indian_english,indian_happy_214
1573,happy,data/indian_english/Original_dataset/Happy/215.wav,indian_english,indian_happy_215
1574,happy,data/indian_english/Original_dataset/Happy/216.wav,indian_english,indian_happy_216
1575,happy,data/indian_english/Original_dataset/Happy/217.wav,indian_english,indian_happy_217
1576,happy,data/indian_english/Original_dataset/Happy/218.wav,indian_english,indian_happy_218
1577,happy,data/indian_english/Original_dataset/Happy/219.wav,indian_english,indian_happy_219
1578,happy,data/indian_english/Original_dataset/Happy/220.wav,indian_english,indian_happy_220
1579,happy,data/indian_english/Original_dataset/Happy/221.wav,indian_english,indian_happy_221
1580,happy,data/indian_english/Original_dataset/Happy/222.wav,indian_english,indian_happy_222
1581,happy,data/indian_english/Original_dataset/Happy/223.wav,indian_english,indian_happy_223
1582,happy,data/indian_english/Original_dataset/Happy/224.wav,indian_english,indian_happy_224
1583,happy,data/indian_english/Original_dataset/Happy/225.wav,indian_english,indian_happy_225
1584,happy,data/indian_english/Original_dataset/Happy/226.wav,indian_english,indian_happy_226
1585,neutral,data/indian_english/Augmented/Neutral/001.wav,indian_english,indian_neutral_001
1586,neutral,data/indian_english/Augmented/Neutral/002.wav,indian_english,indian_neutral_002
1587,neutral,data/indian_english/Augmented/Neutral/003.wav,indian_english,indian_neutral_003
1588,neutral,data/indian_english/Augmented/Neutral/004.wav,indian_english,indian_neutral_004
1589,neutral,data/indian_english/Augmented/Neutral/005.wav,indian_english,indian_neutral_005
1590,neutral,data/indian_english/Augmented/Neutral/006.wav,indian_english,indian_neutral_006
1591,neutral,data/indian_english/Augmented/Neutral/007.wav,indian_english,indian_neutral_007
1592,neutral,data/indian_english/Augmented/Neutral/008.wav,indian_english,indian_neutral_008
1593,neutral,data/indian_english/Augmented/Neutral/009.wav,indian_english,indian_neutral_009
1594,neutral,data/indian_english/Augmented/Neutral/010.wav,indian_english,indian_neutral_010
1595,neutral,data/indian_english/Augmented/Neutral/011.wav,indian_english,indian_neutral_011
1596,neutral,data/indian_english/Augmented/Neutral/012.wav,indian_english,indian_neutral_012
1597,neutral,data/indian_english/Augmented/Neutral/013.wav,indian_english,indian_neutral_013
1598,neutral,data/indian_english/Augmented/Neutral/014.wav,indian_english,indian_neutral_014
1599,neutral,data/indian_english/Augmented/Neutral/015.wav,indian_english,indian_neutral_015
1600,neutral,data/indian_english/Augmented/Neutral/016.wav,indian_english,indian_neutral_016
1601,neutral,data/indian_english/Augmented/Neutral/017.wav,indian_english,indian_neutral_017
1602,neutral,data/indian_english/Augmented/Neutral/018.wav,indian_english,indian_neutral_018
1603,neutral,data/indian_english/Augmented/Neutral/019.wav,indian_english,indian_neutral_019
1604,neutral,data/indian_english/Augmented/Neutral/020.wav,indian_english,indian_neutral_020
1605,neutral,data/indian_english/Augmented/Neutral/021.wav,indian_english,indian_neutral_021
1606,neutral,data/indian_english/Augmented/Neutral/022.wav,indian_english,indian_neutral_022
1607,neutral,data/indian_english/Augmented/Neutral/023.wav,indian_english,indian_neutral_023
1608,neutral,data/indian_english/Augmented/Neutral/024.wav,indian_english,indian_neutral_024
1609,neutral,data/indian_english/Augmented/Neutral/025.wav,indian_english,indian_neutral_025
1610,neutral,data/indian_english/Augmented/Neutral/026.wav,indian_english,indian_neutral_026
1611,neutral,data/indian_english/Augmented/Neutral/027.wav,indian_english,indian_neutral_027
1612,neutral,data/indian_english/Augmented/Neutral/028.wav,indian_english,indian_neutral_028
1613,neutral,data/indian_english/Augmented/Neutral/029.wav,indian_english,indian_neutral_029
1614,neutral,data/indian_english/Augmented/Neutral/030.wav,indian_english,indian_neutral_030
1615,neutral,data/indian_english/Augmented/Neutral/031.wav,indian_english,indian_neutral_031
1616,neutral,data/indian_english/Augmented/Neutral/032.wav,indian_english,indian_neutral_032
1617,neutral,data/indian_english/Augmented/Neutral/033.wav,indian_english,indian_neutral_033
1618,neutral,data/indian_english/Augmented/Neutral/034.wav,indian_english,indian_neutral_034
1619,neutral,data/indian_english/Augmented/Neutral/035.wav,indian_english,indian_neutral_035
1620,neutral,data/indian_english/Augmented/Neutral/036.wav,indian_english,indian_neutral_036
1621,neutral,data/indian_english/Augmented/Neutral/037.wav,indian_english,indian_neutral_037
1622,neutral,data/indian_english/Augmented/Neutral/038.wav,indian_english,indian_neutral_038
1623,neutral,data/indian_english/Augmented/Neutral/039.wav,indian_english,indian_neutral_039
1624,neutral,data/indian_english/Augmented/Neutral/040.wav,indian_english,indian_neutral_040
1625,neutral,data/indian_english/Augmented/Neutral/041.wav,indian_english,indian_neutral_041
1626,neutral,data/indian_english/Augmented/Neutral/042.wav,indian_english,indian_neutral_042
1627,neutral,data/indian_english/Augmented/Neutral/043.wav,indian_english,indian_neutral_043
1628,neutral,data/indian_english/Augmented/Neutral/044.wav,indian_english,indian_neutral_044
1629,neutral,data/indian_english/Augmented/Neutral/045.wav,indian_english,indian_neutral_045
1630,neutral,data/indian_english/Augmented/Neutral/046.wav,indian_english,indian_neutral_046
1631,neutral,data/indian_english/Augmented/Neutral/047.wav,indian_english,indian_neutral_047
1632,neutral,data/indian_english/Augmented/Neutral/048.wav,indian_english,indian_neutral_048
1633,neutral,data/indian_english/Augmented/Neutral/049.wav,indian_english,indian_neutral_049
1634,neutral,data/indian_english/Augmented/Neutral/050.wav,indian_english,indian_neutral_050
1635,neutral,data/indian_english/Augmented/Neutral/051.wav,indian_english,indian_neutral_051
1636,neutral,data/indian_english/Augmented/Neutral/052.wav,indian_english,indian_neutral_052
1637,neutral,data/indian_english/Augmented/Neutral/053.wav,indian_english,indian_neutral_053
1638,neutral,data/indian_english/Augmented/Neutral/054.wav,indian_english,indian_neutral_054
1639,neutral,data/indian_english/Augmented/Neutral/055.wav,indian_english,indian_neutral_055
1640,neutral,data/indian_english/Augmented/Neutral/056.wav,indian_english,indian_neutral_056
1641,neutral,data/indian_english/Augmented/Neutral/057.wav,indian_english,indian_neutral_057
1642,neutral,data/indian_english/Augmented/Neutral/058.wav,indian_english,indian_neutral_058
1643,neutral,data/indian_english/Augmented/Neutral/059.wav,indian_english,indian_neutral_059
1644,neutral,data/indian_english/Augmented/Neutral/060.wav,indian_english,indian_neutral_060
1645,neutral,data/indian_english/Augmented/Neutral/061.wav,indian_english,indian_neutral_061
1646,neutral,data/indian_english/Augmented/Neutral/062.wav,indian_english,indian_neutral_062
1647,neutral,data/indian_english/Augmented/Neutral/063.wav,indian_english,indian_neutral_063
1648,neutral,data/indian_english/Augmented/Neutral/064.wav,indian_english,indian_neutral_064
1649,neutral,data/indian_english/Augmented/Neutral/065.wav,indian_english,indian_neutral_065
1650,neutral,data/indian_english/Augmented/Neutral/066.wav,indian_english,indian_neutral_066
1651,neutral,data/indian_english/Augmented/Neutral/067.wav,indian_english,indian_neutral_067
1652,neutral,data/indian_english/Augmented/Neutral/068.wav,indian_english,indian_neutral_068
1653,neutral,data/indian_english/Augmented/Neutral/069.wav,indian_english,indian_neutral_069
1654,neutral,data/indian_english/Augmented/Neutral/070.wav,indian_english,indian_neutral_070
1655,neutral,data/indian_english/Augmented/Neutral/071.wav,indian_english,indian_neutral_071
1656,neutral,data/indian_english/Augmented/Neutral/072.wav,indian_english,indian_neutral_072
1657,neutral,data/indian_english/Augmented/Neutral/073.wav,indian_english,indian_neutral_073
1658,neutral,data/indian_english/Augmented/Neutral/074.wav,indian_english,indian_neutral_074
1659,neutral,data/indian_english/Augmented/Neutral/075.wav,indian_english,indian_neutral_075
1660,neutral,data/indian_english/Augmented/Neutral/076.wav,indian_english,indian_neutral_076
1661,neutral,data/indian_english/Augmented/Neutral/077.wav,indian_english,indian_neutral_077
1662,neutral,data/indian_english/Augmented/Neutral/078.wav,indian_english,indian_neutral_078
1663,neutral,data/indian_english/Augmented/Neutral/079.wav,indian_english,indian_neutral_079
1664,neutral,data/indian_english/Augmented/Neutral/080.wav,indian_english,indian_neutral_080
1665,neutral,data/indian_english/Augmented/Neutral/081.wav,indian_english,indian_neutral_081
1666,neutral,data/indian_english/Augmented/Neutral/082.wav,indian_english,indian_neutral_082
1667,neutral,data/indian_english/Augmented/Neutral/083.wav,indian_english,indian_neutral_083
1668,neutral,data/indian_english/Augmented/Neutral/084.wav,indian_english,indian_neutral_084
1669,neutral,data/indian_english/Augmented/Neutral/085.wav,indian_english,indian_neutral_085
1670,neutral,data/indian_english/Augmented/Neutral/086.wav,indian_english,indian_neutral_086
1671,neutral,data/indian_english/Augmented/Neutral/087.wav,indian_english,indian_neutral_087
1672,neutral,data/indian_english/Augmented/Neutral/088.wav,indian_english,indian_neutral_088
1673,neutral,data/indian_english/Augmented/Neutral/089.wav,indian_english,indian_neutral_089
1674,neutral,data/indian_english/Augmented/Neutral/090.wav,indian_english,indian_neutral_090
1675,neutral,data/indian_english/Augmented/Neutral/091.wav,indian_english,indian_neutral_091
1676,neutral,data/indian_english/Augmented/Neutral/092.wav,indian_english,indian_neutral_092
1677,neutral,data/indian_english/Augmented/Neutral/093.wav,indian_english,indian_neutral_093
1678,neutral,data/indian_english/Augmented/Neutral/094.wav,indian_english,indian_neutral_094
1679,neutral,data/indian_english/Augmented/Neutral/095.wav,indian_english,indian_neutral_095
1680,neutral,data/indian_english/Augmented/Neutral/096.wav,indian_english,indian_neutral_096
1681,neutral,data/indian_english/Augmented/Neutral/097.wav,indian_english,indian_neutral_097
1682,neutral,data/indian_english/Augmented/Neutral/098.wav,indian_english,indian_neutral_098
1683,neutral,data/indian_english/Augmented/Neutral/099.wav,indian_english,indian_neutral_099
1684,neutral,data/indian_english/Augmented/Neutral/100.wav,indian_english,indian_neutral_100
1685,neutral,data/indian_english/Augmented/Neutral/101.wav,indian_english,indian_neutral_101
1686,neutral,data/indian_english/Augmented/Neutral/102.wav,indian_english,indian_neutral_102
1687,neutral,data/indian_english/Augmented/Neutral/103.wav,indian_english,indian_neutral_103
1688,neutral,data/indian_english/Augmented/Neutral/104.wav,indian_english,indian_neutral_104
1689,neutral,data/indian_english/Augmented/Neutral/105.wav,indian_english,indian_neutral_105
1690,neutral,data/indian_english/Augmented/Neutral/106.wav,indian_english,indian_neutral_106
1691,neutral,data/indian_english/Augmented/Neutral/107.wav,indian_english,indian_neutral_107
1692,neutral,data/indian_english/Augmented/Neutral/108.wav,indian_english,indian_neutral_108
1693,neutral,data/indian_english/Augmented/Neutral/109.wav,indian_english,indian_neutral_109
1694,neutral,data/indian_english/Augmented/Neutral/110.wav,indian_english,indian_neutral_110
1695,neutral,data/indian_english/Augmented/Neutral/111.wav,indian_english,indian_neutral_111
1696,neutral,data/indian_english/Augmented/Neutral/112.wav,indian_english,indian_neutral_112
1697,neutral,data/indian_english/Augmented/Neutral/113.wav,indian_english,indian_neutral_113
1698,neutral,data/indian_english/Augmented/Neutral/114.wav,indian_english,indian_neutral_114
1699,neutral,data/indian_english/Augmented/Neutral/115.wav,indian_english,indian_neutral_115
1700,neutral,data/indian_english/Augmented/Neutral/116.wav,indian_english,indian_neutral_116
1701,neutral,data/indian_english/Augmented/Neutral/117.wav,indian_english,indian_neutral_117
1702,neutral,data/indian_english/Augmented/Neutral/118.wav,indian_english,indian_neutral_118
1703,neutral,data/indian_english/Augmented/Neutral/119.wav,indian_english,indian_neutral_119
1704,neutral,data/indian_english/Augmented/Neutral/120.wav,indian_english,indian_neutral_120
1705,neutral,data/indian_english/Augmented/Neutral/121.wav,indian_english,indian_neutral_121
1706,neutral,data/indian_english/Augmented/Neutral/122.wav,indian_english,indian_neutral_122
1707,neutral,data/indian_english/Augmented/Neutral/123.wav,indian_english,indian_neutral_123
1708,neutral,data/indian_english/Augmented/Neutral/124.wav,indian_english,indian_neutral_124
1709,neutral,data/indian_english/Augmented/Neutral/125.wav,indian_english,indian_neutral_125
1710,neutral,data/indian_english/Augmented/Neutral/126.wav,indian_english,indian_neutral_126
1711,neutral,data/indian_english/Augmented/Neutral/127.wav,indian_english,indian_neutral_127
1712,neutral,data/indian_english/Augmented/Neutral/128.wav,indian_english,indian_neutral_128
1713,neutral,data/indian_english/Augmented/Neutral/129.wav,indian_english,indian_neutral_129
1714,neutral,data/indian_english/Augmented/Neutral/130.wav,indian_english,indian_neutral_130
1715,neutral,data/indian_english/Augmented/Neutral/131.wav,indian_english,indian_neutral_131
1716,neutral,data/indian_english/Augmented/Neutral/132.wav,indian_english,indian_neutral_132
1717,neutral,data/indian_english/Augmented/Neutral/133.wav,indian_english,indian_neutral_133
1718,neutral,data/indian_english/Augmented/Neutral/134.wav,indian_english,indian_neutral_134
1719,neutral,data/indian_english/Augmented/Neutral/135.wav,indian_english,indian_neutral_135
1720,neutral,data/indian_english/Augmented/Neutral/136.wav,indian_english,indian_neutral_136
1721,neutral,data/indian_english/Augmented/Neutral/137.wav,indian_english,indian_neutral_137
1722,neutral,data/indian_english/Augmented/Neutral/138.wav,indian_english,indian_neutral_138
1723,neutral,data/indian_english/Augmented/Neutral/139.wav,indian_english,indian_neutral_139
1724,neutral,data/indian_english/Augmented/Neutral/140.wav,indian_english,indian_neutral_140
1725,neutral,data/indian_english/Augmented/Neutral/141.wav,indian_english,indian_neutral_141
1726,neutral,data/indian_english/Augmented/Neutral/142.wav,indian_english,indian_neutral_142
1727,neutral,data/indian_english/Augmented/Neutral/143.wav,indian_english,indian_neutral_143
1728,neutral,data/indian_english/Augmented/Neutral/144.wav,indian_english,indian_neutral_144
1729,neutral,data/indian_english/Augmented/Neutral/145.wav,indian_english,indian_neutral_145
1730,neutral,data/indian_english/Augmented/Neutral/146.wav,indian_english,indian_neutral_146
1731,neutral,data/indian_english/Augmented/Neutral/147.wav,indian_english,indian_neutral_147
1732,neutral,data/indian_english/Augmented/Neutral/148.wav,indian_english,indian_neutral_148
1733,neutral,data/indian_english/Augmented/Neutral/149.wav,indian_english,indian_neutral_149
1734,neutral,data/indian_english/Augmented/Neutral/150.wav,indian_english,indian_neutral_150
1735,neutral,data/indian_english/Augmented/Neutral/151.wav,indian_english,indian_neutral_151
1736,neutral,data/indian_english/Augmented/Neutral/152.wav,indian_english,indian_neutral_152
1737,neutral,data/indian_english/Augmented/Neutral/153.wav,indian_english,indian_neutral_153
1738,neutral,data/indian_english/Augmented/Neutral/154.wav,indian_english,indian_neutral_154
1739,neutral,data/indian_english/Augmented/Neutral/155.wav,indian_english,indian_neutral_155
1740,neutral,data/indian_english/Augmented/Neutral/156.wav,indian_english,indian_neutral_156
1741,neutral,data/indian_english/Augmented/Neutral/157.wav,indian_english,indian_neutral_157
1742,neutral,data/indian_english/Augmented/Neutral/158.wav,indian_english,indian_neutral_158
1743,neutral,data/indian_english/Augmented/Neutral/159.wav,indian_english,indian_neutral_159
1744,neutral,data/indian_english/Augmented/Neutral/160.wav,indian_english,indian_neutral_160
1745,neutral,data/indian_english/Augmented/Neutral/161.wav,indian_english,indian_neutral_161
1746,neutral,data/indian_english/Augmented/Neutral/162.wav,indian_english,indian_neutral_162
1747,neutral,data/indian_english/Augmented/Neutral/163.wav,indian_english,indian_neutral_163
1748,neutral,data/indian_english/Augmented/Neutral/164.wav,indian_english,indian_neutral_164
1749,neutral,data/indian_english/Augmented/Neutral/165.wav,indian_english,indian_neutral_165
1750,neutral,data/indian_english/Augmented/Neutral/166.wav,indian_english,indian_neutral_166
1751,neutral,data/indian_english/Augmented/Neutral/167.wav,indian_english,indian_neutral_167
1752,neutral,data/indian_english/Augmented/Neutral/168.wav,indian_english,indian_neutral_168
1753,neutral,data/indian_english/Augmented/Neutral/169.wav,indian_english,indian_neutral_169
1754,neutral,data/indian_english/Augmented/Neutral/170.wav,indian_english,indian_neutral_170
1755,neutral,data/indian_english/Augmented/Neutral/171.wav,indian_english,indian_neutral_171
1756,neutral,data/indian_english/Augmented/Neutral/172.wav,indian_english,indian_neutral_172
1757,neutral,data/indian_english/Augmented/Neutral/173.wav,indian_english,indian_neutral_173
1758,neutral,data/indian_english/Augmented/Neutral/174.wav,indian_english,indian_neutral_174
1759,neutral,data/indian_english/Augmented/Neutral/175.wav,indian_english,indian_neutral_175
1760,neutral,data/indian_english/Augmented/Neutral/176.wav,indian_english,indian_neutral_176
1761,neutral,data/indian_english/Augmented/Neutral/177.wav,indian_english,indian_neutral_177
1762,neutral,data/indian_english/Augmented/Neutral/178.wav,indian_english,indian_neutral_178
1763,neutral,data/indian_english/Augmented/Neutral/179.wav,indian_english,indian_neutral_179
1764,neutral,data/indian_english/Augmented/Neutral/180.wav,indian_english,indian_neutral_180
1765,neutral,data/indian_english/Augmented/Neutral/181.wav,indian_english,indian_neutral_181
1766,neutral,data/indian_english/Augmented/Neutral/182.wav,indian_english,indian_neutral_182
1767,neutral,data/indian_english/Augmented/Neutral/183.wav,indian_english,indian_neutral_183
1768,neutral,data/indian_english/Augmented/Neutral/184.wav,indian_english,indian_neutral_184
1769,neutral,data/indian_english/Augmented/Neutral/185.wav,indian_english,indian_neutral_185
1770,neutral,data/indian_english/Augmented/Neutral/186.wav,indian_english,indian_neutral_186
1771,neutral,data/indian_english/Augmented/Neutral/187.wav,indian_english,indian_neutral_187
1772,neutral,data/indian_english/Augmented/Neutral/188.wav,indian_english,indian_neutral_188
1773,neutral,data/indian_english/Augmented/Neutral/189.wav,indian_english,indian_neutral_189
1774,neutral,data/indian_english/Augmented/Neutral/190.wav,indian_english,indian_neutral_190
1775,neutral,data/indian_english/Augmented/Neutral/191.wav,indian_english,indian_neutral_191
1776,neutral,data/indian_english/Augmented/Neutral/192.wav,indian_english,indian_neutral_192
1777,neutral,data/indian_english/Augmented/Neutral/193.wav,indian_english,indian_neutral_193
1778,neutral,data/indian_english/Augmented/Neutral/194.wav,indian_english,indian_neutral_194
1779,neutral,data/indian_english/Augmented/Neutral/195.wav,indian_english,indian_neutral_195
1780,neutral,data/indian_english/Augmented/Neutral/196.wav,indian_english,indian_neutral_196
1781,neutral,data/indian_english/Augmented/Neutral/197.wav,indian_english,indian_neutral_197
1782,neutral,data/indian_english/Augmented/Neutral/198.wav,indian_english,indian_neutral_198
1783,neutral,data/indian_english/Augmented/Neutral/199.wav,indian_english,indian_neutral_199
1784,neutral,data/indian_english/Augmented/Neutral/200.wav,indian_english,indian_neutral_200
1785,neutral,data/indian_english/Augmented/Neutral/201.wav,indian_english,indian_neutral_201
1786,neutral,data/indian_english/Augmented/Neutral/202.wav,indian_english,indian_neutral_202
1787,neutral,data/indian_english/Augmented/Neutral/203.wav,indian_english,indian_neutral_203
1788,neutral,data/indian_english/Augmented/Neutral/204.wav,indian_english,indian_neutral_204
1789,neutral,data/indian_english/Augmented/Neutral/205.wav,indian_english,indian_neutral_205
1790,neutral,data/indian_english/Augmented/Neutral/206.wav,indian_english,indian_neutral_206
1791,neutral,data/indian_english/Augmented/Neutral/207.wav,indian_english,indian_neutral_207
1792,neutral,data/indian_english/Augmented/Neutral/208.wav,indian_english,indian_neutral_208
1793,neutral,data/indian_english/Augmented/Neutral/209.wav,indian_english,indian_neutral_209
1794,neutral,data/indian_english/Augmented/Neutral/210.wav,indian_english,indian_neutral_210
1795,neutral,data/indian_english/Augmented/Neutral/211.wav,indian_english,indian_neutral_211
1796,neutral,data/indian_english/Augmented/Neutral/212.wav,indian_english,indian_neutral_212
1797,neutral,data/indian_english/Augmented/Neutral/213.wav,indian_english,indian_neutral_213
1798,neutral,data/indian_english/Augmented/Neutral/214.wav,indian_english,indian_neutral_214
1799,neutral,data/indian_english/Augmented/Neutral/215.wav,indian_english,indian_neutral_215
1800,neutral,data/indian_english/Augmented/Neutral/216.wav,indian_english,indian_neutral_216
1801,neutral,data/indian_english/Augmented/Neutral/217.wav,indian_english,indian_neutral_217
1802,neutral,data/indian_english/Augmented/Neutral/218.wav,indian_english,indian_neutral_218
1803,neutral,data/indian_english/Augmented/Neutral/219.wav,indian_english,indian_neutral_219
1804,neutral,data/indian_english/Augmented/Neutral/220.wav,indian_english,indian_neutral_220
1805,neutral,data/indian_english/Augmented/Neutral/221.wav,indian_english,indian_neutral_221
1806,neutral,data/indian_english/Augmented/Neutral/222.wav,indian_english,indian_neutral_222
1807,neutral,data/indian_english/Augmented/Neutral/223.wav,indian_english,indian_neutral_223
1808,neutral,data/indian_english/Augmented/Neutral/224.wav,indian_english,indian_neutral_224
1809,neutral,data/indian_english/Augmented/Neutral/225.wav,indian_english,indian_neutral_225
1810,neutral,data/indian_english/Augmented/Neutral/226.wav,indian_english,indian_neutral_226
1811,neutral,data/indian_english/Augmented/Neutral/227.wav,indian_english,indian_neutral_227
1812,neutral,data/indian_english/Augmented/Neutral/228.wav,indian_english,indian_neutral_228
1813,neutral,data/indian_english/Augmented/Neutral/229.wav,indian_english,indian_neutral_229
1814,neutral,data/indian_english/Augmented/Neutral/230.wav,indian_english,indian_neutral_230
1815,neutral,data/indian_english/Augmented/Neutral/231.wav,indian_english,indian_neutral_231
1816,neutral,data/indian_english/Augmented/Neutral/232.wav,indian_english,indian_neutral_232
1817,neutral,data/indian_english/Augmented/Neutral/233.wav,indian_english,indian_neutral_233
1818,neutral,data/indian_english/Augmented/Neutral/234.wav,indian_english,indian_neutral_234
1819,neutral,data/indian_english/Augmented/Neutral/235.wav,indian_english,indian_neutral_235
1820,neutral,data/indian_english/Augmented/Neutral/236.wav,indian_english,indian_neutral_236
1821,neutral,data/indian_english/Augmented/Neutral/237.wav,indian_english,indian_neutral_237
1822,neutral,data/indian_english/Augmented/Neutral/238.wav,indian_english,indian_neutral_238
1823,neutral,data/indian_english/Augmented/Neutral/239.wav,indian_english,indian_neutral_239
1824,neutral,data/indian_english/Augmented/Neutral/240.wav,indian_english,indian_neutral_240
1825,neutral,data/indian_english/Augmented/Neutral/241.wav,indian_english,indian_neutral_241
1826,neutral,data/indian_english/Augmented/Neutral/242.wav,indian_english,indian_neutral_242
1827,neutral,data/indian_english/Augmented/Neutral/243.wav,indian_english,indian_neutral_243
1828,neutral,data/indian_english/Augmented/Neutral/244.wav,indian_english,indian_neutral_244
1829,neutral,data/indian_english/Augmented/Neutral/245.wav,indian_english,indian_neutral_245
1830,neutral,data/indian_english/Augmented/Neutral/246.wav,indian_english,indian_neutral_246
1831,neutral,data/indian_english/Augmented/Neutral/247.wav,indian_english,indian_neutral_247
1832,neutral,data/indian_english/Augmented/Neutral/248.wav,indian_english,indian_neutral_248
1833,neutral,data/indian_english/Augmented/Neutral/249.wav,indian_english,indian_neutral_249
1834,neutral,data/indian_english/Augmented/Neutral/250.wav,indian_english,indian_neutral_250
1835,neutral,data/indian_english/Augmented/Neutral/251.wav,indian_english,indian_neutral_251
1836,neutral,data/indian_english/Augmented/Neutral/252.wav,indian_english,indian_neutral_252
1837,neutral,data/indian_english/Augmented/Neutral/253.wav,indian_english,indian_neutral_253
1838,neutral,data/indian_english/Augmented/Neutral/254.wav,indian_english,indian_neutral_254
1839,neutral,data/indian_english/Augmented/Neutral/255.wav,indian_english,indian_neutral_255
1840,neutral,data/indian_english/Augmented/Neutral/256.wav,indian_english,indian_neutral_256
1841,neutral,data/indian_english/Augmented/Neutral/257.wav,indian_english,indian_neutral_257
1842,neutral,data/indian_english/Augmented/Neutral/258.wav,indian_english,indian_neutral_258
1843,neutral,data/indian_english/Augmented/Neutral/259.wav,indian_english,indian_neutral_259
1844,neutral,data/indian_english/Augmented/Neutral/260.wav,indian_english,indian_neutral_260
1845,neutral,data/indian_english/Augmented/Neutral/261.wav,indian_english,indian_neutral_261
1846,neutral,data/indian_english/Augmented/Neutral/262.wav,indian_english,indian_neutral_262
1847,neutral,data/indian_english/Augmented/Neutral/263.wav,indian_english,indian_neutral_263
1848,neutral,data/indian_english/Augmented/Neutral/264.wav,indian_english,indian_neutral_264
1849,neutral,data/indian_english/Augmented/Neutral/265.wav,indian_english,indian_neutral_265
1850,neutral,data/indian_english/Augmented/Neutral/266.wav,indian_english,indian_neutral_266
1851,neutral,data/indian_english/Augmented/Neutral/267.wav,indian_english,indian_neutral_267
1852,neutral,data/indian_english/Augmented/Neutral/268.wav,indian_english,indian_neutral_268
1853,neutral,data/indian_english/Augmented/Neutral/269.wav,indian_english,indian_neutral_269
1854,neutral,data/indian_english/Augmented/Neutral/270.wav,indian_english,indian_neutral_270
1855,neutral,data/indian_english/Augmented/Neutral/271.wav,indian_english,indian_neutral_271
1856,neutral,data/indian_english/Augmented/Neutral/272.wav,indian_english,indian_neutral_272
1857,neutral,data/indian_english/Augmented/Neutral/273.wav,indian_english,indian_neutral_273
1858,neutral,data/indian_english/Augmented/Neutral/274.wav,indian_english,indian_neutral_274
1859,neutral,data/indian_english/Augmented/Neutral/275.wav,indian_english,indian_neutral_275
1860,neutral,data/indian_english/Augmented/Neutral/276.wav,indian_english,indian_neutral_276
1861,neutral,data/indian_english/Augmented/Neutral/277.wav,indian_english,indian_neutral_277
1862,neutral,data/indian_english/Augmented/Neutral/278.wav,indian_english,indian_neutral_278
1863,neutral,data/indian_english/Augmented/Neutral/279.wav,indian_english,indian_neutral_279
1864,neutral,data/indian_english/Augmented/Neutral/280.wav,indian_english,indian_neutral_280
1865,neutral,data/indian_english/Augmented/Neutral/281.wav,indian_english,indian_neutral_281
1866,neutral,data/indian_english/Augmented/Neutral/282.wav,indian_english,indian_neutral_282
1867,neutral,data/indian_english/Augmented/Neutral/283.wav,indian_english,indian_neutral_283
1868,neutral,data/indian_english/Augmented/Neutral/284.wav,indian_english,indian_neutral_284
1869,neutral,data/indian_english/Augmented/Neutral/285.wav,indian_english,indian_neutral_285
1870,neutral,data/indian_english/Augmented/Neutral/286.wav,indian_english,indian_neutral_286
1871,neutral,data/indian_english/Augmented/Neutral/287.wav,indian_english,indian_neutral_287
1872,neutral,data/indian_english/Augmented/Neutral/288.wav,indian_english,indian_neutral_288
1873,neutral,data/indian_english/Augmented/Neutral/289.wav,indian_english,indian_neutral_289
1874,neutral,data/indian_english/Augmented/Neutral/290.wav,indian_english,indian_neutral_290
1875,neutral,data/indian_english/Augmented/Neutral/291.wav,indian_english,indian_neutral_291
1876,neutral,data/indian_english/Augmented/Neutral/292.wav,indian_english,indian_neutral_292
1877,neutral,data/indian_english/Augmented/Neutral/293.wav,indian_english,indian_neutral_293
1878,neutral,data/indian_english/Augmented/Neutral/294.wav,indian_english,indian_neutral_294
1879,neutral,data/indian_english/Augmented/Neutral/295.wav,indian_english,indian_neutral_295
1880,neutral,data/indian_english/Augmented/Neutral/296.wav,indian_english,indian_neutral_296
1881,neutral,data/indian_english/Augmented/Neutral/297.wav,indian_english,indian_neutral_297
1882,neutral,data/indian_english/Augmented/Neutral/298.wav,indian_english,indian_neutral_298
1883,neutral,data/indian_english/Augmented/Neutral/299.wav,indian_english,indian_neutral_299
1884,neutral,data/indian_english/Augmented/Neutral/300.wav,indian_english,indian_neutral_300
1885,neutral,data/indian_english/Augmented/Neutral/301.wav,indian_english,indian_neutral_301
1886,neutral,data/indian_english/Augmented/Neutral/302.wav,indian_english,indian_neutral_302
1887,neutral,data/indian_english/Augmented/Neutral/303.wav,indian_english,indian_neutral_303
1888,neutral,data/indian_english/Augmented/Neutral/304.wav,indian_english,indian_neutral_304
1889,neutral,data/indian_english/Augmented/Neutral/305.wav,indian_english,indian_neutral_305
1890,neutral,data/indian_english/Augmented/Neutral/306.wav,indian_english,indian_neutral_306
1891,neutral,data/indian_english/Augmented/Neutral/307.wav,indian_english,indian_neutral_307
1892,neutral,data/indian_english/Augmented/Neutral/308.wav,indian_english,indian_neutral_308
1893,neutral,data/indian_english/Augmented/Neutral/309.wav,indian_english,indian_neutral_309
1894,neutral,data/indian_english/Augmented/Neutral/310.wav,indian_english,indian_neutral_310
1895,neutral,data/indian_english/Augmented/Neutral/311.wav,indian_english,indian_neutral_311
1896,neutral,data/indian_english/Augmented/Neutral/312.wav,indian_english,indian_neutral_312
1897,neutral,data/indian_english/Augmented/Neutral/313.wav,indian_english,indian_neutral_313
1898,neutral,data/indian_english/Augmented/Neutral/314.wav,indian_english,indian_neutral_314
1899,neutral,data/indian_english/Augmented/Neutral/315.wav,indian_english,indian_neutral_315
1900,neutral,data/indian_english/Augmented/Neutral/316.wav,indian_english,indian_neutral_316
1901,neutral,data/indian_english/Augmented/Neutral/317.wav,indian_english,indian_neutral_317
1902,neutral,data/indian_english/Augmented/Neutral/318.wav,indian_english,indian_neutral_318
1903,neutral,data/indian_english/Augmented/Neutral/319.wav,indian_english,indian_neutral_319
1904,neutral,data/indian_english/Augmented/Neutral/320.wav,indian_english,indian_neutral_320
1905,neutral,data/indian_english/Augmented/Neutral/321.wav,indian_english,indian_neutral_321
1906,neutral,data/indian_english/Augmented/Neutral/322.wav,indian_english,indian_neutral_322
1907,neutral,data/indian_english/Augmented/Neutral/323.wav,indian_english,indian_neutral_323
1908,neutral,data/indian_english/Augmented/Neutral/324.wav,indian_english,indian_neutral_324
1909,neutral,data/indian_english/Augmented/Neutral/325.wav,indian_english,indian_neutral_325
1910,neutral,data/indian_english/Augmented/Neutral/326.wav,indian_english,indian_neutral_326
1911,neutral,data/indian_english/Augmented/Neutral/327.wav,indian_english,indian_neutral_327
1912,neutral,data/indian_english/Augmented/Neutral/328.wav,indian_english,indian_neutral_328
1913,neutral,data/indian_english/Augmented/Neutral/329.wav,indian_english,indian_neutral_329
1914,neutral,data/indian_english/Augmented/Neutral/330.wav,indian_english,indian_neutral_330
1915,neutral,data/indian_english/Augmented/Neutral/331.wav,indian_english,indian_neutral_331
1916,neutral,data/indian_english/Augmented/Neutral/332.wav,indian_english,indian_neutral_332
1917,neutral,data/indian_english/Augmented/Neutral/333.wav,indian_english,indian_neutral_333
1918,neutral,data/indian_english/Augmented/Neutral/334.wav,indian_english,indian_neutral_334
1919,neutral,data/indian_english/Augmented/Neutral/335.wav,indian_english,indian_neutral_335
1920,neutral,data/indian_english/Augmented/Neutral/336.wav,indian_english,indian_neutral_336
1921,neutral,data/indian_english/Augmented/Neutral/337.wav,indian_english,indian_neutral_337
1922,neutral,data/indian_english/Augmented/Neutral/338.wav,indian_english,indian_neutral_338
1923,neutral,data/indian_english/Augmented/Neutral/339.wav,indian_english,indian_neutral_339
1924,neutral,data/indian_english/Augmented/Neutral/340.wav,indian_english,indian_neutral_340
1925,neutral,data/indian_english/Augmented/Neutral/341.wav,indian_english,indian_neutral_341
1926,neutral,data/indian_english/Augmented/Neutral/342.wav,indian_english,indian_neutral_342
1927,neutral,data/indian_english/Augmented/Neutral/343.wav,indian_english,indian_neutral_343
1928,neutral,data/indian_english/Augmented/Neutral/344.wav,indian_english,indian_neutral_344
1929,neutral,data/indian_english/Augmented/Neutral/345.wav,indian_english,indian_neutral_345
1930,neutral,data/indian_english/Augmented/Neutral/346.wav,indian_english,indian_neutral_346
1931,neutral,data/indian_english/Augmented/Neutral/347.wav,indian_english,indian_neutral_347
1932,neutral,data/indian_english/Augmented/Neutral/348.wav,indian_english,indian_neutral_348
1933,neutral,data/indian_english/Augmented/Neutral/349.wav,indian_english,indian_neutral_349
1934,neutral,data/indian_english/Augmented/Neutral/350.wav,indian_english,indian_neutral_350
1935,neutral,data/indian_english/Augmented/Neutral/351.wav,indian_english,indian_neutral_351
1936,neutral,data/indian_english/Augmented/Neutral/352.wav,indian_english,indian_neutral_352
1937,neutral,data/indian_english/Augmented/Neutral/353.wav,indian_english,indian_neutral_353
1938,neutral,data/indian_english/Augmented/Neutral/354.wav,indian_english,indian_neutral_354
1939,neutral,data/indian_english/Augmented/Neutral/355.wav,indian_english,indian_neutral_355
1940,neutral,data/indian_english/Augmented/Neutral/356.wav,indian_english,indian_neutral_356
1941,neutral,data/indian_english/Augmented/Neutral/357.wav,indian_english,indian_neutral_357
1942,neutral,data/indian_english/Augmented/Neutral/358.wav,indian_english,indian_neutral_358
1943,neutral,data/indian_english/Augmented/Neutral/359.wav,indian_english,indian_neutral_359
1944,neutral,data/indian_english/Augmented/Neutral/360.wav,indian_english,indian_neutral_360
1945,neutral,data/indian_english/Augmented/Neutral/361.wav,indian_english,indian_neutral_361
1946,neutral,data/indian_english/Augmented/Neutral/362.wav,indian_english,indian_neutral_362
1947,neutral,data/indian_english/Augmented/Neutral/363.wav,indian_english,indian_neutral_363
1948,neutral,data/indian_english/Augmented/Neutral/364.wav,indian_english,indian_neutral_364
1949,neutral,data/indian_english/Augmented/Neutral/365.wav,indian_english,indian_neutral_365
1950,neutral,data/indian_english/Augmented/Neutral/366.wav,indian_english,indian_neutral_366
1951,neutral,data/indian_english/Augmented/Neutral/367.wav,indian_english,indian_neutral_367
1952,neutral,data/indian_english/Augmented/Neutral/368.wav,indian_english,indian_neutral_368
1953,neutral,data/indian_english/Augmented/Neutral/369.wav,indian_english,indian_neutral_369
1954,neutral,data/indian_english/Augmented/Neutral/370.wav,indian_english,indian_neutral_370
1955,neutral,data/indian_english/Augmented/Neutral/371.wav,indian_english,indian_neutral_371
1956,neutral,data/indian_english/Augmented/Neutral/372.wav,indian_english,indian_neutral_372
1957,neutral,data/indian_english/Augmented/Neutral/373.wav,indian_english,indian_neutral_373
1958,neutral,data/indian_english/Augmented/Neutral/374.wav,indian_english,indian_neutral_374
1959,neutral,data/indian_english/Augmented/Neutral/375.wav,indian_english,indian_neutral_375
1960,neutral,data/indian_english/Augmented/Neutral/376.wav,indian_english,indian_neutral_376
1961,neutral,data/indian_english/Augmented/Neutral/377.wav,indian_english,indian_neutral_377
1962,neutral,data/indian_english/Augmented/Neutral/378.wav,indian_english,indian_neutral_378
1963,neutral,data/indian_english/Augmented/Neutral/379.wav,indian_english,indian_neutral_379
1964,neutral,data/indian_english/Augmented/Neutral/380.wav,indian_english,indian_neutral_380
1965,neutral,data/indian_english/Augmented/Neutral/381.wav,indian_english,indian_neutral_381
1966,neutral,data/indian_english/Augmented/Neutral/382.wav,indian_english,indian_neutral_382
1967,neutral,data/indian_english/Augmented/Neutral/383.wav,indian_english,indian_neutral_383
1968,neutral,data/indian_english/Augmented/Neutral/384.wav,indian_english,indian_neutral_384
1969,neutral,data/indian_english/Augmented/Neutral/385.wav,indian_english,indian_neutral_385
1970,neutral,data/indian_english/Augmented/Neutral/386.wav,indian_english,indian_neutral_386
1971,neutral,data/indian_english/Augmented/Neutral/387.wav,indian_english,indian_neutral_387
1972,neutral,data/indian_english/Augmented/Neutral/388.wav,indian_english,indian_neutral_388
1973,neutral,data/indian_english/Augmented/Neutral/389.wav,indian_english,indian_neutral_389
1974,neutral,data/indian_english/Augmented/Neutral/390.wav,indian_english,indian_neutral_390
1975,neutral,data/indian_english/Augmented/Neutral/391.wav,indian_english,indian_neutral_391
1976,neutral,data/indian_english/Augmented/Neutral/392.wav,indian_english,indian_neutral_392
1977,neutral,data/indian_english/Augmented/Neutral/393.wav,indian_english,indian_neutral_393
1978,neutral,data/indian_english/Augmented/Neutral/394.wav,indian_english,indian_neutral_394
1979,neutral,data/indian_english/Augmented/Neutral/395.wav,indian_english,indian_neutral_395
1980,neutral,data/indian_english/Augmented/Neutral/396.wav,indian_english,indian_neutral_396
1981,neutral,data/indian_english/Augmented/Neutral/397.wav,indian_english,indian_neutral_397
1982,neutral,data/indian_english/Augmented/Neutral/398.wav,indian_english,indian_neutral_398
1983,neutral,data/indian_english/Augmented/Neutral/399.wav,indian_english,indian_neutral_399
1984,neutral,data/indian_english/Augmented/Neutral/400.wav,indian_english,indian_neutral_400
1985,neutral,data/indian_english/Augmented/Neutral/401.wav,indian_english,indian_neutral_401
1986,neutral,data/indian_english/Augmented/Neutral/402.wav,indian_english,indian_neutral_402
1987,neutral,data/indian_english/Augmented/Neutral/403.wav,indian_english,indian_neutral_403
1988,neutral,data/indian_english/Augmented/Neutral/404.wav,indian_english,indian_neutral_404
1989,neutral,data/indian_english/Augmented/Neutral/405.wav,indian_english,indian_neutral_405
1990,neutral,data/indian_english/Augmented/Neutral/406.wav,indian_english,indian_neutral_406
1991,neutral,data/indian_english/Augmented/Neutral/407.wav,indian_english,indian_neutral_407
1992,neutral,data/indian_english/Augmented/Neutral/408.wav,indian_english,indian_neutral_408
1993,neutral,data/indian_english/Augmented/Neutral/409.wav,indian_english,indian_neutral_409
1994,neutral,data/indian_english/Augmented/Neutral/410.wav,indian_english,indian_neutral_410
1995,neutral,data/indian_english/Augmented/Neutral/411.wav,indian_english,indian_neutral_411
1996,neutral,data/indian_english/Augmented/Neutral/412.wav,indian_english,indian_neutral_412
1997,neutral,data/indian_english/Augmented/Neutral/413.wav,indian_english,indian_neutral_413
1998,neutral,data/indian_english/Augmented/Neutral/414.wav,indian_english,indian_neutral_414
1999,neutral,data/indian_english/Augmented/Neutral/415.wav,indian_english,indian_neutral_415
2000,neutral,data/indian_english/Augmented/Neutral/416.wav,indian_english,indian_neutral_416
2001,neutral,data/indian_english/Augmented/Neutral/417.wav,indian_english,indian_neutral_417
2002,neutral,data/indian_english/Augmented/Neutral/418.wav,indian_english,indian_neutral_418
2003,neutral,data/indian_english/Augmented/Neutral/419.wav,indian_english,indian_neutral_419
2004,neutral,data/indian_english/Augmented/Neutral/420.wav,indian_english,indian_neutral_420
2005,neutral,data/indian_english/Augmented/Neutral/421.wav,indian_english,indian_neutral_421
2006,neutral,data/indian_english/Augmented/Neutral/422.wav,indian_english,indian_neutral_422
2007,neutral,data/indian_english/Augmented/Neutral/423.wav,indian_english,indian_neutral_423
2008,neutral,data/indian_english/Augmented/Neutral/424.wav,indian_english,indian_neutral_424
2009,neutral,data/indian_english/Augmented/Neutral/425.wav,indian_english,indian_neutral_425
2010,neutral,data/indian_english/Augmented/Neutral/426.wav,indian_english,indian_neutral_426
2011,neutral,data/indian_english/Augmented/Neutral/427.wav,indian_english,indian_neutral_427
2012,neutral,data/indian_english/Augmented/Neutral/428.wav,indian_english,indian_neutral_428
2013,neutral,data/indian_english/Augmented/Neutral/429.wav,indian_english,indian_neutral_429
2014,neutral,data/indian_english/Augmented/Neutral/430.wav,indian_english,indian_neutral_430
2015,neutral,data/indian_english/Augmented/Neutral/431.wav,indian_english,indian_neutral_431
2016,neutral,data/indian_english/Augmented/Neutral/432.wav,indian_english,indian_neutral_432
2017,neutral,data/indian_english/Augmented/Neutral/433.wav,indian_english,indian_neutral_433
2018,neutral,data/indian_english/Augmented/Neutral/434.wav,indian_english,indian_neutral_434
2019,neutral,data/indian_english/Augmented/Neutral/435.wav,indian_english,indian_neutral_435
2020,neutral,data/indian_english/Augmented/Neutral/436.wav,indian_english,indian_neutral_436
2021,neutral,data/indian_english/Augmented/Neutral/437.wav,indian_english,indian_neutral_437
2022,neutral,data/indian_english/Augmented/Neutral/438.wav,indian_english,indian_neutral_438
2023,neutral,data/indian_english/Augmented/Neutral/439.wav,indian_english,indian_neutral_439
2024,neutral,data/indian_english/Augmented/Neutral/440.wav,indian_english,indian_neutral_440
2025,neutral,data/indian_english/Augmented/Neutral/441.wav,indian_english,indian_neutral_441
2026,neutral,data/indian_english/Augmented/Neutral/442.wav,indian_english,indian_neutral_442
2027,neutral,data/indian_english/Augmented/Neutral/443.wav,indian_english,indian_neutral_443
2028,neutral,data/indian_english/Augmented/Neutral/444.wav,indian_english,indian_neutral_444
2029,neutral,data/indian_english/Augmented/Neutral/445.wav,indian_english,indian_neutral_445
2030,neutral,data/indian_english/Augmented/Neutral/446.wav,indian_english,indian_neutral_446
2031,neutral,data/indian_english/Augmented/Neutral/447.wav,indian_english,indian_neutral_447
2032,neutral,data/indian_english/Augmented/Neutral/448.wav,indian_english,indian_neutral_448
2033,neutral,data/indian_english/Augmented/Neutral/449.wav,indian_english,indian_neutral_449
2034,neutral,data/indian_english/Augmented/Neutral/450.wav,indian_english,indian_neutral_450
2035,neutral,data/indian_english/Augmented/Neutral/451.wav,indian_english,indian_neutral_451
2036,neutral,data/indian_english/Augmented/Neutral/452.wav,indian_english,indian_neutral_452
2037,neutral,data/indian_english/Augmented/Neutral/453.wav,indian_english,indian_neutral_453
2038,neutral,data/indian_english/Augmented/Neutral/454.wav,indian_english,indian_neutral_454
2039,neutral,data/indian_english/Augmented/Neutral/455.wav,indian_english,indian_neutral_455
2040,neutral,data/indian_english/Augmented/Neutral/456.wav,indian_english,indian_neutral_456
2041,neutral,data/indian_english/Augmented/Neutral/457.wav,indian_english,indian_neutral_457
2042,neutral,data/indian_english/Augmented/Neutral/458.wav,indian_english,indian_neutral_458
2043,neutral,data/indian_english/Augmented/Neutral/459.wav,indian_english,indian_neutral_459
2044,neutral,data/indian_english/Augmented/Neutral/460.wav,indian_english,indian_neutral_460
2045,neutral,data/indian_english/Augmented/Neutral/461.wav,indian_english,indian_neutral_461
2046,neutral,data/indian_english/Augmented/Neutral/462.wav,indian_english,indian_neutral_462
2047,neutral,data/indian_english/Augmented/Neutral/463.wav,indian_english,indian_neutral_463
2048,neutral,data/indian_english/Augmented/Neutral/464.wav,indian_english,indian_neutral_464
2049,neutral,data/indian_english/Augmented/Neutral/465.wav,indian_english,indian_neutral_465
2050,neutral,data/indian_english/Augmented/Neutral/466.wav,indian_english,indian_neutral_466
2051,neutral,data/indian_english/Augmented/Neutral/467.wav,indian_english,indian_neutral_467
2052,neutral,data/indian_english/Augmented/Neutral/468.wav,indian_english,indian_neutral_468
2053,neutral,data/indian_english/Augmented/Neutral/469.wav,indian_english,indian_neutral_469
2054,neutral,data/indian_english/Augmented/Neutral/470.wav,indian_english,indian_neutral_470
2055,neutral,data/indian_english/Augmented/Neutral/471.wav,indian_english,indian_neutral_471
2056,neutral,data/indian_english/Augmented/Neutral/472.wav,indian_english,indian_neutral_472
2057,neutral,data/indian_english/Augmented/Neutral/473.wav,indian_english,indian_neutral_473
2058,neutral,data/indian_english/Augmented/Neutral/474.wav,indian_english,indian_neutral_474
2059,neutral,data/indian_english/Augmented/Neutral/475.wav,indian_english,indian_neutral_475
2060,neutral,data/indian_english/Augmented/Neutral/476.wav,indian_english,indian_neutral_476
2061,neutral,data/indian_english/Augmented/Neutral/477.wav,indian_english,indian_neutral_477
2062,neutral,data/indian_english/Augmented/Neutral/478.wav,indian_english,indian_neutral_478
2063,neutral,data/indian_english/Augmented/Neutral/479.wav,indian_english,indian_neutral_479
2064,neutral,data/indian_english/Augmented/Neutral/480.wav,indian_english,indian_neutral_480
2065,neutral,data/indian_english/Augmented/Neutral/481.wav,indian_english,indian_neutral_481
2066,neutral,data/indian_english/Augmented/Neutral/482.wav,indian_english,indian_neutral_482
2067,neutral,data/indian_english/Augmented/Neutral/483.wav,indian_english,indian_neutral_483
2068,neutral,data/indian_english/Augmented/Neutral/484.wav,indian_english,indian_neutral_484
2069,neutral,data/indian_english/Augmented/Neutral/485.wav,indian_english,indian_neutral_485
2070,neutral,data/indian_english/Augmented/Neutral/486.wav,indian_english,indian_neutral_486
2071,neutral,data/indian_english/Augmented/Neutral/487.wav,indian_english,indian_neutral_487
2072,neutral,data/indian_english/Augmented/Neutral/488.wav,indian_english,indian_neutral_488
2073,neutral,data/indian_english/Augmented/Neutral/489.wav,indian_english,indian_neutral_489
2074,neutral,data/indian_english/Augmented/Neutral/490.wav,indian_english,indian_neutral_490
2075,neutral,data/indian_english/Augmented/Neutral/491.wav,indian_english,indian_neutral_491
2076,neutral,data/indian_english/Augmented/Neutral/492.wav,indian_english,indian_neutral_492
2077,neutral,data/indian_english/Augmented/Neutral/493.wav,indian_english,indian_neutral_493
2078,neutral,data/indian_english/Augmented/Neutral/494.wav,indian_english,indian_neutral_494
2079,neutral,data/indian_english/Augmented/Neutral/495.wav,indian_english,indian_neutral_495
2080,neutral,data/indian_english/Augmented/Neutral/496.wav,indian_english,indian_neutral_496
2081,neutral,data/indian_english/Augmented/Neutral/497.wav,indian_english,indian_neutral_497
2082,neutral,data/indian_english/Augmented/Neutral/498.wav,indian_english,indian_neutral_498
2083,neutral,data/indian_english/Augmented/Neutral/499.wav,indian_english,indian_neutral_499
2084,neutral,data/indian_english/Augmented/Neutral/500.wav,indian_english,indian_neutral_500
2085,neutral,data/indian_english/Augmented/Neutral/501.wav,indian_english,indian_neutral_501
2086,neutral,data/indian_english/Augmented/Neutral/502.wav,indian_english,indian_neutral_502
2087,neutral,data/indian_english/Augmented/Neutral/503.wav,indian_english,indian_neutral_503
2088,neutral,data/indian_english/Augmented/Neutral/504.wav,indian_english,indian_neutral_504
2089,neutral,data/indian_english/Augmented/Neutral/505.wav,indian_english,indian_neutral_505
2090,neutral,data/indian_english/Augmented/Neutral/506.wav,indian_english,indian_neutral_506
2091,neutral,data/indian_english/Augmented/Neutral/507.wav,indian_english,indian_neutral_507
2092,neutral,data/indian_english/Augmented/Neutral/508.wav,indian_english,indian_neutral_508
2093,neutral,data/indian_english/Augmented/Neutral/509.wav,indian_english,indian_neutral_509
2094,neutral,data/indian_english/Augmented/Neutral/510.wav,indian_english,indian_neutral_510
2095,neutral,data/indian_english/Augmented/Neutral/511.wav,indian_english,indian_neutral_511
2096,neutral,data/indian_english/Augmented/Neutral/512.wav,indian_english,indian_neutral_512
2097,neutral,data/indian_english/Augmented/Neutral/513.wav,indian_english,indian_neutral_513
2098,neutral,data/indian_english/Augmented/Neutral/514.wav,indian_english,indian_neutral_514
2099,neutral,data/indian_english/Augmented/Neutral/515.wav,indian_english,indian_neutral_515
2100,neutral,data/indian_english/Augmented/Neutral/516.wav,indian_english,indian_neutral_516
2101,neutral,data/indian_english/Augmented/Neutral/517.wav,indian_english,indian_neutral_517
2102,neutral,data/indian_english/Augmented/Neutral/518.wav,indian_english,indian_neutral_518
2103,neutral,data/indian_english/Augmented/Neutral/519.wav,indian_english,indian_neutral_519
2104,neutral,data/indian_english/Augmented/Neutral/520.wav,indian_english,indian_neutral_520
2105,neutral,data/indian_english/Augmented/Neutral/521.wav,indian_english,indian_neutral_521
2106,neutral,data/indian_english/Augmented/Neutral/522.wav,indian_english,indian_neutral_522
2107,neutral,data/indian_english/Augmented/Neutral/523.wav,indian_english,indian_neutral_523
2108,neutral,data/indian_english/Augmented/Neutral/524.wav,indian_english,indian_neutral_524
2109,neutral,data/indian_english/Augmented/Neutral/525.wav,indian_english,indian_neutral_525
2110,neutral,data/indian_english/Original_dataset/Neutral/001.wav,indian_english,indian_neutral_001
2111,neutral,data/indian_english/Original_dataset/Neutral/002.wav,indian_english,indian_neutral_002
2112,neutral,data/indian_english/Original_dataset/Neutral/003.wav,indian_english,indian_neutral_003
2113,neutral,data/indian_english/Original_dataset/Neutral/004.wav,indian_english,indian_neutral_004
2114,neutral,data/indian_english/Original_dataset/Neutral/005.wav,indian_english,indian_neutral_005
2115,neutral,data/indian_english/Original_dataset/Neutral/006.wav,indian_english,indian_neutral_006
2116,neutral,data/indian_english/Original_dataset/Neutral/007.wav,indian_english,indian_neutral_007
2117,neutral,data/indian_english/Original_dataset/Neutral/008.wav,indian_english,indian_neutral_008
2118,neutral,data/indian_english/Original_dataset/Neutral/009.wav,indian_english,indian_neutral_009
2119,neutral,data/indian_english/Original_dataset/Neutral/010.wav,indian_english,indian_neutral_010
2120,neutral,data/indian_english/Original_dataset/Neutral/011.wav,indian_english,indian_neutral_011
2121,neutral,data/indian_english/Original_dataset/Neutral/012.wav,indian_english,indian_neutral_012
2122,neutral,data/indian_english/Original_dataset/Neutral/013.wav,indian_english,indian_neutral_013
2123,neutral,data/indian_english/Original_dataset/Neutral/014.wav,indian_english,indian_neutral_014
2124,neutral,data/indian_english/Original_dataset/Neutral/015.wav,indian_english,indian_neutral_015
2125,neutral,data/indian_english/Original_dataset/Neutral/016.wav,indian_english,indian_neutral_016
2126,neutral,data/indian_english/Original_dataset/Neutral/017.wav,indian_english,indian_neutral_017
2127,neutral,data/indian_english/Original_dataset/Neutral/018.wav,indian_english,indian_neutral_018
2128,neutral,data/indian_english/Original_dataset/Neutral/019.wav,indian_english,indian_neutral_019
2129,neutral,data/indian_english/Original_dataset/Neutral/020.wav,indian_english,indian_neutral_020
2130,neutral,data/indian_english/Original_dataset/Neutral/021.wav,indian_english,indian_neutral_021
2131,neutral,data/indian_english/Original_dataset/Neutral/022.wav,indian_english,indian_neutral_022
2132,neutral,data/indian_english/Original_dataset/Neutral/023.wav,indian_english,indian_neutral_023
2133,neutral,data/indian_english/Original_dataset/Neutral/024.wav,indian_english,indian_neutral_024
2134,neutral,data/indian_english/Original_dataset/Neutral/025.wav,indian_english,indian_neutral_025
2135,neutral,data/indian_english/Original_dataset/Neutral/026.wav,indian_english,indian_neutral_026
2136,neutral,data/indian_english/Original_dataset/Neutral/027.wav,indian_english,indian_neutral_027
2137,neutral,data/indian_english/Original_dataset/Neutral/028.wav,indian_english,indian_neutral_028
2138,neutral,data/indian_english/Original_dataset/Neutral/029.wav,indian_english,indian_neutral_029
2139,neutral,data/indian_english/Original_dataset/Neutral/030.wav,indian_english,indian_neutral_030
2140,neutral,data/indian_english/Original_dataset/Neutral/031.wav,indian_english,indian_neutral_031
2141,neutral,data/indian_english/Original_dataset/Neutral/032.wav,indian_english,indian_neutral_032
2142,neutral,data/indian_english/Original_dataset/Neutral/033.wav,indian_english,indian_neutral_033
2143,neutral,data/indian_english/Original_dataset/Neutral/034.wav,indian_english,indian_neutral_034
2144,neutral,data/indian_english/Original_dataset/Neutral/035.wav,indian_english,indian_neutral_035
2145,neutral,data/indian_english/Original_dataset/Neutral/036.wav,indian_english,indian_neutral_036
2146,neutral,data/indian_english/Original_dataset/Neutral/037.wav,indian_english,indian_neutral_037
2147,neutral,data/indian_english/Original_dataset/Neutral/038.wav,indian_english,indian_neutral_038
2148,neutral,data/indian_english/Original_dataset/Neutral/039.wav,indian_english,indian_neutral_039
2149,neutral,data/indian_english/Original_dataset/Neutral/040.wav,indian_english,indian_neutral_040
2150,neutral,data/indian_english/Original_dataset/Neutral/041.wav,indian_english,indian_neutral_041
2151,neutral,data/indian_english/Original_dataset/Neutral/042.wav,indian_english,indian_neutral_042
2152,neutral,data/indian_english/Original_dataset/Neutral/043.wav,indian_english,indian_neutral_043
2153,neutral,data/indian_english/Original_dataset/Neutral/044.wav,indian_english,indian_neutral_044
2154,neutral,data/indian_english/Original_dataset/Neutral/045.wav,indian_english,indian_neutral_045
2155,neutral,data/indian_english/Original_dataset/Neutral/046.wav,indian_english,indian_neutral_046
2156,neutral,data/indian_english/Original_dataset/Neutral/047.wav,indian_english,indian_neutral_047
2157,neutral,data/indian_english/Original_dataset/Neutral/048.wav,indian_english,indian_neutral_048
2158,neutral,data/indian_english/Original_dataset/Neutral/049.wav,indian_english,indian_neutral_049
2159,neutral,data/indian_english/Original_dataset/Neutral/050.wav,indian_english,indian_neutral_050
2160,neutral,data/indian_english/Original_dataset/Neutral/051.wav,indian_english,indian_neutral_051
2161,neutral,data/indian_english/Original_dataset/Neutral/052.wav,indian_english,indian_neutral_052
2162,neutral,data/indian_english/Original_dataset/Neutral/053.wav,indian_english,indian_neutral_053
2163,neutral,data/indian_english/Original_dataset/Neutral/054.wav,indian_english,indian_neutral_054
2164,neutral,data/indian_english/Original_dataset/Neutral/055.wav,indian_english,indian_neutral_055
2165,neutral,data/indian_english/Original_dataset/Neutral/056.wav,indian_english,indian_neutral_056
2166,neutral,data/indian_english/Original_dataset/Neutral/057.wav,indian_english,indian_neutral_057
2167,neutral,data/indian_english/Original_dataset/Neutral/058.wav,indian_english,indian_neutral_058
2168,neutral,data/indian_english/Original_dataset/Neutral/059.wav,indian_english,indian_neutral_059
2169,neutral,data/indian_english/Original_dataset/Neutral/060.wav,indian_english,indian_neutral_060
2170,neutral,data/indian_english/Original_dataset/Neutral/061.wav,indian_english,indian_neutral_061
2171,neutral,data/indian_english/Original_dataset/Neutral/062.wav,indian_english,indian_neutral_062
2172,neutral,data/indian_english/Original_dataset/Neutral/063.wav,indian_english,indian_neutral_063
2173,neutral,data/indian_english/Original_dataset/Neutral/064.wav,indian_english,indian_neutral_064
2174,neutral,data/indian_english/Original_dataset/Neutral/065.wav,indian_english,indian_neutral_065
2175,neutral,data/indian_english/Original_dataset/Neutral/066.wav,indian_english,indian_neutral_066
2176,neutral,data/indian_english/Original_dataset/Neutral/067.wav,indian_english,indian_neutral_067
2177,neutral,data/indian_english/Original_dataset/Neutral/068.wav,indian_english,indian_neutral_068
2178,neutral,data/indian_english/Original_dataset/Neutral/069.wav,indian_english,indian_neutral_069
2179,neutral,data/indian_english/Original_dataset/Neutral/070.wav,indian_english,indian_neutral_070
2180,neutral,data/indian_english/Original_dataset/Neutral/071.wav,indian_english,indian_neutral_071
2181,neutral,data/indian_english/Original_dataset/Neutral/072.wav,indian_english,indian_neutral_072
2182,neutral,data/indian_english/Original_dataset/Neutral/073.wav,indian_english,indian_neutral_073
2183,neutral,data/indian_english/Original_dataset/Neutral/074.wav,indian_english,indian_neutral_074
2184,neutral,data/indian_english/Original_dataset/Neutral/075.wav,indian_english,indian_neutral_075
2185,neutral,data/indian_english/Original_dataset/Neutral/076.wav,indian_english,indian_neutral_076
2186,neutral,data/indian_english/Original_dataset/Neutral/077.wav,indian_english,indian_neutral_077
2187,neutral,data/indian_english/Original_dataset/Neutral/078.wav,indian_english,indian_neutral_078
2188,neutral,data/indian_english/Original_dataset/Neutral/079.wav,indian_english,indian_neutral_079
2189,neutral,data/indian_english/Original_dataset/Neutral/080.wav,indian_english,indian_neutral_080
2190,neutral,data/indian_english/Original_dataset/Neutral/081.wav,indian_english,indian_neutral_081
2191,neutral,data/indian_english/Original_dataset/Neutral/082.wav,indian_english,indian_neutral_082
2192,neutral,data/indian_english/Original_dataset/Neutral/083.wav,indian_english,indian_neutral_083
2193,neutral,data/indian_english/Original_dataset/Neutral/084.wav,indian_english,indian_neutral_084
2194,neutral,data/indian_english/Original_dataset/Neutral/085.wav,indian_english,indian_neutral_085
2195,neutral,data/indian_english/Original_dataset/Neutral/086.wav,indian_english,indian_neutral_086
2196,neutral,data/indian_english/Original_dataset/Neutral/087.wav,indian_english,indian_neutral_087
2197,neutral,data/indian_english/Original_dataset/Neutral/088.wav,indian_english,indian_neutral_088
2198,neutral,data/indian_english/Original_dataset/Neutral/089.wav,indian_english,indian_neutral_089
2199,neutral,data/indian_english/Original_dataset/Neutral/090.wav,indian_english,indian_neutral_090
2200,neutral,data/indian_english/Original_dataset/Neutral/091.wav,indian_english,indian_neutral_091
2201,neutral,data/indian_english/Original_dataset/Neutral/092.wav,indian_english,indian_neutral_092
2202,neutral,data/indian_english/Original_dataset/Neutral/093.wav,indian_english,indian_neutral_093
2203,neutral,data/indian_english/Original_dataset/Neutral/094.wav,indian_english,indian_neutral_094
2204,neutral,data/indian_english/Original_dataset/Neutral/095.wav,indian_english,indian_neutral_095
2205,neutral,data/indian_english/Original_dataset/Neutral/096.wav,indian_english,indian_neutral_096
2206,neutral,data/indian_english/Original_dataset/Neutral/097.wav,indian_english,indian_neutral_097
2207,neutral,data/indian_english/Original_dataset/Neutral/098.wav,indian_english,indian_neutral_098
2208,neutral,data/indian_english/Original_dataset/Neutral/099.wav,indian_english,indian_neutral_099
2209,neutral,data/indian_english/Original_dataset/Neutral/100.wav,indian_english,indian_neutral_100
2210,neutral,data/indian_english/Original_dataset/Neutral/101.wav,indian_english,indian_neutral_101
2211,neutral,data/indian_english/Original_dataset/Neutral/102.wav,indian_english,indian_neutral_102
2212,neutral,data/indian_english/Original_dataset/Neutral/103.wav,indian_english,indian_neutral_103
2213,neutral,data/indian_english/Original_dataset/Neutral/104.wav,indian_english,indian_neutral_104
2214,neutral,data/indian_english/Original_dataset/Neutral/105.wav,indian_english,indian_neutral_105
2215,neutral,data/indian_english/Original_dataset/Neutral/106.wav,indian_english,indian_neutral_106
2216,neutral,data/indian_english/Original_dataset/Neutral/107.wav,indian_english,indian_neutral_107
2217,neutral,data/indian_english/Original_dataset/Neutral/108.wav,indian_english,indian_neutral_108
2218,neutral,data/indian_english/Original_dataset/Neutral/109.wav,indian_english,indian_neutral_109
2219,neutral,data/indian_english/Original_dataset/Neutral/110.wav,indian_english,indian_neutral_110
2220,neutral,data/indian_english/Original_dataset/Neutral/111.wav,indian_english,indian_neutral_111
2221,neutral,data/indian_english/Original_dataset/Neutral/112.wav,indian_english,indian_neutral_112
2222,neutral,data/indian_english/Original_dataset/Neutral/113.wav,indian_english,indian_neutral_113
2223,neutral,data/indian_english/Original_dataset/Neutral/114.wav,indian_english,indian_neutral_114
2224,neutral,data/indian_english/Original_dataset/Neutral/115.wav,indian_english,indian_neutral_115
2225,neutral,data/indian_english/Original_dataset/Neutral/116.wav,indian_english,indian_neutral_116
2226,neutral,data/indian_english/Original_dataset/Neutral/117.wav,indian_english,indian_neutral_117
2227,neutral,data/indian_english/Original_dataset/Neutral/118.wav,indian_english,indian_neutral_118
2228,neutral,data/indian_english/Original_dataset/Neutral/119.wav,indian_english,indian_neutral_119
2229,neutral,data/indian_english/Original_dataset/Neutral/120.wav,indian_english,indian_neutral_120
2230,neutral,data/indian_english/Original_dataset/Neutral/121.wav,indian_english,indian_neutral_121
2231,neutral,data/indian_english/Original_dataset/Neutral/122.wav,indian_english,indian_neutral_122
2232,neutral,data/indian_english/Original_dataset/Neutral/123.wav,indian_english,indian_neutral_123
2233,neutral,data/indian_english/Original_dataset/Neutral/124.wav,indian_english,indian_neutral_124
2234,neutral,data/indian_english/Original_dataset/Neutral/125.wav,indian_english,indian_neutral_125
2235,neutral,data/indian_english/Original_dataset/Neutral/126.wav,indian_english,indian_neutral_126
2236,neutral,data/indian_english/Original_dataset/Neutral/127.wav,indian_english,indian_neutral_127
2237,neutral,data/indian_english/Original_dataset/Neutral/128.wav,indian_english,indian_neutral_128
2238,neutral,data/indian_english/Original_dataset/Neutral/129.wav,indian_english,indian_neutral_129
2239,neutral,data/indian_english/Original_dataset/Neutral/130.wav,indian_english,indian_neutral_130
2240,neutral,data/indian_english/Original_dataset/Neutral/131.wav,indian_english,indian_neutral_131
2241,neutral,data/indian_english/Original_dataset/Neutral/132.wav,indian_english,indian_neutral_132
2242,neutral,data/indian_english/Original_dataset/Neutral/133.wav,indian_english,indian_neutral_133
2243,neutral,data/indian_english/Original_dataset/Neutral/134.wav,indian_english,indian_neutral_134
2244,neutral,data/indian_english/Original_dataset/Neutral/135.wav,indian_english,indian_neutral_135
2245,neutral,data/indian_english/Original_dataset/Neutral/136.wav,indian_english,indian_neutral_136
2246,neutral,data/indian_english/Original_dataset/Neutral/137.wav,indian_english,indian_neutral_137
2247,neutral,data/indian_english/Original_dataset/Neutral/138.wav,indian_english,indian_neutral_138
2248,neutral,data/indian_english/Original_dataset/Neutral/139.wav,indian_english,indian_neutral_139
2249,neutral,data/indian_english/Original_dataset/Neutral/140.wav,indian_english,indian_neutral_140
2250,neutral,data/indian_english/Original_dataset/Neutral/141.wav,indian_english,indian_neutral_141
2251,neutral,data/indian_english/Original_dataset/Neutral/142.wav,indian_english,indian_neutral_142
2252,neutral,data/indian_english/Original_dataset/Neutral/143.wav,indian_english,indian_neutral_143
2253,neutral,data/indian_english/Original_dataset/Neutral/144.wav,indian_english,indian_neutral_144
2254,neutral,data/indian_english/Original_dataset/Neutral/145.wav,indian_english,indian_neutral_145
2255,neutral,data/indian_english/Original_dataset/Neutral/146.wav,indian_english,indian_neutral_146
2256,neutral,data/indian_english/Original_dataset/Neutral/147.wav,indian_english,indian_neutral_147
2257,neutral,data/indian_english/Original_dataset/Neutral/148.wav,indian_english,indian_neutral_148
2258,neutral,data/indian_english/Original_dataset/Neutral/149.wav,indian_english,indian_neutral_149
2259,neutral,data/indian_english/Original_dataset/Neutral/150.wav,indian_english,indian_neutral_150
2260,neutral,data/indian_english/Original_dataset/Neutral/151.wav,indian_english,indian_neutral_151
2261,neutral,data/indian_english/Original_dataset/Neutral/152.wav,indian_english,indian_neutral_152
2262,neutral,data/indian_english/Original_dataset/Neutral/153.wav,indian_english,indian_neutral_153
2263,neutral,data/indian_english/Original_dataset/Neutral/154.wav,indian_english,indian_neutral_154
2264,neutral,data/indian_english/Original_dataset/Neutral/155.wav,indian_english,indian_neutral_155
2265,neutral,data/indian_english/Original_dataset/Neutral/156.wav,indian_english,indian_neutral_156
2266,neutral,data/indian_english/Original_dataset/Neutral/157.wav,indian_english,indian_neutral_157
2267,neutral,data/indian_english/Original_dataset/Neutral/158.wav,indian_english,indian_neutral_158
2268,neutral,data/indian_english/Original_dataset/Neutral/159.wav,indian_english,indian_neutral_159
2269,neutral,data/indian_english/Original_dataset/Neutral/160.wav,indian_english,indian_neutral_160
2270,neutral,data/indian_english/Original_dataset/Neutral/161.wav,indian_english,indian_neutral_161
2271,neutral,data/indian_english/Original_dataset/Neutral/162.wav,indian_english,indian_neutral_162
2272,neutral,data/indian_english/Original_dataset/Neutral/163.wav,indian_english,indian_neutral_163
2273,neutral,data/indian_english/Original_dataset/Neutral/164.wav,indian_english,indian_neutral_164
2274,neutral,data/indian_english/Original_dataset/Neutral/165.wav,indian_english,indian_neutral_165
2275,neutral,data/indian_english/Original_dataset/Neutral/166.wav,indian_english,indian_neutral_166
2276,neutral,data/indian_english/Original_dataset/Neutral/167.wav,indian_english,indian_neutral_167
2277,neutral,data/indian_english/Original_dataset/Neutral/168.wav,indian_english,indian_neutral_168
2278,neutral,data/indian_english/Original_dataset/Neutral/169.wav,indian_english,indian_neutral_169
2279,neutral,data/indian_english/Original_dataset/Neutral/170.wav,indian_english,indian_neutral_170
2280,neutral,data/indian_english/Original_dataset/Neutral/171.wav,indian_english,indian_neutral_171
2281,neutral,data/indian_english/Original_dataset/Neutral/172.wav,indian_english,indian_neutral_172
2282,neutral,data/indian_english/Original_dataset/Neutral/173.wav,indian_english,indian_neutral_173
2283,neutral,data/indian_english/Original_dataset/Neutral/174.wav,indian_english,indian_neutral_174
2284,neutral,data/indian_english/Original_dataset/Neutral/175.wav,indian_english,indian_neutral_175
2285,sad,data/indian_english/Augmented/Sad/001.wav,indian_english,indian_sad_001
2286,sad,data/indian_english/Augmented/Sad/002.wav,indian_english,indian_sad_002
2287,sad,data/indian_english/Augmented/Sad/003.wav,indian_english,indian_sad_003
2288,sad,data/indian_english/Augmented/Sad/004.wav,indian_english,indian_sad_004
2289,sad,data/indian_english/Augmented/Sad/005.wav,indian_english,indian_sad_005
2290,sad,data/indian_english/Augmented/Sad/006.wav,indian_english,indian_sad_006
2291,sad,data/indian_english/Augmented/Sad/007.wav,indian_english,indian_sad_007
2292,sad,data/indian_english/Augmented/Sad/008.wav,indian_english,indian_sad_008
2293,sad,data/indian_english/Augmented/Sad/009.wav,indian_english,indian_sad_009
2294,sad,data/indian_english/Augmented/Sad/010.wav,indian_english,indian_sad_010
2295,sad,data/indian_english/Augmented/Sad/011.wav,indian_english,indian_sad_011
2296,sad,data/indian_english/Augmented/Sad/012.wav,indian_english,indian_sad_012
2297,sad,data/indian_english/Augmented/Sad/013.wav,indian_english,indian_sad_013
2298,sad,data/indian_english/Augmented/Sad/014.wav,indian_english,indian_sad_014
2299,sad,data/indian_english/Augmented/Sad/015.wav,indian_english,indian_sad_015
2300,sad,data/indian_english/Augmented/Sad/016.wav,indian_english,indian_sad_016
2301,sad,data/indian_english/Augmented/Sad/017.wav,indian_english,indian_sad_017
2302,sad,data/indian_english/Augmented/Sad/018.wav,indian_english,indian_sad_018
2303,sad,data/indian_english/Augmented/Sad/019.wav,indian_english,indian_sad_019
2304,sad,data/indian_english/Augmented/Sad/020.wav,indian_english,indian_sad_020
2305,sad,data/indian_english/Augmented/Sad/021.wav,indian_english,indian_sad_021
2306,sad,data/indian_english/Augmented/Sad/022.wav,indian_english,indian_sad_022
2307,sad,data/indian_english/Augmented/Sad/023.wav,indian_english,indian_sad_023
2308,sad,data/indian_english/Augmented/Sad/024.wav,indian_english,indian_sad_024
2309,sad,data/indian_english/Augmented/Sad/025.wav,indian_english,indian_sad_025
2310,sad,data/indian_english/Augmented/Sad/026.wav,indian_english,indian_sad_026
2311,sad,data/indian_english/Augmented/Sad/027.wav,indian_english,indian_sad_027
2312,sad,data/indian_english/Augmented/Sad/028.wav,indian_english,indian_sad_028
2313,sad,data/indian_english/Augmented/Sad/029.wav,indian_english,indian_sad_029
2314,sad,data/indian_english/Augmented/Sad/030.wav,indian_english,indian_sad_030
2315,sad,data/indian_english/Augmented/Sad/031.wav,indian_english,indian_sad_031
2316,sad,data/indian_english/Augmented/Sad/032.wav,indian_english,indian_sad_032
2317,sad,data/indian_english/Augmented/Sad/033.wav,indian_english,indian_sad_033
2318,sad,data/indian_english/Augmented/Sad/034.wav,indian_english,indian_sad_034
2319,sad,data/indian_english/Augmented/Sad/035.wav,indian_english,indian_sad_035
2320,sad,data/indian_english/Augmented/Sad/036.wav,indian_english,indian_sad_036
2321,sad,data/indian_english/Augmented/Sad/037.wav,indian_english,indian_sad_037
2322,sad,data/indian_english/Augmented/Sad/038.wav,indian_english,indian_sad_038
2323,sad,data/indian_english/Augmented/Sad/039.wav,indian_english,indian_sad_039
2324,sad,data/indian_english/Augmented/Sad/040.wav,indian_english,indian_sad_040
2325,sad,data/indian_english/Augmented/Sad/041.wav,indian_english,indian_sad_041
2326,sad,data/indian_english/Augmented/Sad/042.wav,indian_english,indian_sad_042
2327,sad,data/indian_english/Augmented/Sad/043.wav,indian_english,indian_sad_043
2328,sad,data/indian_english/Augmented/Sad/044.wav,indian_english,indian_sad_044
2329,sad,data/indian_english/Augmented/Sad/045.wav,indian_english,indian_sad_045
2330,sad,data/indian_english/Augmented/Sad/046.wav,indian_english,indian_sad_046
2331,sad,data/indian_english/Augmented/Sad/047.wav,indian_english,indian_sad_047
2332,sad,data/indian_english/Augmented/Sad/048.wav,indian_english,indian_sad_048
2333,sad,data/indian_english/Augmented/Sad/049.wav,indian_english,indian_sad_049
2334,sad,data/indian_english/Augmented/Sad/050.wav,indian_english,indian_sad_050
2335,sad,data/indian_english/Augmented/Sad/051.wav,indian_english,indian_sad_051
2336,sad,data/indian_english/Augmented/Sad/052.wav,indian_english,indian_sad_052
2337,sad,data/indian_english/Augmented/Sad/053.wav,indian_english,indian_sad_053
2338,sad,data/indian_english/Augmented/Sad/054.wav,indian_english,indian_sad_054
2339,sad,data/indian_english/Augmented/Sad/055.wav,indian_english,indian_sad_055
2340,sad,data/indian_english/Augmented/Sad/056.wav,indian_english,indian_sad_056
2341,sad,data/indian_english/Augmented/Sad/057.wav,indian_english,indian_sad_057
2342,sad,data/indian_english/Augmented/Sad/058.wav,indian_english,indian_sad_058
2343,sad,data/indian_english/Augmented/Sad/059.wav,indian_english,indian_sad_059
2344,sad,data/indian_english/Augmented/Sad/060.wav,indian_english,indian_sad_060
2345,sad,data/indian_english/Augmented/Sad/061.wav,indian_english,indian_sad_061
2346,sad,data/indian_english/Augmented/Sad/062.wav,indian_english,indian_sad_062
2347,sad,data/indian_english/Augmented/Sad/063.wav,indian_english,indian_sad_063
2348,sad,data/indian_english/Augmented/Sad/064.wav,indian_english,indian_sad_064
2349,sad,data/indian_english/Augmented/Sad/065.wav,indian_english,indian_sad_065
2350,sad,data/indian_english/Augmented/Sad/066.wav,indian_english,indian_sad_066
2351,sad,data/indian_english/Augmented/Sad/067.wav,indian_english,indian_sad_067
2352,sad,data/indian_english/Augmented/Sad/068.wav,indian_english,indian_sad_068
2353,sad,data/indian_english/Augmented/Sad/069.wav,indian_english,indian_sad_069
2354,sad,data/indian_english/Augmented/Sad/070.wav,indian_english,indian_sad_070
2355,sad,data/indian_english/Augmented/Sad/071.wav,indian_english,indian_sad_071
2356,sad,data/indian_english/Augmented/Sad/072.wav,indian_english,indian_sad_072
2357,sad,data/indian_english/Augmented/Sad/073.wav,indian_english,indian_sad_073
2358,sad,data/indian_english/Augmented/Sad/074.wav,indian_english,indian_sad_074
2359,sad,data/indian_english/Augmented/Sad/075.wav,indian_english,indian_sad_075
2360,sad,data/indian_english/Augmented/Sad/076.wav,indian_english,indian_sad_076
2361,sad,data/indian_english/Augmented/Sad/077.wav,indian_english,indian_sad_077
2362,sad,data/indian_english/Augmented/Sad/078.wav,indian_english,indian_sad_078
2363,sad,data/indian_english/Augmented/Sad/079.wav,indian_english,indian_sad_079
2364,sad,data/indian_english/Augmented/Sad/080.wav,indian_english,indian_sad_080
2365,sad,data/indian_english/Augmented/Sad/081.wav,indian_english,indian_sad_081
2366,sad,data/indian_english/Augmented/Sad/082.wav,indian_english,indian_sad_082
2367,sad,data/indian_english/Augmented/Sad/083.wav,indian_english,indian_sad_083
2368,sad,data/indian_english/Augmented/Sad/084.wav,indian_english,indian_sad_084
2369,sad,data/indian_english/Augmented/Sad/085.wav,indian_english,indian_sad_085
2370,sad,data/indian_english/Augmented/Sad/086.wav,indian_english,indian_sad_086
2371,sad,data/indian_english/Augmented/Sad/087.wav,indian_english,indian_sad_087
2372,sad,data/indian_english/Augmented/Sad/088.wav,indian_english,indian_sad_088
2373,sad,data/indian_english/Augmented/Sad/089.wav,indian_english,indian_sad_089
2374,sad,data/indian_english/Augmented/Sad/090.wav,indian_english,indian_sad_090
2375,sad,data/indian_english/Augmented/Sad/091.wav,indian_english,indian_sad_091
2376,sad,data/indian_english/Augmented/Sad/092.wav,indian_english,indian_sad_092
2377,sad,data/indian_english/Augmented/Sad/093.wav,indian_english,indian_sad_093
2378,sad,data/indian_english/Augmented/Sad/094.wav,indian_english,indian_sad_094
2379,sad,data/indian_english/Augmented/Sad/095.wav,indian_english,indian_sad_095
2380,sad,data/indian_english/Augmented/Sad/096.wav,indian_english,indian_sad_096
2381,sad,data/indian_english/Augmented/Sad/097.wav,indian_english,indian_sad_097
2382,sad,data/indian_english/Augmented/Sad/098.wav,indian_english,indian_sad_098
2383,sad,data/indian_english/Augmented/Sad/099.wav,indian_english,indian_sad_099
2384,sad,data/indian_english/Augmented/Sad/100.wav,indian_english,indian_sad_100
2385,sad,data/indian_english/Augmented/Sad/101.wav,indian_english,indian_sad_101
2386,sad,data/indian_english/Augmented/Sad/102.wav,indian_english,indian_sad_102
2387,sad,data/indian_english/Augmented/Sad/103.wav,indian_english,indian_sad_103
2388,sad,data/indian_english/Augmented/Sad/104.wav,indian_english,indian_sad_104
2389,sad,data/indian_english/Augmented/Sad/105.wav,indian_english,indian_sad_105
2390,sad,data/indian_english/Augmented/Sad/106.wav,indian_english,indian_sad_106
2391,sad,data/indian_english/Augmented/Sad/107.wav,indian_english,indian_sad_107
2392,sad,data/indian_english/Augmented/Sad/108.wav,indian_english,indian_sad_108
2393,sad,data/indian_english/Augmented/Sad/109.wav,indian_english,indian_sad_109
2394,sad,data/indian_english/Augmented/Sad/110.wav,indian_english,indian_sad_110
2395,sad,data/indian_english/Augmented/Sad/111.wav,indian_english,indian_sad_111
2396,sad,data/indian_english/Augmented/Sad/112.wav,indian_english,indian_sad_112
2397,sad,data/indian_english/Augmented/Sad/113.wav,indian_english,indian_sad_113
2398,sad,data/indian_english/Augmented/Sad/114.wav,indian_english,indian_sad_114
2399,sad,data/indian_english/Augmented/Sad/115.wav,indian_english,indian_sad_115
2400,sad,data/indian_english/Augmented/Sad/116.wav,indian_english,indian_sad_116
2401,sad,data/indian_english/Augmented/Sad/117.wav,indian_english,indian_sad_117
2402,sad,data/indian_english/Augmented/Sad/118.wav,indian_english,indian_sad_118
2403,sad,data/indian_english/Augmented/Sad/119.wav,indian_english,indian_sad_119
2404,sad,data/indian_english/Augmented/Sad/120.wav,indian_english,indian_sad_120
2405,sad,data/indian_english/Augmented/Sad/121.wav,indian_english,indian_sad_121
2406,sad,data/indian_english/Augmented/Sad/122.wav,indian_english,indian_sad_122
2407,sad,data/indian_english/Augmented/Sad/123.wav,indian_english,indian_sad_123
2408,sad,data/indian_english/Augmented/Sad/124.wav,indian_english,indian_sad_124
2409,sad,data/indian_english/Augmented/Sad/125.wav,indian_english,indian_sad_125
2410,sad,data/indian_english/Augmented/Sad/126.wav,indian_english,indian_sad_126
2411,sad,data/indian_english/Augmented/Sad/127.wav,indian_english,indian_sad_127
2412,sad,data/indian_english/Augmented/Sad/128.wav,indian_english,indian_sad_128
2413,sad,data/indian_english/Augmented/Sad/129.wav,indian_english,indian_sad_129
2414,sad,data/indian_english/Augmented/Sad/130.wav,indian_english,indian_sad_130
2415,sad,data/indian_english/Augmented/Sad/131.wav,indian_english,indian_sad_131
2416,sad,data/indian_english/Augmented/Sad/132.wav,indian_english,indian_sad_132
2417,sad,data/indian_english/Augmented/Sad/133.wav,indian_english,indian_sad_133
2418,sad,data/indian_english/Augmented/Sad/134.wav,indian_english,indian_sad_134
2419,sad,data/indian_english/Augmented/Sad/135.wav,indian_english,indian_sad_135
2420,sad,data/indian_english/Augmented/Sad/136.wav,indian_english,indian_sad_136
2421,sad,data/indian_english/Augmented/Sad/137.wav,indian_english,indian_sad_137
2422,sad,data/indian_english/Augmented/Sad/138.wav,indian_english,indian_sad_138
2423,sad,data/indian_english/Augmented/Sad/139.wav,indian_english,indian_sad_139
2424,sad,data/indian_english/Augmented/Sad/140.wav,indian_english,indian_sad_140
2425,sad,data/indian_english/Augmented/Sad/141.wav,indian_english,indian_sad_141
2426,sad,data/indian_english/Augmented/Sad/142.wav,indian_english,indian_sad_142
2427,sad,data/indian_english/Augmented/Sad/143.wav,indian_english,indian_sad_143
2428,sad,data/indian_english/Augmented/Sad/144.wav,indian_english,indian_sad_144
2429,sad,data/indian_english/Augmented/Sad/145.wav,indian_english,indian_sad_145
2430,sad,data/indian_english/Augmented/Sad/146.wav,indian_english,indian_sad_146
2431,sad,data/indian_english/Augmented/Sad/147.wav,indian_english,indian_sad_147
2432,sad,data/indian_english/Augmented/Sad/148.wav,indian_english,indian_sad_148
2433,sad,data/indian_english/Augmented/Sad/149.wav,indian_english,indian_sad_149
2434,sad,data/indian_english/Augmented/Sad/150.wav,indian_english,indian_sad_150
2435,sad,data/indian_english/Augmented/Sad/151.wav,indian_english,indian_sad_151
2436,sad,data/indian_english/Augmented/Sad/152.wav,indian_english,indian_sad_152
2437,sad,data/indian_english/Augmented/Sad/153.wav,indian_english,indian_sad_153
2438,sad,data/indian_english/Augmented/Sad/154.wav,indian_english,indian_sad_154
2439,sad,data/indian_english/Augmented/Sad/155.wav,indian_english,indian_sad_155
2440,sad,data/indian_english/Augmented/Sad/156.wav,indian_english,indian_sad_156
2441,sad,data/indian_english/Augmented/Sad/157.wav,indian_english,indian_sad_157
2442,sad,data/indian_english/Augmented/Sad/158.wav,indian_english,indian_sad_158
2443,sad,data/indian_english/Augmented/Sad/159.wav,indian_english,indian_sad_159
2444,sad,data/indian_english/Augmented/Sad/160.wav,indian_english,indian_sad_160
2445,sad,data/indian_english/Augmented/Sad/161.wav,indian_english,indian_sad_161
2446,sad,data/indian_english/Augmented/Sad/162.wav,indian_english,indian_sad_162
2447,sad,data/indian_english/Augmented/Sad/163.wav,indian_english,indian_sad_163
2448,sad,data/indian_english/Augmented/Sad/164.wav,indian_english,indian_sad_164
2449,sad,data/indian_english/Augmented/Sad/165.wav,indian_english,indian_sad_165
2450,sad,data/indian_english/Augmented/Sad/166.wav,indian_english,indian_sad_166
2451,sad,data/indian_english/Augmented/Sad/167.wav,indian_english,indian_sad_167
2452,sad,data/indian_english/Augmented/Sad/168.wav,indian_english,indian_sad_168
2453,sad,data/indian_english/Augmented/Sad/169.wav,indian_english,indian_sad_169
2454,sad,data/indian_english/Augmented/Sad/170.wav,indian_english,indian_sad_170
2455,sad,data/indian_english/Augmented/Sad/171.wav,indian_english,indian_sad_171
2456,sad,data/indian_english/Augmented/Sad/172.wav,indian_english,indian_sad_172
2457,sad,data/indian_english/Augmented/Sad/173.wav,indian_english,indian_sad_173
2458,sad,data/indian_english/Augmented/Sad/174.wav,indian_english,indian_sad_174
2459,sad,data/indian_english/Augmented/Sad/175.wav,indian_english,indian_sad_175
2460,sad,data/indian_english/Augmented/Sad/176.wav,indian_english,indian_sad_176
2461,sad,data/indian_english/Augmented/Sad/177.wav,indian_english,indian_sad_177
2462,sad,data/indian_english/Augmented/Sad/178.wav,indian_english,indian_sad_178
2463,sad,data/indian_english/Augmented/Sad/179.wav,indian_english,indian_sad_179
2464,sad,data/indian_english/Augmented/Sad/180.wav,indian_english,indian_sad_180
2465,sad,data/indian_english/Augmented/Sad/181.wav,indian_english,indian_sad_181
2466,sad,data/indian_english/Augmented/Sad/182.wav,indian_english,indian_sad_182
2467,sad,data/indian_english/Augmented/Sad/183.wav,indian_english,indian_sad_183
2468,sad,data/indian_english/Augmented/Sad/184.wav,indian_english,indian_sad_184
2469,sad,data/indian_english/Augmented/Sad/185.wav,indian_english,indian_sad_185
2470,sad,data/indian_english/Augmented/Sad/186.wav,indian_english,indian_sad_186
2471,sad,data/indian_english/Augmented/Sad/187.wav,indian_english,indian_sad_187
2472,sad,data/indian_english/Augmented/Sad/188.wav,indian_english,indian_sad_188
2473,sad,data/indian_english/Augmented/Sad/189.wav,indian_english,indian_sad_189
2474,sad,data/indian_english/Augmented/Sad/190.wav,indian_english,indian_sad_190
2475,sad,data/indian_english/Augmented/Sad/191.wav,indian_english,indian_sad_191
2476,sad,data/indian_english/Augmented/Sad/192.wav,indian_english,indian_sad_192
2477,sad,data/indian_english/Augmented/Sad/193.wav,indian_english,indian_sad_193
2478,sad,data/indian_english/Augmented/Sad/194.wav,indian_english,indian_sad_194
2479,sad,data/indian_english/Augmented/Sad/195.wav,indian_english,indian_sad_195
2480,sad,data/indian_english/Augmented/Sad/196.wav,indian_english,indian_sad_196
2481,sad,data/indian_english/Augmented/Sad/197.wav,indian_english,indian_sad_197
2482,sad,data/indian_english/Augmented/Sad/198.wav,indian_english,indian_sad_198
2483,sad,data/indian_english/Augmented/Sad/199.wav,indian_english,indian_sad_199
2484,sad,data/indian_english/Augmented/Sad/200.wav,indian_english,indian_sad_200
2485,sad,data/indian_english/Augmented/Sad/201.wav,indian_english,indian_sad_201
2486,sad,data/indian_english/Augmented/Sad/202.wav,indian_english,indian_sad_202
2487,sad,data/indian_english/Augmented/Sad/203.wav,indian_english,indian_sad_203
2488,sad,data/indian_english/Augmented/Sad/204.wav,indian_english,indian_sad_204
2489,sad,data/indian_english/Augmented/Sad/205.wav,indian_english,indian_sad_205
2490,sad,data/indian_english/Augmented/Sad/206.wav,indian_english,indian_sad_206
2491,sad,data/indian_english/Augmented/Sad/207.wav,indian_english,indian_sad_207
2492,sad,data/indian_english/Augmented/Sad/208.wav,indian_english,indian_sad_208
2493,sad,data/indian_english/Augmented/Sad/209.wav,indian_english,indian_sad_209
2494,sad,data/indian_english/Augmented/Sad/210.wav,indian_english,indian_sad_210
2495,sad,data/indian_english/Augmented/Sad/211.wav,indian_english,indian_sad_211
2496,sad,data/indian_english/Augmented/Sad/212.wav,indian_english,indian_sad_212
2497,sad,data/indian_english/Augmented/Sad/213.wav,indian_english,indian_sad_213
2498,sad,data/indian_english/Augmented/Sad/214.wav,indian_english,indian_sad_214
2499,sad,data/indian_english/Augmented/Sad/215.wav,indian_english,indian_sad_215
2500,sad,data/indian_english/Augmented/Sad/216.wav,indian_english,indian_sad_216
2501,sad,data/indian_english/Augmented/Sad/217.wav,indian_english,indian_sad_217
2502,sad,data/indian_english/Augmented/Sad/218.wav,indian_english,indian_sad_218
2503,sad,data/indian_english/Augmented/Sad/219.wav,indian_english,indian_sad_219
2504,sad,data/indian_english/Augmented/Sad/220.wav,indian_english,indian_sad_220
2505,sad,data/indian_english/Augmented/Sad/221.wav,indian_english,indian_sad_221
2506,sad,data/indian_english/Augmented/Sad/222.wav,indian_english,indian_sad_222
2507,sad,data/indian_english/Augmented/Sad/223.wav,indian_english,indian_sad_223
2508,sad,data/indian_english/Augmented/Sad/224.wav,indian_english,indian_sad_224
2509,sad,data/indian_english/Augmented/Sad/225.wav,indian_english,indian_sad_225
2510,sad,data/indian_english/Augmented/Sad/226.wav,indian_english,indian_sad_226
2511,sad,data/indian_english/Augmented/Sad/227.wav,indian_english,indian_sad_227
2512,sad,data/indian_english/Augmented/Sad/228.wav,indian_english,indian_sad_228
2513,sad,data/indian_english/Augmented/Sad/229.wav,indian_english,indian_sad_229
2514,sad,data/indian_english/Augmented/Sad/230.wav,indian_english,indian_sad_230
2515,sad,data/indian_english/Augmented/Sad/231.wav,indian_english,indian_sad_231
2516,sad,data/indian_english/Augmented/Sad/232.wav,indian_english,indian_sad_232
2517,sad,data/indian_english/Augmented/Sad/233.wav,indian_english,indian_sad_233
2518,sad,data/indian_english/Augmented/Sad/234.wav,indian_english,indian_sad_234
2519,sad,data/indian_english/Augmented/Sad/235.wav,indian_english,indian_sad_235
2520,sad,data/indian_english/Augmented/Sad/236.wav,indian_english,indian_sad_236
2521,sad,data/indian_english/Augmented/Sad/237.wav,indian_english,indian_sad_237
2522,sad,data/indian_english/Augmented/Sad/238.wav,indian_english,indian_sad_238
2523,sad,data/indian_english/Augmented/Sad/239.wav,indian_english,indian_sad_239
2524,sad,data/indian_english/Augmented/Sad/240.wav,indian_english,indian_sad_240
2525,sad,data/indian_english/Augmented/Sad/241.wav,indian_english,indian_sad_241
2526,sad,data/indian_english/Augmented/Sad/242.wav,indian_english,indian_sad_242
2527,sad,data/indian_english/Augmented/Sad/243.wav,indian_english,indian_sad_243
2528,sad,data/indian_english/Augmented/Sad/244.wav,indian_english,indian_sad_244
2529,sad,data/indian_english/Augmented/Sad/245.wav,indian_english,indian_sad_245
2530,sad,data/indian_english/Augmented/Sad/246.wav,indian_english,indian_sad_246
2531,sad,data/indian_english/Augmented/Sad/247.wav,indian_english,indian_sad_247
2532,sad,data/indian_english/Augmented/Sad/248.wav,indian_english,indian_sad_248
2533,sad,data/indian_english/Augmented/Sad/249.wav,indian_english,indian_sad_249
2534,sad,data/indian_english/Augmented/Sad/250.wav,indian_english,indian_sad_250
2535,sad,data/indian_english/Augmented/Sad/251.wav,indian_english,indian_sad_251
2536,sad,data/indian_english/Augmented/Sad/252.wav,indian_english,indian_sad_252
2537,sad,data/indian_english/Augmented/Sad/253.wav,indian_english,indian_sad_253
2538,sad,data/indian_english/Augmented/Sad/254.wav,indian_english,indian_sad_254
2539,sad,data/indian_english/Augmented/Sad/255.wav,indian_english,indian_sad_255
2540,sad,data/indian_english/Augmented/Sad/256.wav,indian_english,indian_sad_256
2541,sad,data/indian_english/Augmented/Sad/257.wav,indian_english,indian_sad_257
2542,sad,data/indian_english/Augmented/Sad/258.wav,indian_english,indian_sad_258
2543,sad,data/indian_english/Augmented/Sad/259.wav,indian_english,indian_sad_259
2544,sad,data/indian_english/Augmented/Sad/260.wav,indian_english,indian_sad_260
2545,sad,data/indian_english/Augmented/Sad/261.wav,indian_english,indian_sad_261
2546,sad,data/indian_english/Augmented/Sad/262.wav,indian_english,indian_sad_262
2547,sad,data/indian_english/Augmented/Sad/263.wav,indian_english,indian_sad_263
2548,sad,data/indian_english/Augmented/Sad/264.wav,indian_english,indian_sad_264
2549,sad,data/indian_english/Augmented/Sad/265.wav,indian_english,indian_sad_265
2550,sad,data/indian_english/Augmented/Sad/266.wav,indian_english,indian_sad_266
2551,sad,data/indian_english/Augmented/Sad/267.wav,indian_english,indian_sad_267
2552,sad,data/indian_english/Augmented/Sad/268.wav,indian_english,indian_sad_268
2553,sad,data/indian_english/Augmented/Sad/269.wav,indian_english,indian_sad_269
2554,sad,data/indian_english/Augmented/Sad/270.wav,indian_english,indian_sad_270
2555,sad,data/indian_english/Augmented/Sad/271.wav,indian_english,indian_sad_271
2556,sad,data/indian_english/Augmented/Sad/272.wav,indian_english,indian_sad_272
2557,sad,data/indian_english/Augmented/Sad/273.wav,indian_english,indian_sad_273
2558,sad,data/indian_english/Augmented/Sad/274.wav,indian_english,indian_sad_274
2559,sad,data/indian_english/Augmented/Sad/275.wav,indian_english,indian_sad_275
2560,sad,data/indian_english/Augmented/Sad/276.wav,indian_english,indian_sad_276
2561,sad,data/indian_english/Augmented/Sad/277.wav,indian_english,indian_sad_277
2562,sad,data/indian_english/Augmented/Sad/278.wav,indian_english,indian_sad_278
2563,sad,data/indian_english/Augmented/Sad/279.wav,indian_english,indian_sad_279
2564,sad,data/indian_english/Augmented/Sad/280.wav,indian_english,indian_sad_280
2565,sad,data/indian_english/Augmented/Sad/281.wav,indian_english,indian_sad_281
2566,sad,data/indian_english/Augmented/Sad/282.wav,indian_english,indian_sad_282
2567,sad,data/indian_english/Augmented/Sad/283.wav,indian_english,indian_sad_283
2568,sad,data/indian_english/Augmented/Sad/284.wav,indian_english,indian_sad_284
2569,sad,data/indian_english/Augmented/Sad/285.wav,indian_english,indian_sad_285
2570,sad,data/indian_english/Augmented/Sad/286.wav,indian_english,indian_sad_286
2571,sad,data/indian_english/Augmented/Sad/287.wav,indian_english,indian_sad_287
2572,sad,data/indian_english/Augmented/Sad/288.wav,indian_english,indian_sad_288
2573,sad,data/indian_english/Augmented/Sad/289.wav,indian_english,indian_sad_289
2574,sad,data/indian_english/Augmented/Sad/290.wav,indian_english,indian_sad_290
2575,sad,data/indian_english/Augmented/Sad/291.wav,indian_english,indian_sad_291
2576,sad,data/indian_english/Augmented/Sad/292.wav,indian_english,indian_sad_292
2577,sad,data/indian_english/Augmented/Sad/293.wav,indian_english,indian_sad_293
2578,sad,data/indian_english/Augmented/Sad/294.wav,indian_english,indian_sad_294
2579,sad,data/indian_english/Augmented/Sad/295.wav,indian_english,indian_sad_295
2580,sad,data/indian_english/Augmented/Sad/296.wav,indian_english,indian_sad_296
2581,sad,data/indian_english/Augmented/Sad/297.wav,indian_english,indian_sad_297
2582,sad,data/indian_english/Augmented/Sad/298.wav,indian_english,indian_sad_298
2583,sad,data/indian_english/Augmented/Sad/299.wav,indian_english,indian_sad_299
2584,sad,data/indian_english/Augmented/Sad/300.wav,indian_english,indian_sad_300
2585,sad,data/indian_english/Augmented/Sad/301.wav,indian_english,indian_sad_301
2586,sad,data/indian_english/Augmented/Sad/302.wav,indian_english,indian_sad_302
2587,sad,data/indian_english/Augmented/Sad/303.wav,indian_english,indian_sad_303
2588,sad,data/indian_english/Augmented/Sad/304.wav,indian_english,indian_sad_304
2589,sad,data/indian_english/Augmented/Sad/305.wav,indian_english,indian_sad_305
2590,sad,data/indian_english/Augmented/Sad/306.wav,indian_english,indian_sad_306
2591,sad,data/indian_english/Augmented/Sad/307.wav,indian_english,indian_sad_307
2592,sad,data/indian_english/Augmented/Sad/308.wav,indian_english,indian_sad_308
2593,sad,data/indian_english/Augmented/Sad/309.wav,indian_english,indian_sad_309
2594,sad,data/indian_english/Augmented/Sad/310.wav,indian_english,indian_sad_310
2595,sad,data/indian_english/Augmented/Sad/311.wav,indian_english,indian_sad_311
2596,sad,data/indian_english/Augmented/Sad/312.wav,indian_english,indian_sad_312
2597,sad,data/indian_english/Augmented/Sad/313.wav,indian_english,indian_sad_313
2598,sad,data/indian_english/Augmented/Sad/314.wav,indian_english,indian_sad_314
2599,sad,data/indian_english/Augmented/Sad/315.wav,indian_english,indian_sad_315
2600,sad,data/indian_english/Augmented/Sad/316.wav,indian_english,indian_sad_316
2601,sad,data/indian_english/Augmented/Sad/317.wav,indian_english,indian_sad_317
2602,sad,data/indian_english/Augmented/Sad/318.wav,indian_english,indian_sad_318
2603,sad,data/indian_english/Augmented/Sad/319.wav,indian_english,indian_sad_319
2604,sad,data/indian_english/Augmented/Sad/320.wav,indian_english,indian_sad_320
2605,sad,data/indian_english/Augmented/Sad/321.wav,indian_english,indian_sad_321
2606,sad,data/indian_english/Augmented/Sad/322.wav,indian_english,indian_sad_322
2607,sad,data/indian_english/Augmented/Sad/323.wav,indian_english,indian_sad_323
2608,sad,data/indian_english/Augmented/Sad/324.wav,indian_english,indian_sad_324
2609,sad,data/indian_english/Augmented/Sad/325.wav,indian_english,indian_sad_325
2610,sad,data/indian_english/Augmented/Sad/326.wav,indian_english,indian_sad_326
2611,sad,data/indian_english/Augmented/Sad/327.wav,indian_english,indian_sad_327
2612,sad,data/indian_english/Augmented/Sad/328.wav,indian_english,indian_sad_328
2613,sad,data/indian_english/Augmented/Sad/329.wav,indian_english,indian_sad_329
2614,sad,data/indian_english/Augmented/Sad/330.wav,indian_english,indian_sad_330
2615,sad,data/indian_english/Augmented/Sad/331.wav,indian_english,indian_sad_331
2616,sad,data/indian_english/Augmented/Sad/332.wav,indian_english,indian_sad_332
2617,sad,data/indian_english/Augmented/Sad/333.wav,indian_english,indian_sad_333
2618,sad,data/indian_english/Augmented/Sad/334.wav,indian_english,indian_sad_334
2619,sad,data/indian_english/Augmented/Sad/335.wav,indian_english,indian_sad_335
2620,sad,data/indian_english/Augmented/Sad/336.wav,indian_english,indian_sad_336
2621,sad,data/indian_english/Augmented/Sad/337.wav,indian_english,indian_sad_337
2622,sad,data/indian_english/Augmented/Sad/338.wav,indian_english,indian_sad_338
2623,sad,data/indian_english/Augmented/Sad/339.wav,indian_english,indian_sad_339
2624,sad,data/indian_english/Augmented/Sad/340.wav,indian_english,indian_sad_340
2625,sad,data/indian_english/Augmented/Sad/341.wav,indian_english,indian_sad_341
2626,sad,data/indian_english/Augmented/Sad/342.wav,indian_english,indian_sad_342
2627,sad,data/indian_english/Augmented/Sad/343.wav,indian_english,indian_sad_343
2628,sad,data/indian_english/Augmented/Sad/344.wav,indian_english,indian_sad_344
2629,sad,data/indian_english/Augmented/Sad/345.wav,indian_english,indian_sad_345
2630,sad,data/indian_english/Augmented/Sad/346.wav,indian_english,indian_sad_346
2631,sad,data/indian_english/Augmented/Sad/347.wav,indian_english,indian_sad_347
2632,sad,data/indian_english/Augmented/Sad/348.wav,indian_english,indian_sad_348
2633,sad,data/indian_english/Augmented/Sad/349.wav,indian_english,indian_sad_349
2634,sad,data/indian_english/Augmented/Sad/350.wav,indian_english,indian_sad_350
2635,sad,data/indian_english/Augmented/Sad/351.wav,indian_english,indian_sad_351
2636,sad,data/indian_english/Augmented/Sad/352.wav,indian_english,indian_sad_352
2637,sad,data/indian_english/Augmented/Sad/353.wav,indian_english,indian_sad_353
2638,sad,data/indian_english/Augmented/Sad/354.wav,indian_english,indian_sad_354
2639,sad,data/indian_english/Augmented/Sad/355.wav,indian_english,indian_sad_355
2640,sad,data/indian_english/Augmented/Sad/356.wav,indian_english,indian_sad_356
2641,sad,data/indian_english/Augmented/Sad/357.wav,indian_english,indian_sad_357
2642,sad,data/indian_english/Augmented/Sad/358.wav,indian_english,indian_sad_358
2643,sad,data/indian_english/Augmented/Sad/359.wav,indian_english,indian_sad_359
2644,sad,data/indian_english/Augmented/Sad/360.wav,indian_english,indian_sad_360
2645,sad,data/indian_english/Augmented/Sad/361.wav,indian_english,indian_sad_361
2646,sad,data/indian_english/Augmented/Sad/362.wav,indian_english,indian_sad_362
2647,sad,data/indian_english/Augmented/Sad/363.wav,indian_english,indian_sad_363
2648,sad,data/indian_english/Augmented/Sad/364.wav,indian_english,indian_sad_364
2649,sad,data/indian_english/Augmented/Sad/365.wav,indian_english,indian_sad_365
2650,sad,data/indian_english/Augmented/Sad/366.wav,indian_english,indian_sad_366
2651,sad,data/indian_english/Augmented/Sad/367.wav,indian_english,indian_sad_367
2652,sad,data/indian_english/Augmented/Sad/368.wav,indian_english,indian_sad_368
2653,sad,data/indian_english/Augmented/Sad/369.wav,indian_english,indian_sad_369
2654,sad,data/indian_english/Augmented/Sad/370.wav,indian_english,indian_sad_370
2655,sad,data/indian_english/Augmented/Sad/371.wav,indian_english,indian_sad_371
2656,sad,data/indian_english/Augmented/Sad/372.wav,indian_english,indian_sad_372
2657,sad,data/indian_english/Augmented/Sad/373.wav,indian_english,indian_sad_373
2658,sad,data/indian_english/Augmented/Sad/374.wav,indian_english,indian_sad_374
2659,sad,data/indian_english/Augmented/Sad/375.wav,indian_english,indian_sad_375
2660,sad,data/indian_english/Augmented/Sad/376.wav,indian_english,indian_sad_376
2661,sad,data/indian_english/Augmented/Sad/377.wav,indian_english,indian_sad_377
2662,sad,data/indian_english/Augmented/Sad/378.wav,indian_english,indian_sad_378
2663,sad,data/indian_english/Augmented/Sad/379.wav,indian_english,indian_sad_379
2664,sad,data/indian_english/Augmented/Sad/380.wav,indian_english,indian_sad_380
2665,sad,data/indian_english/Augmented/Sad/381.wav,indian_english,indian_sad_381
2666,sad,data/indian_english/Augmented/Sad/382.wav,indian_english,indian_sad_382
2667,sad,data/indian_english/Augmented/Sad/383.wav,indian_english,indian_sad_383
2668,sad,data/indian_english/Augmented/Sad/384.wav,indian_english,indian_sad_384
2669,sad,data/indian_english/Augmented/Sad/385.wav,indian_english,indian_sad_385
2670,sad,data/indian_english/Augmented/Sad/386.wav,indian_english,indian_sad_386
2671,sad,data/indian_english/Augmented/Sad/387.wav,indian_english,indian_sad_387
2672,sad,data/indian_english/Augmented/Sad/388.wav,indian_english,indian_sad_388
2673,sad,data/indian_english/Augmented/Sad/389.wav,indian_english,indian_sad_389
2674,sad,data/indian_english/Augmented/Sad/390.wav,indian_english,indian_sad_390
2675,sad,data/indian_english/Augmented/Sad/391.wav,indian_english,indian_sad_391
2676,sad,data/indian_english/Augmented/Sad/392.wav,indian_english,indian_sad_392
2677,sad,data/indian_english/Augmented/Sad/393.wav,indian_english,indian_sad_393
2678,sad,data/indian_english/Augmented/Sad/394.wav,indian_english,indian_sad_394
2679,sad,data/indian_english/Augmented/Sad/395.wav,indian_english,indian_sad_395
2680,sad,data/indian_english/Augmented/Sad/396.wav,indian_english,indian_sad_396
2681,sad,data/indian_english/Augmented/Sad/397.wav,indian_english,indian_sad_397
2682,sad,data/indian_english/Augmented/Sad/398.wav,indian_english,indian_sad_398
2683,sad,data/indian_english/Augmented/Sad/399.wav,indian_english,indian_sad_399
2684,sad,data/indian_english/Augmented/Sad/400.wav,indian_english,indian_sad_400
2685,sad,data/indian_english/Augmented/Sad/401.wav,indian_english,indian_sad_401
2686,sad,data/indian_english/Augmented/Sad/402.wav,indian_english,indian_sad_402
2687,sad,data/indian_english/Augmented/Sad/403.wav,indian_english,indian_sad_403
2688,sad,data/indian_english/Augmented/Sad/404.wav,indian_english,indian_sad_404
2689,sad,data/indian_english/Augmented/Sad/405.wav,indian_english,indian_sad_405
2690,sad,data/indian_english/Augmented/Sad/406.wav,indian_english,indian_sad_406
2691,sad,data/indian_english/Augmented/Sad/407.wav,indian_english,indian_sad_407
2692,sad,data/indian_english/Augmented/Sad/408.wav,indian_english,indian_sad_408
2693,sad,data/indian_english/Augmented/Sad/409.wav,indian_english,indian_sad_409
2694,sad,data/indian_english/Augmented/Sad/410.wav,indian_english,indian_sad_410
2695,sad,data/indian_english/Augmented/Sad/411.wav,indian_english,indian_sad_411
2696,sad,data/indian_english/Augmented/Sad/412.wav,indian_english,indian_sad_412
2697,sad,data/indian_english/Augmented/Sad/413.wav,indian_english,indian_sad_413
2698,sad,data/indian_english/Augmented/Sad/414.wav,indian_english,indian_sad_414
2699,sad,data/indian_english/Augmented/Sad/415.wav,indian_english,indian_sad_415
2700,sad,data/indian_english/Augmented/Sad/416.wav,indian_english,indian_sad_416
2701,sad,data/indian_english/Augmented/Sad/417.wav,indian_english,indian_sad_417
2702,sad,data/indian_english/Augmented/Sad/418.wav,indian_english,indian_sad_418
2703,sad,data/indian_english/Augmented/Sad/419.wav,indian_english,indian_sad_419
2704,sad,data/indian_english/Augmented/Sad/420.wav,indian_english,indian_sad_420
2705,sad,data/indian_english/Augmented/Sad/421.wav,indian_english,indian_sad_421
2706,sad,data/indian_english/Augmented/Sad/422.wav,indian_english,indian_sad_422
2707,sad,data/indian_english/Augmented/Sad/423.wav,indian_english,indian_sad_423
2708,sad,data/indian_english/Augmented/Sad/424.wav,indian_english,indian_sad_424
2709,sad,data/indian_english/Augmented/Sad/425.wav,indian_english,indian_sad_425
2710,sad,data/indian_english/Augmented/Sad/426.wav,indian_english,indian_sad_426
2711,sad,data/indian_english/Augmented/Sad/427.wav,indian_english,indian_sad_427
2712,sad,data/indian_english/Augmented/Sad/428.wav,indian_english,indian_sad_428
2713,sad,data/indian_english/Augmented/Sad/429.wav,indian_english,indian_sad_429
2714,sad,data/indian_english/Augmented/Sad/430.wav,indian_english,indian_sad_430
2715,sad,data/indian_english/Augmented/Sad/431.wav,indian_english,indian_sad_431
2716,sad,data/indian_english/Augmented/Sad/432.wav,indian_english,indian_sad_432
2717,sad,data/indian_english/Augmented/Sad/433.wav,indian_english,indian_sad_433
2718,sad,data/indian_english/Augmented/Sad/434.wav,indian_english,indian_sad_434
2719,sad,data/indian_english/Augmented/Sad/435.wav,indian_english,indian_sad_435
2720,sad,data/indian_english/Augmented/Sad/436.wav,indian_english,indian_sad_436
2721,sad,data/indian_english/Augmented/Sad/437.wav,indian_english,indian_sad_437
2722,sad,data/indian_english/Augmented/Sad/438.wav,indian_english,indian_sad_438
2723,sad,data/indian_english/Augmented/Sad/439.wav,indian_english,indian_sad_439
2724,sad,data/indian_english/Augmented/Sad/440.wav,indian_english,indian_sad_440
2725,sad,data/indian_english/Augmented/Sad/441.wav,indian_english,indian_sad_441
2726,sad,data/indian_english/Augmented/Sad/442.wav,indian_english,indian_sad_442
2727,sad,data/indian_english/Augmented/Sad/443.wav,indian_english,indian_sad_443
2728,sad,data/indian_english/Augmented/Sad/444.wav,indian_english,indian_sad_444
2729,sad,data/indian_english/Augmented/Sad/445.wav,indian_english,indian_sad_445
2730,sad,data/indian_english/Augmented/Sad/446.wav,indian_english,indian_sad_446
2731,sad,data/indian_english/Augmented/Sad/447.wav,indian_english,indian_sad_447
2732,sad,data/indian_english/Augmented/Sad/448.wav,indian_english,indian_sad_448
2733,sad,data/indian_english/Augmented/Sad/449.wav,indian_english,indian_sad_449
2734,sad,data/indian_english/Augmented/Sad/450.wav,indian_english,indian_sad_450
2735,sad,data/indian_english/Augmented/Sad/451.wav,indian_english,indian_sad_451
2736,sad,data/indian_english/Augmented/Sad/452.wav,indian_english,indian_sad_452
2737,sad,data/indian_english/Augmented/Sad/453.wav,indian_english,indian_sad_453
2738,sad,data/indian_english/Augmented/Sad/454.wav,indian_english,indian_sad_454
2739,sad,data/indian_english/Augmented/Sad/455.wav,indian_english,indian_sad_455
2740,sad,data/indian_english/Augmented/Sad/456.wav,indian_english,indian_sad_456
2741,sad,data/indian_english/Augmented/Sad/457.wav,indian_english,indian_sad_457
2742,sad,data/indian_english/Augmented/Sad/458.wav,indian_english,indian_sad_458
2743,sad,data/indian_english/Augmented/Sad/459.wav,indian_english,indian_sad_459
2744,sad,data/indian_english/Augmented/Sad/460.wav,indian_english,indian_sad_460
2745,sad,data/indian_english/Augmented/Sad/461.wav,indian_english,indian_sad_461
2746,sad,data/indian_english/Augmented/Sad/462.wav,indian_english,indian_sad_462
2747,sad,data/indian_english/Augmented/Sad/463.wav,indian_english,indian_sad_463
2748,sad,data/indian_english/Augmented/Sad/464.wav,indian_english,indian_sad_464
2749,sad,data/indian_english/Augmented/Sad/465.wav,indian_english,indian_sad_465
2750,sad,data/indian_english/Augmented/Sad/466.wav,indian_english,indian_sad_466
2751,sad,data/indian_english/Augmented/Sad/467.wav,indian_english,indian_sad_467
2752,sad,data/indian_english/Augmented/Sad/468.wav,indian_english,indian_sad_468
2753,sad,data/indian_english/Augmented/Sad/469.wav,indian_english,indian_sad_469
2754,sad,data/indian_english/Augmented/Sad/470.wav,indian_english,indian_sad_470
2755,sad,data/indian_english/Augmented/Sad/471.wav,indian_english,indian_sad_471
2756,sad,data/indian_english/Augmented/Sad/472.wav,indian_english,indian_sad_472
2757,sad,data/indian_english/Augmented/Sad/473.wav,indian_english,indian_sad_473
2758,sad,data/indian_english/Augmented/Sad/474.wav,indian_english,indian_sad_474
2759,sad,data/indian_english/Augmented/Sad/475.wav,indian_english,indian_sad_475
2760,sad,data/indian_english/Augmented/Sad/476.wav,indian_english,indian_sad_476
2761,sad,data/indian_english/Augmented/Sad/477.wav,indian_english,indian_sad_477
2762,sad,data/indian_english/Augmented/Sad/478.wav,indian_english,indian_sad_478
2763,sad,data/indian_english/Augmented/Sad/479.wav,indian_english,indian_sad_479
2764,sad,data/indian_english/Augmented/Sad/480.wav,indian_english,indian_sad_480
2765,sad,data/indian_english/Augmented/Sad/481.wav,indian_english,indian_sad_481
2766,sad,data/indian_english/Augmented/Sad/482.wav,indian_english,indian_sad_482
2767,sad,data/indian_english/Augmented/Sad/483.wav,indian_english,indian_sad_483
2768,sad,data/indian_english/Augmented/Sad/484.wav,indian_english,indian_sad_484
2769,sad,data/indian_english/Augmented/Sad/485.wav,indian_english,indian_sad_485
2770,sad,data/indian_english/Augmented/Sad/486.wav,indian_english,indian_sad_486
2771,sad,data/indian_english/Augmented/Sad/487.wav,indian_english,indian_sad_487
2772,sad,data/indian_english/Augmented/Sad/488.wav,indian_english,indian_sad_488
2773,sad,data/indian_english/Augmented/Sad/489.wav,indian_english,indian_sad_489
2774,sad,data/indian_english/Augmented/Sad/490.wav,indian_english,indian_sad_490
2775,sad,data/indian_english/Augmented/Sad/491.wav,indian_english,indian_sad_491
2776,sad,data/indian_english/Augmented/Sad/492.wav,indian_english,indian_sad_492
2777,sad,data/indian_english/Augmented/Sad/493.wav,indian_english,indian_sad_493
2778,sad,data/indian_english/Augmented/Sad/494.wav,indian_english,indian_sad_494
2779,sad,data/indian_english/Augmented/Sad/495.wav,indian_english,indian_sad_495
2780,sad,data/indian_english/Augmented/Sad/496.wav,indian_english,indian_sad_496
2781,sad,data/indian_english/Augmented/Sad/497.wav,indian_english,indian_sad_497
2782,sad,data/indian_english/Augmented/Sad/498.wav,indian_english,indian_sad_498
2783,sad,data/indian_english/Augmented/Sad/499.wav,indian_english,indian_sad_499
2784,sad,data/indian_english/Augmented/Sad/500.wav,indian_english,indian_sad_500
2785,sad,data/indian_english/Augmented/Sad/501.wav,indian_english,indian_sad_501
2786,sad,data/indian_english/Augmented/Sad/502.wav,indian_english,indian_sad_502
2787,sad,data/indian_english/Augmented/Sad/503.wav,indian_english,indian_sad_503
2788,sad,data/indian_english/Augmented/Sad/504.wav,indian_english,indian_sad_504
2789,sad,data/indian_english/Augmented/Sad/505.wav,indian_english,indian_sad_505
2790,sad,data/indian_english/Augmented/Sad/506.wav,indian_english,indian_sad_506
2791,sad,data/indian_english/Augmented/Sad/507.wav,indian_english,indian_sad_507
2792,sad,data/indian_english/Augmented/Sad/508.wav,indian_english,indian_sad_508
2793,sad,data/indian_english/Augmented/Sad/509.wav,indian_english,indian_sad_509
2794,sad,data/indian_english/Augmented/Sad/510.wav,indian_english,indian_sad_510
2795,sad,data/indian_english/Augmented/Sad/511.wav,indian_english,indian_sad_511
2796,sad,data/indian_english/Augmented/Sad/512.wav,indian_english,indian_sad_512
2797,sad,data/indian_english/Augmented/Sad/513.wav,indian_english,indian_sad_513
2798,sad,data/indian_english/Augmented/Sad/514.wav,indian_english,indian_sad_514
2799,sad,data/indian_english/Augmented/Sad/515.wav,indian_english,indian_sad_515
2800,sad,data/indian_english/Augmented/Sad/516.wav,indian_english,indian_sad_516
2801,sad,data/indian_english/Augmented/Sad/517.wav,indian_english,indian_sad_517
2802,sad,data/indian_english/Augmented/Sad/518.wav,indian_english,indian_sad_518
2803,sad,data/indian_english/Augmented/Sad/519.wav,indian_english,indian_sad_519
2804,sad,data/indian_english/Augmented/Sad/520.wav,indian_english,indian_sad_520
2805,sad,data/indian_english/Augmented/Sad/521.wav,indian_english,indian_sad_521
2806,sad,data/indian_english/Augmented/Sad/522.wav,indian_english,indian_sad_522
2807,sad,data/indian_english/Augmented/Sad/523.wav,indian_english,indian_sad_523
2808,sad,data/indian_english/Augmented/Sad/524.wav,indian_english,indian_sad_524
2809,sad,data/indian_english/Augmented/Sad/525.wav,indian_english,indian_sad_525
2810,sad,data/indian_english/Augmented/Sad/526.wav,indian_english,indian_sad_526
2811,sad,data/indian_english/Augmented/Sad/527.wav,indian_english,indian_sad_527
2812,sad,data/indian_english/Augmented/Sad/528.wav,indian_english,indian_sad_528
2813,sad,data/indian_english/Original_dataset/Sad/001.wav,indian_english,indian_sad_001
2814,sad,data/indian_english/Original_dataset/Sad/002.wav,indian_english,indian_sad_002
2815,sad,data/indian_english/Original_dataset/Sad/003.wav,indian_english,indian_sad_003
2816,sad,data/indian_english/Original_dataset/Sad/004.wav,indian_english,indian_sad_004
2817,sad,data/indian_english/Original_dataset/Sad/005.wav,indian_english,indian_sad_005
2818,sad,data/indian_english/Original_dataset/Sad/006.wav,indian_english,indian_sad_006
2819,sad,data/indian_english/Original_dataset/Sad/007.wav,indian_english,indian_sad_007
2820,sad,data/indian_english/Original_dataset/Sad/008.wav,indian_english,indian_sad_008
2821,sad,data/indian_english/Original_dataset/Sad/009.wav,indian_english,indian_sad_009
2822,sad,data/indian_english/Original_dataset/Sad/010.wav,indian_english,indian_sad_010
2823,sad,data/indian_english/Original_dataset/Sad/011.wav,indian_english,indian_sad_011
2824,sad,data/indian_english/Original_dataset/Sad/012.wav,indian_english,indian_sad_012
2825,sad,data/indian_english/Original_dataset/Sad/013.wav,indian_english,indian_sad_013
2826,sad,data/indian_english/Original_dataset/Sad/014.wav,indian_english,indian_sad_014
2827,sad,data/indian_english/Original_dataset/Sad/015.wav,indian_english,indian_sad_015
2828,sad,data/indian_english/Original_dataset/Sad/016.wav,indian_english,indian_sad_016
2829,sad,data/indian_english/Original_dataset/Sad/017.wav,indian_english,indian_sad_017
2830,sad,data/indian_english/Original_dataset/Sad/018.wav,indian_english,indian_sad_018
2831,sad,data/indian_english/Original_dataset/Sad/019.wav,indian_english,indian_sad_019
2832,sad,data/indian_english/Original_dataset/Sad/020.wav,indian_english,indian_sad_020
2833,sad,data/indian_english/Original_dataset/Sad/021.wav,indian_english,indian_sad_021
2834,sad,data/indian_english/Original_dataset/Sad/022.wav,indian_english,indian_sad_022
2835,sad,data/indian_english/Original_dataset/Sad/023.wav,indian_english,indian_sad_023
2836,sad,data/indian_english/Original_dataset/Sad/024.wav,indian_english,indian_sad_024
2837,sad,data/indian_english/Original_dataset/Sad/025.wav,indian_english,indian_sad_025
2838,sad,data/indian_english/Original_dataset/Sad/026.wav,indian_english,indian_sad_026
2839,sad,data/indian_english/Original_dataset/Sad/027.wav,indian_english,indian_sad_027
2840,sad,data/indian_english/Original_dataset/Sad/028.wav,indian_english,indian_sad_028
2841,sad,data/indian_english/Original_dataset/Sad/029.wav,indian_english,indian_sad_029
2842,sad,data/indian_english/Original_dataset/Sad/030.wav,indian_english,indian_sad_030
2843,sad,data/indian_english/Original_dataset/Sad/031.wav,indian_english,indian_sad_031
2844,sad,data/indian_english/Original_dataset/Sad/032.wav,indian_english,indian_sad_032
2845,sad,data/indian_english/Original_dataset/Sad/033.wav,indian_english,indian_sad_033
2846,sad,data/indian_english/Original_dataset/Sad/034.wav,indian_english,indian_sad_034
2847,sad,data/indian_english/Original_dataset/Sad/035.wav,indian_english,indian_sad_035
2848,sad,data/indian_english/Original_dataset/Sad/036.wav,indian_english,indian_sad_036
2849,sad,data/indian_english/Original_dataset/Sad/037.wav,indian_english,indian_sad_037
2850,sad,data/indian_english/Original_dataset/Sad/038.wav,indian_english,indian_sad_038
2851,sad,data/indian_english/Original_dataset/Sad/039.wav,indian_english,indian_sad_039
2852,sad,data/indian_english/Original_dataset/Sad/040.wav,indian_english,indian_sad_040
2853,sad,data/indian_english/Original_dataset/Sad/041.wav,indian_english,indian_sad_041
2854,sad,data/indian_english/Original_dataset/Sad/042.wav,indian_english,indian_sad_042
2855,sad,data/indian_english/Original_dataset/Sad/043.wav,indian_english,indian_sad_043
2856,sad,data/indian_english/Original_dataset/Sad/044.wav,indian_english,indian_sad_044
2857,sad,data/indian_english/Original_dataset/Sad/045.wav,indian_english,indian_sad_045
2858,sad,data/indian_english/Original_dataset/Sad/046.wav,indian_english,indian_sad_046
2859,sad,data/indian_english/Original_dataset/Sad/047.wav,indian_english,indian_sad_047
2860,sad,data/indian_english/Original_dataset/Sad/048.wav,indian_english,indian_sad_048
2861,sad,data/indian_english/Original_dataset/Sad/049.wav,indian_english,indian_sad_049
2862,sad,data/indian_english/Original_dataset/Sad/050.wav,indian_english,indian_sad_050
2863,sad,data/indian_english/Original_dataset/Sad/051.wav,indian_english,indian_sad_051
2864,sad,data/indian_english/Original_dataset/Sad/052.wav,indian_english,indian_sad_052
2865,sad,data/indian_english/Original_dataset/Sad/053.wav,indian_english,indian_sad_053
2866,sad,data/indian_english/Original_dataset/Sad/054.wav,indian_english,indian_sad_054
2867,sad,data/indian_english/Original_dataset/Sad/055.wav,indian_english,indian_sad_055
2868,sad,data/indian_english/Original_dataset/Sad/056.wav,indian_english,indian_sad_056
2869,sad,data/indian_english/Original_dataset/Sad/057.wav,indian_english,indian_sad_057
2870,sad,data/indian_english/Original_dataset/Sad/058.wav,indian_english,indian_sad_058
2871,sad,data/indian_english/Original_dataset/Sad/059.wav,indian_english,indian_sad_059
2872,sad,data/indian_english/Original_dataset/Sad/060.wav,indian_english,indian_sad_060
2873,sad,data/indian_english/Original_dataset/Sad/061.wav,indian_english,indian_sad_061
2874,sad,data/indian_english/Original_dataset/Sad/062.wav,indian_english,indian_sad_062
2875,sad,data/indian_english/Original_dataset/Sad/063.wav,indian_english,indian_sad_063
2876,sad,data/indian_english/Original_dataset/Sad/064.wav,indian_english,indian_sad_064
2877,sad,data/indian_english/Original_dataset/Sad/065.wav,indian_english,indian_sad_065
2878,sad,data/indian_english/Original_dataset/Sad/066.wav,indian_english,indian_sad_066
2879,sad,data/indian_english/Original_dataset/Sad/067.wav,indian_english,indian_sad_067
2880,sad,data/indian_english/Original_dataset/Sad/068.wav,indian_english,indian_sad_068
2881,sad,data/indian_english/Original_dataset/Sad/069.wav,indian_english,indian_sad_069
2882,sad,data/indian_english/Original_dataset/Sad/070.wav,indian_english,indian_sad_070
2883,sad,data/indian_english/Original_dataset/Sad/071.wav,indian_english,indian_sad_071
2884,sad,data/indian_english/Original_dataset/Sad/072.wav,indian_english,indian_sad_072
2885,sad,data/indian_english/Original_dataset/Sad/073.wav,indian_english,indian_sad_073
2886,sad,data/indian_english/Original_dataset/Sad/074.wav,indian_english,indian_sad_074
2887,sad,data/indian_english/Original_dataset/Sad/075.wav,indian_english,indian_sad_075
2888,sad,data/indian_english/Original_dataset/Sad/076.wav,indian_english,indian_sad_076
2889,sad,data/indian_english/Original_dataset/Sad/077.wav,indian_english,indian_sad_077
2890,sad,data/indian_english/Original_dataset/Sad/078.wav,indian_english,indian_sad_078
2891,sad,data/indian_english/Original_dataset/Sad/079.wav,indian_english,indian_sad_079
2892,sad,data/indian_english/Original_dataset/Sad/080.wav,indian_english,indian_sad_080
2893,sad,data/indian_english/Original_dataset/Sad/081.wav,indian_english,indian_sad_081
2894,sad,data/indian_english/Original_dataset/Sad/082.wav,indian_english,indian_sad_082
2895,sad,data/indian_english/Original_dataset/Sad/083.wav,indian_english,indian_sad_083
2896,sad,data/indian_english/Original_dataset/Sad/084.wav,indian_english,indian_sad_084
2897,sad,data/indian_english/Original_dataset/Sad/085.wav,indian_english,indian_sad_085
2898,sad,data/indian_english/Original_dataset/Sad/086.wav,indian_english,indian_sad_086
2899,sad,data/indian_english/Original_dataset/Sad/087.wav,indian_english,indian_sad_087
2900,sad,data/indian_english/Original_dataset/Sad/088.wav,indian_english,indian_sad_088
2901,sad,data/indian_english/Original_dataset/Sad/089.wav,indian_english,indian_sad_089
2902,sad,data/indian_english/Original_dataset/Sad/090.wav,indian_english,indian_sad_090
2903,sad,data/indian_english/Original_dataset/Sad/091.wav,indian_english,indian_sad_091
2904,sad,data/indian_english/Original_dataset/Sad/092.wav,indian_english,indian_sad_092
2905,sad,data/indian_english/Original_dataset/Sad/093.wav,indian_english,indian_sad_093
2906,sad,data/indian_english/Original_dataset/Sad/094.wav,indian_english,indian_sad_094
2907,sad,data/indian_english/Original_dataset/Sad/095.wav,indian_english,indian_sad_095
2908,sad,data/indian_english/Original_dataset/Sad/096.wav,indian_english,indian_sad_096
2909,sad,data/indian_english/Original_dataset/Sad/097.wav,indian_english,indian_sad_097
2910,sad,data/indian_english/Original_dataset/Sad/098.wav,indian_english,indian_sad_098
2911,sad,data/indian_english/Original_dataset/Sad/099.wav,indian_english,indian_sad_099
2912,sad,data/indian_english/Original_dataset/Sad/100.wav,indian_english,indian_sad_100
2913,sad,data/indian_english/Original_dataset/Sad/101.wav,indian_english,indian_sad_101
2914,sad,data/indian_english/Original_dataset/Sad/102.wav,indian_english,indian_sad_102
2915,sad,data/indian_english/Original_dataset/Sad/103.wav,indian_english,indian_sad_103
2916,sad,data/indian_english/Original_dataset/Sad/104.wav,indian_english,indian_sad_104
2917,sad,data/indian_english/Original_dataset/Sad/105.wav,indian_english,indian_sad_105
2918,sad,data/indian_english/Original_dataset/Sad/106.wav,indian_english,indian_sad_106
2919,sad,data/indian_english/Original_dataset/Sad/107.wav,indian_english,indian_sad_107
2920,sad,data/indian_english/Original_dataset/Sad/108.wav,indian_english,indian_sad_108
2921,sad,data/indian_english/Original_dataset/Sad/109.wav,indian_english,indian_sad_109
2922,sad,data/indian_english/Original_dataset/Sad/110.wav,indian_english,indian_sad_110
2923,sad,data/indian_english/Original_dataset/Sad/111.wav,indian_english,indian_sad_111
2924,sad,data/indian_english/Original_dataset/Sad/112.wav,indian_english,indian_sad_112
2925,sad,data/indian_english/Original_dataset/Sad/113.wav,indian_english,indian_sad_113
2926,sad,data/indian_english/Original_dataset/Sad/114.wav,indian_english,indian_sad_114
2927,sad,data/indian_english/Original_dataset/Sad/115.wav,indian_english,indian_sad_115
2928,sad,data/indian_english/Original_dataset/Sad/116.wav,indian_english,indian_sad_116
2929,sad,data/indian_english/Original_dataset/Sad/117.wav,indian_english,indian_sad_117
2930,sad,data/indian_english/Original_dataset/Sad/118.wav,indian_english,indian_sad_118
2931,sad,data/indian_english/Original_dataset/Sad/119.wav,indian_english,indian_sad_119
2932,sad,data/indian_english/Original_dataset/Sad/120.wav,indian_english,indian_sad_120
2933,sad,data/indian_english/Original_dataset/Sad/121.wav,indian_english,indian_sad_121
2934,sad,data/indian_english/Original_dataset/Sad/122.wav,indian_english,indian_sad_122
2935,sad,data/indian_english/Original_dataset/Sad/123.wav,indian_english,indian_sad_123
2936,sad,data/indian_english/Original_dataset/Sad/124.wav,indian_english,indian_sad_124
2937,sad,data/indian_english/Original_dataset/Sad/125.wav,indian_english,indian_sad_125
2938,sad,data/indian_english/Original_dataset/Sad/126.wav,indian_english,indian_sad_126
2939,sad,data/indian_english/Original_dataset/Sad/127.wav,indian_english,indian_sad_127
2940,sad,data/indian_english/Original_dataset/Sad/128.wav,indian_english,indian_sad_128
2941,sad,data/indian_english/Original_dataset/Sad/129.wav,indian_english,indian_sad_129
2942,sad,data/indian_english/Original_dataset/Sad/130.wav,indian_english,indian_sad_130
2943,sad,data/indian_english/Original_dataset/Sad/131.wav,indian_english,indian_sad_131
2944,sad,data/indian_english/Original_dataset/Sad/132.wav,indian_english,indian_sad_132
2945,sad,data/indian_english/Original_dataset/Sad/133.wav,indian_english,indian_sad_133
2946,sad,data/indian_english/Original_dataset/Sad/134.wav,indian_english,indian_sad_134
2947,sad,data/indian_english/Original_dataset/Sad/135.wav,indian_english,indian_sad_135
2948,sad,data/indian_english/Original_dataset/Sad/136.wav,indian_english,indian_sad_136
2949,sad,data/indian_english/Original_dataset/Sad/137.wav,indian_english,indian_sad_137
2950,sad,data/indian_english/Original_dataset/Sad/138.wav,indian_english,indian_sad_138
2951,sad,data/indian_english/Original_dataset/Sad/139.wav,indian_english,indian_sad_139
2952,sad,data/indian_english/Original_dataset/Sad/140.wav,indian_english,indian_sad_140
2953,sad,data/indian_english/Original_dataset/Sad/141.wav,indian_english,indian_sad_141
2954,sad,data/indian_english/Original_dataset/Sad/142.wav,indian_english,indian_sad_142
2955,sad,data/indian_english/Original_dataset/Sad/143.wav,indian_english,indian_sad_143
2956,sad,data/indian_english/Original_dataset/Sad/144.wav,indian_english,indian_sad_144
2957,sad,data/indian_english/Original_dataset/Sad/145.wav,indian_english,indian_sad_145
2958,sad,data/indian_english/Original_dataset/Sad/146.wav,indian_english,indian_sad_146
2959,sad,data/indian_english/Original_dataset/Sad/147.wav,indian_english,indian_sad_147
2960,sad,data/indian_english/Original_dataset/Sad/148.wav,indian_english,indian_sad_148
2961,sad,data/indian_english/Original_dataset/Sad/149.wav,indian_english,indian_sad_149
2962,sad,data/indian_english/Original_dataset/Sad/150.wav,indian_english,indian_sad_150
2963,sad,data/indian_english/Original_dataset/Sad/151.wav,indian_english,indian_sad_151
2964,sad,data/indian_english/Original_dataset/Sad/152.wav,indian_english,indian_sad_152
2965,sad,data/indian_english/Original_dataset/Sad/153.wav,indian_english,indian_sad_153
2966,sad,data/indian_english/Original_dataset/Sad/154.wav,indian_english,indian_sad_154
2967,sad,data/indian_english/Original_dataset/Sad/155.wav,indian_english,indian_sad_155
2968,sad,data/indian_english/Original_dataset/Sad/156.wav,indian_english,indian_sad_156
2969,sad,data/indian_english/Original_dataset/Sad/157.wav,indian_english,indian_sad_157
2970,sad,data/indian_english/Original_dataset/Sad/158.wav,indian_english,indian_sad_158
2971,sad,data/indian_english/Original_dataset/Sad/159.wav,indian_english,indian_sad_159
2972,sad,data/indian_english/Original_dataset/Sad/160.wav,indian_english,indian_sad_160
2973,sad,data/indian_english/Original_dataset/Sad/161.wav,indian_english,indian_sad_161
2974,sad,data/indian_english/Original_dataset/Sad/162.wav,indian_english,indian_sad_162
2975,sad,data/indian_english/Original_dataset/Sad/163.wav,indian_english,indian_sad_163
2976,sad,data/indian_english/Original_dataset/Sad/164.wav,indian_english,indian_sad_164
2977,sad,data/indian_english/Original_dataset/Sad/165.wav,indian_english,indian_sad_165
2978,sad,data/indian_english/Original_dataset/Sad/166.wav,indian_english,indian_sad_166
2979,sad,data/indian_english/Original_dataset/Sad/167.wav,indian_english,indian_sad_167
2980,sad,data/indian_english/Original_dataset/Sad/168.wav,indian_english,indian_sad_168
2981,sad,data/indian_english/Original_dataset/Sad/169.wav,indian_english,indian_sad_169
2982,sad,data/indian_english/Original_dataset/Sad/170.wav,indian_english,indian_sad_170
2983,sad,data/indian_english/Original_dataset/Sad/171.wav,indian_english,indian_sad_171
2984,sad,data/indian_english/Original_dataset/Sad/172.wav,indian_english,indian_sad_172
2985,sad,data/indian_english/Original_dataset/Sad/173.wav,indian_english,indian_sad_173
2986,sad,data/indian_english/Original_dataset/Sad/174.wav,indian_english,indian_sad_174
2987,sad,data/indian_english/Original_dataset/Sad/175.wav,indian_english,indian_sad_175
2988,sad,data/indian_english/Original_dataset/Sad/176.wav,indian_english,indian_sad_176
2989,angry,data/ravdess/Actor_01/03-01-05-01-01-01-01.wav,ravdess,ravdess_actor_01
2990,angry,data/ravdess/Actor_01/03-01-05-01-01-02-01.wav,ravdess,ravdess_actor_01
2991,angry,data/ravdess/Actor_01/03-01-05-01-02-01-01.wav,ravdess,ravdess_actor_01
2992,angry,data/ravdess/Actor_01/03-01-05-01-02-02-01.wav,ravdess,ravdess_actor_01
2993,angry,data/ravdess/Actor_01/03-01-05-02-01-01-01.wav,ravdess,ravdess_actor_01
2994,angry,data/ravdess/Actor_01/03-01-05-02-01-02-01.wav,ravdess,ravdess_actor_01
2995,angry,data/ravdess/Actor_01/03-01-05-02-02-01-01.wav,ravdess,ravdess_actor_01
2996,angry,data/ravdess/Actor_01/03-01-05-02-02-02-01.wav,ravdess,ravdess_actor_01
2997,angry,data/ravdess/Actor_02/03-01-05-01-01-01-02.wav,ravdess,ravdess_actor_02
2998,angry,data/ravdess/Actor_02/03-01-05-01-01-02-02.wav,ravdess,ravdess_actor_02
2999,angry,data/ravdess/Actor_02/03-01-05-01-02-01-02.wav,ravdess,ravdess_actor_02
3000,angry,data/ravdess/Actor_02/03-01-05-01-02-02-02.wav,ravdess,ravdess_actor_02
3001,angry,data/ravdess/Actor_02/03-01-05-02-01-01-02.wav,ravdess,ravdess_actor_02
3002,angry,data/ravdess/Actor_02/03-01-05-02-01-02-02.wav,ravdess,ravdess_actor_02
3003,angry,data/ravdess/Actor_02/03-01-05-02-02-01-02.wav,ravdess,ravdess_actor_02
3004,angry,data/ravdess/Actor_02/03-01-05-02-02-02-02.wav,ravdess,ravdess_actor_02
3005,angry,data/ravdess/Actor_03/03-01-05-01-01-01-03.wav,ravdess,ravdess_actor_03
3006,angry,data/ravdess/Actor_03/03-01-05-01-01-02-03.wav,ravdess,ravdess_actor_03
3007,angry,data/ravdess/Actor_03/03-01-05-01-02-01-03.wav,ravdess,ravdess_actor_03
3008,angry,data/ravdess/Actor_03/03-01-05-01-02-02-03.wav,ravdess,ravdess_actor_03
3009,angry,data/ravdess/Actor_03/03-01-05-02-01-01-03.wav,ravdess,ravdess_actor_03
3010,angry,data/ravdess/Actor_03/03-01-05-02-01-02-03.wav,ravdess,ravdess_actor_03
3011,angry,data/ravdess/Actor_03/03-01-05-02-02-01-03.wav,ravdess,ravdess_actor_03
3012,angry,data/ravdess/Actor_03/03-01-05-02-02-02-03.wav,ravdess,ravdess_actor_03
3013,angry,data/ravdess/Actor_04/03-01-05-01-01-01-04.wav,ravdess,ravdess_actor_04
3014,angry,data/ravdess/Actor_04/03-01-05-01-01-02-04.wav,ravdess,ravdess_actor_04
3015,angry,data/ravdess/Actor_04/03-01-05-01-02-01-04.wav,ravdess,ravdess_actor_04
3016,angry,data/ravdess/Actor_04/03-01-05-01-02-02-04.wav,ravdess,ravdess_actor_04
3017,angry,data/ravdess/Actor_04/03-01-05-02-01-01-04.wav,ravdess,ravdess_actor_04
3018,angry,data/ravdess/Actor_04/03-01-05-02-01-02-04.wav,ravdess,ravdess_actor_04
3019,angry,data/ravdess/Actor_04/03-01-05-02-02-01-04.wav,ravdess,ravdess_actor_04
3020,angry,data/ravdess/Actor_04/03-01-05-02-02-02-04.wav,ravdess,ravdess_actor_04
3021,angry,data/ravdess/Actor_05/03-01-05-01-01-01-05.wav,ravdess,ravdess_actor_05
3022,angry,data/ravdess/Actor_05/03-01-05-01-01-02-05.wav,ravdess,ravdess_actor_05
3023,angry,data/ravdess/Actor_05/03-01-05-01-02-01-05.wav,ravdess,ravdess_actor_05
3024,angry,data/ravdess/Actor_05/03-01-05-01-02-02-05.wav,ravdess,ravdess_actor_05
3025,angry,data/ravdess/Actor_05/03-01-05-02-01-01-05.wav,ravdess,ravdess_actor_05
3026,angry,data/ravdess/Actor_05/03-01-05-02-01-02-05.wav,ravdess,ravdess_actor_05
3027,angry,data/ravdess/Actor_05/03-01-05-02-02-01-05.wav,ravdess,ravdess_actor_05
3028,angry,data/ravdess/Actor_05/03-01-05-02-02-02-05.wav,ravdess,ravdess_actor_05
3029,angry,data/ravdess/Actor_06/03-01-05-01-01-01-06.wav,ravdess,ravdess_actor_06
3030,angry,data/ravdess/Actor_06/03-01-05-01-01-02-06.wav,ravdess,ravdess_actor_06
3031,angry,data/ravdess/Actor_06/03-01-05-01-02-01-06.wav,ravdess,ravdess_actor_06
3032,angry,data/ravdess/Actor_06/03-01-05-01-02-02-06.wav,ravdess,ravdess_actor_06
3033,angry,data/ravdess/Actor_06/03-01-05-02-01-01-06.wav,ravdess,ravdess_actor_06
3034,angry,data/ravdess/Actor_06/03-01-05-02-01-02-06.wav,ravdess,ravdess_actor_06
3035,angry,data/ravdess/Actor_06/03-01-05-02-02-01-06.wav,ravdess,ravdess_actor_06
3036,angry,data/ravdess/Actor_06/03-01-05-02-02-02-06.wav,ravdess,ravdess_actor_06
3037,angry,data/ravdess/Actor_07/03-01-05-01-01-01-07.wav,ravdess,ravdess_actor_07
3038,angry,data/ravdess/Actor_07/03-01-05-01-01-02-07.wav,ravdess,ravdess_actor_07
3039,angry,data/ravdess/Actor_07/03-01-05-01-02-01-07.wav,ravdess,ravdess_actor_07
3040,angry,data/ravdess/Actor_07/03-01-05-01-02-02-07.wav,ravdess,ravdess_actor_07
3041,angry,data/ravdess/Actor_07/03-01-05-02-01-01-07.wav,ravdess,ravdess_actor_07
3042,angry,data/ravdess/Actor_07/03-01-05-02-01-02-07.wav,ravdess,ravdess_actor_07
3043,angry,data/ravdess/Actor_07/03-01-05-02-02-01-07.wav,ravdess,ravdess_actor_07
3044,angry,data/ravdess/Actor_07/03-01-05-02-02-02-07.wav,ravdess,ravdess_actor_07
3045,angry,data/ravdess/Actor_08/03-01-05-01-01-01-08.wav,ravdess,ravdess_actor_08
3046,angry,data/ravdess/Actor_08/03-01-05-01-01-02-08.wav,ravdess,ravdess_actor_08
3047,angry,data/ravdess/Actor_08/03-01-05-01-02-01-08.wav,ravdess,ravdess_actor_08
3048,angry,data/ravdess/Actor_08/03-01-05-01-02-02-08.wav,ravdess,ravdess_actor_08
3049,angry,data/ravdess/Actor_08/03-01-05-02-01-01-08.wav,ravdess,ravdess_actor_08
3050,angry,data/ravdess/Actor_08/03-01-05-02-01-02-08.wav,ravdess,ravdess_actor_08
3051,angry,data/ravdess/Actor_08/03-01-05-02-02-01-08.wav,ravdess,ravdess_actor_08
3052,angry,data/ravdess/Actor_08/03-01-05-02-02-02-08.wav,ravdess,ravdess_actor_08
3053,angry,data/ravdess/Actor_09/03-01-05-01-01-01-09.wav,ravdess,ravdess_actor_09
3054,angry,data/ravdess/Actor_09/03-01-05-01-01-02-09.wav,ravdess,ravdess_actor_09
3055,angry,data/ravdess/Actor_09/03-01-05-01-02-01-09.wav,ravdess,ravdess_actor_09
3056,angry,data/ravdess/Actor_09/03-01-05-01-02-02-09.wav,ravdess,ravdess_actor_09
3057,angry,data/ravdess/Actor_09/03-01-05-02-01-01-09.wav,ravdess,ravdess_actor_09
3058,angry,data/ravdess/Actor_09/03-01-05-02-01-02-09.wav,ravdess,ravdess_actor_09
3059,angry,data/ravdess/Actor_09/03-01-05-02-02-01-09.wav,ravdess,ravdess_actor_09
3060,angry,data/ravdess/Actor_09/03-01-05-02-02-02-09.wav,ravdess,ravdess_actor_09
3061,angry,data/ravdess/Actor_10/03-01-05-01-01-01-10.wav,ravdess,ravdess_actor_10
3062,angry,data/ravdess/Actor_10/03-01-05-01-01-02-10.wav,ravdess,ravdess_actor_10
3063,angry,data/ravdess/Actor_10/03-01-05-01-02-01-10.wav,ravdess,ravdess_actor_10
3064,angry,data/ravdess/Actor_10/03-01-05-01-02-02-10.wav,ravdess,ravdess_actor_10
3065,angry,data/ravdess/Actor_10/03-01-05-02-01-01-10.wav,ravdess,ravdess_actor_10
3066,angry,data/ravdess/Actor_10/03-01-05-02-01-02-10.wav,ravdess,ravdess_actor_10
3067,angry,data/ravdess/Actor_10/03-01-05-02-02-01-10.wav,ravdess,ravdess_actor_10
3068,angry,data/ravdess/Actor_10/03-01-05-02-02-02-10.wav,ravdess,ravdess_actor_10
3069,angry,data/ravdess/Actor_11/03-01-05-01-01-01-11.wav,ravdess,ravdess_actor_11
3070,angry,data/ravdess/Actor_11/03-01-05-01-01-02-11.wav,ravdess,ravdess_actor_11
3071,angry,data/ravdess/Actor_11/03-01-05-01-02-01-11.wav,ravdess,ravdess_actor_11
3072,angry,data/ravdess/Actor_11/03-01-05-01-02-02-11.wav,ravdess,ravdess_actor_11
3073,angry,data/ravdess/Actor_11/03-01-05-02-01-01-11.wav,ravdess,ravdess_actor_11
3074,angry,data/ravdess/Actor_11/03-01-05-02-01-02-11.wav,ravdess,ravdess_actor_11
3075,angry,data/ravdess/Actor_11/03-01-05-02-02-01-11.wav,ravdess,ravdess_actor_11
3076,angry,data/ravdess/Actor_11/03-01-05-02-02-02-11.wav,ravdess,ravdess_actor_11
3077,angry,data/ravdess/Actor_12/03-01-05-01-01-01-12.wav,ravdess,ravdess_actor_12
3078,angry,data/ravdess/Actor_12/03-01-05-01-01-02-12.wav,ravdess,ravdess_actor_12
3079,angry,data/ravdess/Actor_12/03-01-05-01-02-01-12.wav,ravdess,ravdess_actor_12
3080,angry,data/ravdess/Actor_12/03-01-05-01-02-02-12.wav,ravdess,ravdess_actor_12
3081,angry,data/ravdess/Actor_12/03-01-05-02-01-01-12.wav,ravdess,ravdess_actor_12
3082,angry,data/ravdess/Actor_12/03-01-05-02-01-02-12.wav,ravdess,ravdess_actor_12
3083,angry,data/ravdess/Actor_12/03-01-05-02-02-01-12.wav,ravdess,ravdess_actor_12
3084,angry,data/ravdess/Actor_12/03-01-05-02-02-02-12.wav,ravdess,ravdess_actor_12
3085,angry,data/ravdess/Actor_13/03-01-05-01-01-01-13.wav,ravdess,ravdess_actor_13
3086,angry,data/ravdess/Actor_13/03-01-05-01-01-02-13.wav,ravdess,ravdess_actor_13
3087,angry,data/ravdess/Actor_13/03-01-05-01-02-01-13.wav,ravdess,ravdess_actor_13
3088,angry,data/ravdess/Actor_13/03-01-05-01-02-02-13.wav,ravdess,ravdess_actor_13
3089,angry,data/ravdess/Actor_13/03-01-05-02-01-01-13.wav,ravdess,ravdess_actor_13
3090,angry,data/ravdess/Actor_13/03-01-05-02-01-02-13.wav,ravdess,ravdess_actor_13
3091,angry,data/ravdess/Actor_13/03-01-05-02-02-01-13.wav,ravdess,ravdess_actor_13
3092,angry,data/ravdess/Actor_13/03-01-05-02-02-02-13.wav,ravdess,ravdess_actor_13
3093,angry,data/ravdess/Actor_14/03-01-05-01-01-01-14.wav,ravdess,ravdess_actor_14
3094,angry,data/ravdess/Actor_14/03-01-05-01-01-02-14.wav,ravdess,ravdess_actor_14
3095,angry,data/ravdess/Actor_14/03-01-05-01-02-01-14.wav,ravdess,ravdess_actor_14
3096,angry,data/ravdess/Actor_14/03-01-05-01-02-02-14.wav,ravdess,ravdess_actor_14
3097,angry,data/ravdess/Actor_14/03-01-05-02-01-01-14.wav,ravdess,ravdess_actor_14
3098,angry,data/ravdess/Actor_14/03-01-05-02-01-02-14.wav,ravdess,ravdess_actor_14
3099,angry,data/ravdess/Actor_14/03-01-05-02-02-01-14.wav,ravdess,ravdess_actor_14
3100,angry,data/ravdess/Actor_14/03-01-05-02-02-02-14.wav,ravdess,ravdess_actor_14
3101,angry,data/ravdess/Actor_15/03-01-05-01-01-01-15.wav,ravdess,ravdess_actor_15
3102,angry,data/ravdess/Actor_15/03-01-05-01-01-02-15.wav,ravdess,ravdess_actor_15
3103,angry,data/ravdess/Actor_15/03-01-05-01-02-01-15.wav,ravdess,ravdess_actor_15
3104,angry,data/ravdess/Actor_15/03-01-05-01-02-02-15.wav,ravdess,ravdess_actor_15
3105,angry,data/ravdess/Actor_15/03-01-05-02-01-01-15.wav,ravdess,ravdess_actor_15
3106,angry,data/ravdess/Actor_15/03-01-05-02-01-02-15.wav,ravdess,ravdess_actor_15
3107,angry,data/ravdess/Actor_15/03-01-05-02-02-01-15.wav,ravdess,ravdess_actor_15
3108,angry,data/ravdess/Actor_15/03-01-05-02-02-02-15.wav,ravdess,ravdess_actor_15
3109,angry,data/ravdess/Actor_16/03-01-05-01-01-01-16.wav,ravdess,ravdess_actor_16
3110,angry,data/ravdess/Actor_16/03-01-05-01-01-02-16.wav,ravdess,ravdess_actor_16
3111,angry,data/ravdess/Actor_16/03-01-05-01-02-01-16.wav,ravdess,ravdess_actor_16
3112,angry,data/ravdess/Actor_16/03-01-05-01-02-02-16.wav,ravdess,ravdess_actor_16
3113,angry,data/ravdess/Actor_16/03-01-05-02-01-01-16.wav,ravdess,ravdess_actor_16
3114,angry,data/ravdess/Actor_16/03-01-05-02-01-02-16.wav,ravdess,ravdess_actor_16
3115,angry,data/ravdess/Actor_16/03-01-05-02-02-01-16.wav,ravdess,ravdess_actor_16
3116,angry,data/ravdess/Actor_16/03-01-05-02-02-02-16.wav,ravdess,ravdess_actor_16
3117,angry,data/ravdess/Actor_17/03-01-05-01-01-01-17.wav,ravdess,ravdess_actor_17
3118,angry,data/ravdess/Actor_17/03-01-05-01-01-02-17.wav,ravdess,ravdess_actor_17
3119,angry,data/ravdess/Actor_17/03-01-05-01-02-01-17.wav,ravdess,ravdess_actor_17
3120,angry,data/ravdess/Actor_17/03-01-05-01-02-02-17.wav,ravdess,ravdess_actor_17
3121,angry,data/ravdess/Actor_17/03-01-05-02-01-01-17.wav,ravdess,ravdess_actor_17
3122,angry,data/ravdess/Actor_17/03-01-05-02-01-02-17.wav,ravdess,ravdess_actor_17
3123,angry,data/ravdess/Actor_17/03-01-05-02-02-01-17.wav,ravdess,ravdess_actor_17
3124,angry,data/ravdess/Actor_17/03-01-05-02-02-02-17.wav,ravdess,ravdess_actor_17
3125,angry,data/ravdess/Actor_18/03-01-05-01-01-01-18.wav,ravdess,ravdess_actor_18
3126,angry,data/ravdess/Actor_18/03-01-05-01-01-02-18.wav,ravdess,ravdess_actor_18
3127,angry,data/ravdess/Actor_18/03-01-05-01-02-01-18.wav,ravdess,ravdess_actor_18
3128,angry,data/ravdess/Actor_18/03-01-05-01-02-02-18.wav,ravdess,ravdess_actor_18
3129,angry,data/ravdess/Actor_18/03-01-05-02-01-01-18.wav,ravdess,ravdess_actor_18
3130,angry,data/ravdess/Actor_18/03-01-05-02-01-02-18.wav,ravdess,ravdess_actor_18
3131,angry,data/ravdess/Actor_18/03-01-05-02-02-01-18.wav,ravdess,ravdess_actor_18
3132,angry,data/ravdess/Actor_18/03-01-05-02-02-02-18.wav,ravdess,ravdess_actor_18
3133,angry,data/ravdess/Actor_19/03-01-05-01-01-01-19.wav,ravdess,ravdess_actor_19
3134,angry,data/ravdess/Actor_19/03-01-05-01-01-02-19.wav,ravdess,ravdess_actor_19
3135,angry,data/ravdess/Actor_19/03-01-05-01-02-01-19.wav,ravdess,ravdess_actor_19
3136,angry,data/ravdess/Actor_19/03-01-05-01-02-02-19.wav,ravdess,ravdess_actor_19
3137,angry,data/ravdess/Actor_19/03-01-05-02-01-01-19.wav,ravdess,ravdess_actor_19
3138,angry,data/ravdess/Actor_19/03-01-05-02-01-02-19.wav,ravdess,ravdess_actor_19
3139,angry,data/ravdess/Actor_19/03-01-05-02-02-01-19.wav,ravdess,ravdess_actor_19
3140,angry,data/ravdess/Actor_19/03-01-05-02-02-02-19.wav,ravdess,ravdess_actor_19
3141,angry,data/ravdess/Actor_20/03-01-05-01-01-01-20.wav,ravdess,ravdess_actor_20
3142,angry,data/ravdess/Actor_20/03-01-05-01-01-02-20.wav,ravdess,ravdess_actor_20
3143,angry,data/ravdess/Actor_20/03-01-05-01-02-01-20.wav,ravdess,ravdess_actor_20
3144,angry,data/ravdess/Actor_20/03-01-05-01-02-02-20.wav,ravdess,ravdess_actor_20
3145,angry,data/ravdess/Actor_20/03-01-05-02-01-01-20.wav,ravdess,ravdess_actor_20
3146,angry,data/ravdess/Actor_20/03-01-05-02-01-02-20.wav,ravdess,ravdess_actor_20
3147,angry,data/ravdess/Actor_20/03-01-05-02-02-01-20.wav,ravdess,ravdess_actor_20
3148,angry,data/ravdess/Actor_20/03-01-05-02-02-02-20.wav,ravdess,ravdess_actor_20
3149,angry,data/ravdess/Actor_21/03-01-05-01-01-01-21.wav,ravdess,ravdess_actor_21
3150,angry,data/ravdess/Actor_21/03-01-05-01-01-02-21.wav,ravdess,ravdess_actor_21
3151,angry,data/ravdess/Actor_21/03-01-05-01-02-01-21.wav,ravdess,ravdess_actor_21
3152,angry,data/ravdess/Actor_21/03-01-05-01-02-02-21.wav,ravdess,ravdess_actor_21
3153,angry,data/ravdess/Actor_21/03-01-05-02-01-01-21.wav,ravdess,ravdess_actor_21
3154,angry,data/ravdess/Actor_21/03-01-05-02-01-02-21.wav,ravdess,ravdess_actor_21
3155,angry,data/ravdess/Actor_21/03-01-05-02-02-01-21.wav,ravdess,ravdess_actor_21
3156,angry,data/ravdess/Actor_21/03-01-05-02-02-02-21.wav,ravdess,ravdess_actor_21
3157,angry,data/ravdess/Actor_22/03-01-05-01-01-01-22.wav,ravdess,ravdess_actor_22
3158,angry,data/ravdess/Actor_22/03-01-05-01-01-02-22.wav,ravdess,ravdess_actor_22
3159,angry,data/ravdess/Actor_22/03-01-05-01-02-01-22.wav,ravdess,ravdess_actor_22
3160,angry,data/ravdess/Actor_22/03-01-05-01-02-02-22.wav,ravdess,ravdess_actor_22
3161,angry,data/ravdess/Actor_22/03-01-05-02-01-01-22.wav,ravdess,ravdess_actor_22
3162,angry,data/ravdess/Actor_22/03-01-05-02-01-02-22.wav,ravdess,ravdess_actor_22
3163,angry,data/ravdess/Actor_22/03-01-05-02-02-01-22.wav,ravdess,ravdess_actor_22
3164,angry,data/ravdess/Actor_22/03-01-05-02-02-02-22.wav,ravdess,ravdess_actor_22
3165,angry,data/ravdess/Actor_23/03-01-05-01-01-01-23.wav,ravdess,ravdess_actor_23
3166,angry,data/ravdess/Actor_23/03-01-05-01-01-02-23.wav,ravdess,ravdess_actor_23
3167,angry,data/ravdess/Actor_23/03-01-05-01-02-01-23.wav,ravdess,ravdess_actor_23
3168,angry,data/ravdess/Actor_23/03-01-05-01-02-02-23.wav,ravdess,ravdess_actor_23
3169,angry,data/ravdess/Actor_23/03-01-05-02-01-01-23.wav,ravdess,ravdess_actor_23
3170,angry,data/ravdess/Actor_23/03-01-05-02-01-02-23.wav,ravdess,ravdess_actor_23
3171,angry,data/ravdess/Actor_23/03-01-05-02-02-01-23.wav,ravdess,ravdess_actor_23
3172,angry,data/ravdess/Actor_23/03-01-05-02-02-02-23.wav,ravdess,ravdess_actor_23
3173,angry,data/ravdess/Actor_24/03-01-05-01-01-01-24.wav,ravdess,ravdess_actor_24
3174,angry,data/ravdess/Actor_24/03-01-05-01-01-02-24.wav,ravdess,ravdess_actor_24
3175,angry,data/ravdess/Actor_24/03-01-05-01-02-01-24.wav,ravdess,ravdess_actor_24
3176,angry,data/ravdess/Actor_24/03-01-05-01-02-02-24.wav,ravdess,ravdess_actor_24
3177,angry,data/ravdess/Actor_24/03-01-05-02-01-01-24.wav,ravdess,ravdess_actor_24
3178,angry,data/ravdess/Actor_24/03-01-05-02-01-02-24.wav,ravdess,ravdess_actor_24
3179,angry,data/ravdess/Actor_24/03-01-05-02-02-01-24.wav,ravdess,ravdess_actor_24
3180,angry,data/ravdess/Actor_24/03-01-05-02-02-02-24.wav,ravdess,ravdess_actor_24
3181,calm,data/ravdess/Actor_01/03-01-02-01-01-01-01.wav,ravdess,ravdess_actor_01
3182,calm,data/ravdess/Actor_01/03-01-02-01-01-02-01.wav,ravdess,ravdess_actor_01
3183,calm,data/ravdess/Actor_01/03-01-02-01-02-01-01.wav,ravdess,ravdess_actor_01
3184,calm,data/ravdess/Actor_01/03-01-02-01-02-02-01.wav,ravdess,ravdess_actor_01
3185,calm,data/ravdess/Actor_01/03-01-02-02-01-01-01.wav,ravdess,ravdess_actor_01
3186,calm,data/ravdess/Actor_01/03-01-02-02-01-02-01.wav,ravdess,ravdess_actor_01
3187,calm,data/ravdess/Actor_01/03-01-02-02-02-01-01.wav,ravdess,ravdess_actor_01
3188,calm,data/ravdess/Actor_01/03-01-02-02-02-02-01.wav,ravdess,ravdess_actor_01
3189,calm,data/ravdess/Actor_02/03-01-02-01-01-01-02.wav,ravdess,ravdess_actor_02
3190,calm,data/ravdess/Actor_02/03-01-02-01-01-02-02.wav,ravdess,ravdess_actor_02
3191,calm,data/ravdess/Actor_02/03-01-02-01-02-01-02.wav,ravdess,ravdess_actor_02
3192,calm,data/ravdess/Actor_02/03-01-02-01-02-02-02.wav,ravdess,ravdess_actor_02
3193,calm,data/ravdess/Actor_02/03-01-02-02-01-01-02.wav,ravdess,ravdess_actor_02
3194,calm,data/ravdess/Actor_02/03-01-02-02-01-02-02.wav,ravdess,ravdess_actor_02
3195,calm,data/ravdess/Actor_02/03-01-02-02-02-01-02.wav,ravdess,ravdess_actor_02
3196,calm,data/ravdess/Actor_02/03-01-02-02-02-02-02.wav,ravdess,ravdess_actor_02
3197,calm,data/ravdess/Actor_03/03-01-02-01-01-01-03.wav,ravdess,ravdess_actor_03
3198,calm,data/ravdess/Actor_03/03-01-02-01-01-02-03.wav,ravdess,ravdess_actor_03
3199,calm,data/ravdess/Actor_03/03-01-02-01-02-01-03.wav,ravdess,ravdess_actor_03
3200,calm,data/ravdess/Actor_03/03-01-02-01-02-02-03.wav,ravdess,ravdess_actor_03
3201,calm,data/ravdess/Actor_03/03-01-02-02-01-01-03.wav,ravdess,ravdess_actor_03
3202,calm,data/ravdess/Actor_03/03-01-02-02-01-02-03.wav,ravdess,ravdess_actor_03
3203,calm,data/ravdess/Actor_03/03-01-02-02-02-01-03.wav,ravdess,ravdess_actor_03
3204,calm,data/ravdess/Actor_03/03-01-02-02-02-02-03.wav,ravdess,ravdess_actor_03
3205,calm,data/ravdess/Actor_04/03-01-02-01-01-01-04.wav,ravdess,ravdess_actor_04
3206,calm,data/ravdess/Actor_04/03-01-02-01-01-02-04.wav,ravdess,ravdess_actor_04
3207,calm,data/ravdess/Actor_04/03-01-02-01-02-01-04.wav,ravdess,ravdess_actor_04
3208,calm,data/ravdess/Actor_04/03-01-02-01-02-02-04.wav,ravdess,ravdess_actor_04
3209,calm,data/ravdess/Actor_04/03-01-02-02-01-01-04.wav,ravdess,ravdess_actor_04
3210,calm,data/ravdess/Actor_04/03-01-02-02-01-02-04.wav,ravdess,ravdess_actor_04
3211,calm,data/ravdess/Actor_04/03-01-02-02-02-01-04.wav,ravdess,ravdess_actor_04
3212,calm,data/ravdess/Actor_04/03-01-02-02-02-02-04.wav,ravdess,ravdess_actor_04
3213,calm,data/ravdess/Actor_05/03-01-02-01-01-01-05.wav,ravdess,ravdess_actor_05
3214,calm,data/ravdess/Actor_05/03-01-02-01-01-02-05.wav,ravdess,ravdess_actor_05
3215,calm,data/ravdess/Actor_05/03-01-02-01-02-01-05.wav,ravdess,ravdess_actor_05
3216,calm,data/ravdess/Actor_05/03-01-02-01-02-02-05.wav,ravdess,ravdess_actor_05
3217,calm,data/ravdess/Actor_05/03-01-02-02-01-01-05.wav,ravdess,ravdess_actor_05
3218,calm,data/ravdess/Actor_05/03-01-02-02-01-02-05.wav,ravdess,ravdess_actor_05
3219,calm,data/ravdess/Actor_05/03-01-02-02-02-01-05.wav,ravdess,ravdess_actor_05
3220,calm,data/ravdess/Actor_05/03-01-02-02-02-02-05.wav,ravdess,ravdess_actor_05
3221,calm,data/ravdess/Actor_06/03-01-02-01-01-01-06.wav,ravdess,ravdess_actor_06
3222,calm,data/ravdess/Actor_06/03-01-02-01-01-02-06.wav,ravdess,ravdess_actor_06
3223,calm,data/ravdess/Actor_06/03-01-02-01-02-01-06.wav,ravdess,ravdess_actor_06
3224,calm,data/ravdess/Actor_06/03-01-02-01-02-02-06.wav,ravdess,ravdess_actor_06
3225,calm,data/ravdess/Actor_06/03-01-02-02-01-01-06.wav,ravdess,ravdess_actor_06
3226,calm,data/ravdess/Actor_06/03-01-02-02-01-02-06.wav,ravdess,ravdess_actor_06
3227,calm,data/ravdess/Actor_06/03-01-02-02-02-01-06.wav,ravdess,ravdess_actor_06
3228,calm,data/ravdess/Actor_06/03-01-02-02-02-02-06.wav,ravdess,ravdess_actor_06
3229,calm,data/ravdess/Actor_07/03-01-02-01-01-01-07.wav,ravdess,ravdess_actor_07
3230,calm,data/ravdess/Actor_07/03-01-02-01-01-02-07.wav,ravdess,ravdess_actor_07
3231,calm,data/ravdess/Actor_07/03-01-02-01-02-01-07.wav,ravdess,ravdess_actor_07
3232,calm,data/ravdess/Actor_07/03-01-02-01-02-02-07.wav,ravdess,ravdess_actor_07
3233,calm,data/ravdess/Actor_07/03-01-02-02-01-01-07.wav,ravdess,ravdess_actor_07
3234,calm,data/ravdess/Actor_07/03-01-02-02-01-02-07.wav,ravdess,ravdess_actor_07
3235,calm,data/ravdess/Actor_07/03-01-02-02-02-01-07.wav,ravdess,ravdess_actor_07
3236,calm,data/ravdess/Actor_07/03-01-02-02-02-02-07.wav,ravdess,ravdess_actor_07
3237,calm,data/ravdess/Actor_08/03-01-02-01-01-01-08.wav,ravdess,ravdess_actor_08
3238,calm,data/ravdess/Actor_08/03-01-02-01-01-02-08.wav,ravdess,ravdess_actor_08
3239,calm,data/ravdess/Actor_08/03-01-02-01-02-01-08.wav,ravdess,ravdess_actor_08
3240,calm,data/ravdess/Actor_08/03-01-02-01-02-02-08.wav,ravdess,ravdess_actor_08
3241,calm,data/ravdess/Actor_08/03-01-02-02-01-01-08.wav,ravdess,ravdess_actor_08
3242,calm,data/ravdess/Actor_08/03-01-02-02-01-02-08.wav,ravdess,ravdess_actor_08
3243,calm,data/ravdess/Actor_08/03-01-02-02-02-01-08.wav,ravdess,ravdess_actor_08
3244,calm,data/ravdess/Actor_08/03-01-02-02-02-02-08.wav,ravdess,ravdess_actor_08
3245,calm,data/ravdess/Actor_09/03-01-02-01-01-01-09.wav,ravdess,ravdess_actor_09
3246,calm,data/ravdess/Actor_09/03-01-02-01-01-02-09.wav,ravdess,ravdess_actor_09
3247,calm,data/ravdess/Actor_09/03-01-02-01-02-01-09.wav,ravdess,ravdess_actor_09
3248,calm,data/ravdess/Actor_09/03-01-02-01-02-02-09.wav,ravdess,ravdess_actor_09
3249,calm,data/ravdess/Actor_09/03-01-02-02-01-01-09.wav,ravdess,ravdess_actor_09
3250,calm,data/ravdess/Actor_09/03-01-02-02-01-02-09.wav,ravdess,ravdess_actor_09
3251,calm,data/ravdess/Actor_09/03-01-02-02-02-01-09.wav,ravdess,ravdess_actor_09
3252,calm,data/ravdess/Actor_09/03-01-02-02-02-02-09.wav,ravdess,ravdess_actor_09
3253,calm,data/ravdess/Actor_10/03-01-02-01-01-01-10.wav,ravdess,ravdess_actor_10
3254,calm,data/ravdess/Actor_10/03-01-02-01-01-02-10.wav,ravdess,ravdess_actor_10
3255,calm,data/ravdess/Actor_10/03-01-02-01-02-01-10.wav,ravdess,ravdess_actor_10
3256,calm,data/ravdess/Actor_10/03-01-02-01-02-02-10.wav,ravdess,ravdess_actor_10
3257,calm,data/ravdess/Actor_10/03-01-02-02-01-01-10.wav,ravdess,ravdess_actor_10
3258,calm,data/ravdess/Actor_10/03-01-02-02-01-02-10.wav,ravdess,ravdess_actor_10
3259,calm,data/ravdess/Actor_10/03-01-02-02-02-01-10.wav,ravdess,ravdess_actor_10
3260,calm,data/ravdess/Actor_10/03-01-02-02-02-02-10.wav,ravdess,ravdess_actor_10
3261,calm,data/ravdess/Actor_11/03-01-02-01-01-01-11.wav,ravdess,ravdess_actor_11
3262,calm,data/ravdess/Actor_11/03-01-02-01-01-02-11.wav,ravdess,ravdess_actor_11
3263,calm,data/ravdess/Actor_11/03-01-02-01-02-01-11.wav,ravdess,ravdess_actor_11
3264,calm,data/ravdess/Actor_11/03-01-02-01-02-02-11.wav,ravdess,ravdess_actor_11
3265,calm,data/ravdess/Actor_11/03-01-02-02-01-01-11.wav,ravdess,ravdess_actor_11
3266,calm,data/ravdess/Actor_11/03-01-02-02-01-02-11.wav,ravdess,ravdess_actor_11
3267,calm,data/ravdess/Actor_11/03-01-02-02-02-01-11.wav,ravdess,ravdess_actor_11
3268,calm,data/ravdess/Actor_11/03-01-02-02-02-02-11.wav,ravdess,ravdess_actor_11
3269,calm,data/ravdess/Actor_12/03-01-02-01-01-01-12.wav,ravdess,ravdess_actor_12
3270,calm,data/ravdess/Actor_12/03-01-02-01-01-02-12.wav,ravdess,ravdess_actor_12
3271,calm,data/ravdess/Actor_12/03-01-02-01-02-01-12.wav,ravdess,ravdess_actor_12
3272,calm,data/ravdess/Actor_12/03-01-02-01-02-02-12.wav,ravdess,ravdess_actor_12
3273,calm,data/ravdess/Actor_12/03-01-02-02-01-01-12.wav,ravdess,ravdess_actor_12
3274,calm,data/ravdess/Actor_12/03-01-02-02-01-02-12.wav,ravdess,ravdess_actor_12
3275,calm,data/ravdess/Actor_12/03-01-02-02-02-01-12.wav,ravdess,ravdess_actor_12
3276,calm,data/ravdess/Actor_12/03-01-02-02-02-02-12.wav,ravdess,ravdess_actor_12
3277,calm,data/ravdess/Actor_13/03-01-02-01-01-01-13.wav,ravdess,ravdess_actor_13
3278,calm,data/ravdess/Actor_13/03-01-02-01-01-02-13.wav,ravdess,ravdess_actor_13
3279,calm,data/ravdess/Actor_13/03-01-02-01-02-01-13.wav,ravdess,ravdess_actor_13
3280,calm,data/ravdess/Actor_13/03-01-02-01-02-02-13.wav,ravdess,ravdess_actor_13
3281,calm,data/ravdess/Actor_13/03-01-02-02-01-01-13.wav,ravdess,ravdess_actor_13
3282,calm,data/ravdess/Actor_13/03-01-02-02-01-02-13.wav,ravdess,ravdess_actor_13
3283,calm,data/ravdess/Actor_13/03-01-02-02-02-01-13.wav,ravdess,ravdess_actor_13
3284,calm,data/ravdess/Actor_13/03-01-02-02-02-02-13.wav,ravdess,ravdess_actor_13
3285,calm,data/ravdess/Actor_14/03-01-02-01-01-01-14.wav,ravdess,ravdess_actor_14
3286,calm,data/ravdess/Actor_14/03-01-02-01-01-02-14.wav,ravdess,ravdess_actor_14
3287,calm,data/ravdess/Actor_14/03-01-02-01-02-01-14.wav,ravdess,ravdess_actor_14
3288,calm,data/ravdess/Actor_14/03-01-02-01-02-02-14.wav,ravdess,ravdess_actor_14
3289,calm,data/ravdess/Actor_14/03-01-02-02-01-01-14.wav,ravdess,ravdess_actor_14
3290,calm,data/ravdess/Actor_14/03-01-02-02-01-02-14.wav,ravdess,ravdess_actor_14
3291,calm,data/ravdess/Actor_14/03-01-02-02-02-01-14.wav,ravdess,ravdess_actor_14
3292,calm,data/ravdess/Actor_14/03-01-02-02-02-02-14.wav,ravdess,ravdess_actor_14
3293,calm,data/ravdess/Actor_15/03-01-02-01-01-01-15.wav,ravdess,ravdess_actor_15
3294,calm,data/ravdess/Actor_15/03-01-02-01-01-02-15.wav,ravdess,ravdess_actor_15
3295,calm,data/ravdess/Actor_15/03-01-02-01-02-01-15.wav,ravdess,ravdess_actor_15
3296,calm,data/ravdess/Actor_15/03-01-02-01-02-02-15.wav,ravdess,ravdess_actor_15
3297,calm,data/ravdess/Actor_15/03-01-02-02-01-01-15.wav,ravdess,ravdess_actor_15
3298,calm,data/ravdess/Actor_15/03-01-02-02-01-02-15.wav,ravdess,ravdess_actor_15
3299,calm,data/ravdess/Actor_15/03-01-02-02-02-01-15.wav,ravdess,ravdess_actor_15
3300,calm,data/ravdess/Actor_15/03-01-02-02-02-02-15.wav,ravdess,ravdess_actor_15
3301,calm,data/ravdess/Actor_16/03-01-02-01-01-01-16.wav,ravdess,ravdess_actor_16
3302,calm,data/ravdess/Actor_16/03-01-02-01-01-02-16.wav,ravdess,ravdess_actor_16
3303,calm,data/ravdess/Actor_16/03-01-02-01-02-01-16.wav,ravdess,ravdess_actor_16
3304,calm,data/ravdess/Actor_16/03-01-02-01-02-02-16.wav,ravdess,ravdess_actor_16
3305,calm,data/ravdess/Actor_16/03-01-02-02-01-01-16.wav,ravdess,ravdess_actor_16
3306,calm,data/ravdess/Actor_16/03-01-02-02-01-02-16.wav,ravdess,ravdess_actor_16
3307,calm,data/ravdess/Actor_16/03-01-02-02-02-01-16.wav,ravdess,ravdess_actor_16
3308,calm,data/ravdess/Actor_16/03-01-02-02-02-02-16.wav,ravdess,ravdess_actor_16
3309,calm,data/ravdess/Actor_17/03-01-02-01-01-01-17.wav,ravdess,ravdess_actor_17
3310,calm,data/ravdess/Actor_17/03-01-02-01-01-02-17.wav,ravdess,ravdess_actor_17
3311,calm,data/ravdess/Actor_17/03-01-02-01-02-01-17.wav,ravdess,ravdess_actor_17
3312,calm,data/ravdess/Actor_17/03-01-02-01-02-02-17.wav,ravdess,ravdess_actor_17
3313,calm,data/ravdess/Actor_17/03-01-02-02-01-01-17.wav,ravdess,ravdess_actor_17
3314,calm,data/ravdess/Actor_17/03-01-02-02-01-02-17.wav,ravdess,ravdess_actor_17
3315,calm,data/ravdess/Actor_17/03-01-02-02-02-01-17.wav,ravdess,ravdess_actor_17
3316,calm,data/ravdess/Actor_17/03-01-02-02-02-02-17.wav,ravdess,ravdess_actor_17
3317,calm,data/ravdess/Actor_18/03-01-02-01-01-01-18.wav,ravdess,ravdess_actor_18
3318,calm,data/ravdess/Actor_18/03-01-02-01-01-02-18.wav,ravdess,ravdess_actor_18
3319,calm,data/ravdess/Actor_18/03-01-02-01-02-01-18.wav,ravdess,ravdess_actor_18
3320,calm,data/ravdess/Actor_18/03-01-02-01-02-02-18.wav,ravdess,ravdess_actor_18
3321,calm,data/ravdess/Actor_18/03-01-02-02-01-01-18.wav,ravdess,ravdess_actor_18
3322,calm,data/ravdess/Actor_18/03-01-02-02-01-02-18.wav,ravdess,ravdess_actor_18
3323,calm,data/ravdess/Actor_18/03-01-02-02-02-01-18.wav,ravdess,ravdess_actor_18
3324,calm,data/ravdess/Actor_18/03-01-02-02-02-02-18.wav,ravdess,ravdess_actor_18
3325,calm,data/ravdess/Actor_19/03-01-02-01-01-01-19.wav,ravdess,ravdess_actor_19
3326,calm,data/ravdess/Actor_19/03-01-02-01-01-02-19.wav,ravdess,ravdess_actor_19
3327,calm,data/ravdess/Actor_19/03-01-02-01-02-01-19.wav,ravdess,ravdess_actor_19
3328,calm,data/ravdess/Actor_19/03-01-02-01-02-02-19.wav,ravdess,ravdess_actor_19
3329,calm,data/ravdess/Actor_19/03-01-02-02-01-01-19.wav,ravdess,ravdess_actor_19
3330,calm,data/ravdess/Actor_19/03-01-02-02-01-02-19.wav,ravdess,ravdess_actor_19
3331,calm,data/ravdess/Actor_19/03-01-02-02-02-01-19.wav,ravdess,ravdess_actor_19
3332,calm,data/ravdess/Actor_19/03-01-02-02-02-02-19.wav,ravdess,ravdess_actor_19
3333,calm,data/ravdess/Actor_20/03-01-02-01-01-01-20.wav,ravdess,ravdess_actor_20
3334,calm,data/ravdess/Actor_20/03-01-02-01-01-02-20.wav,ravdess,ravdess_actor_20
3335,calm,data/ravdess/Actor_20/03-01-02-01-02-01-20.wav,ravdess,ravdess_actor_20
3336,calm,data/ravdess/Actor_20/03-01-02-01-02-02-20.wav,ravdess,ravdess_actor_20
3337,calm,data/ravdess/Actor_20/03-01-02-02-01-01-20.wav,ravdess,ravdess_actor_20
3338,calm,data/ravdess/Actor_20/03-01-02-02-01-02-20.wav,ravdess,ravdess_actor_20
3339,calm,data/ravdess/Actor_20/03-01-02-02-02-01-20.wav,ravdess,ravdess_actor_20
3340,calm,data/ravdess/Actor_20/03-01-02-02-02-02-20.wav,ravdess,ravdess_actor_20
3341,calm,data/ravdess/Actor_21/03-01-02-01-01-01-21.wav,ravdess,ravdess_actor_21
3342,calm,data/ravdess/Actor_21/03-01-02-01-01-02-21.wav,ravdess,ravdess_actor_21
3343,calm,data/ravdess/Actor_21/03-01-02-01-02-01-21.wav,ravdess,ravdess_actor_21
3344,calm,data/ravdess/Actor_21/03-01-02-01-02-02-21.wav,ravdess,ravdess_actor_21
3345,calm,data/ravdess/Actor_21/03-01-02-02-01-01-21.wav,ravdess,ravdess_actor_21
3346,calm,data/ravdess/Actor_21/03-01-02-02-01-02-21.wav,ravdess,ravdess_actor_21
3347,calm,data/ravdess/Actor_21/03-01-02-02-02-01-21.wav,ravdess,ravdess_actor_21
3348,calm,data/ravdess/Actor_21/03-01-02-02-02-02-21.wav,ravdess,ravdess_actor_21
3349,calm,data/ravdess/Actor_22/03-01-02-01-01-01-22.wav,ravdess,ravdess_actor_22
3350,calm,data/ravdess/Actor_22/03-01-02-01-01-02-22.wav,ravdess,ravdess_actor_22
3351,calm,data/ravdess/Actor_22/03-01-02-01-02-01-22.wav,ravdess,ravdess_actor_22
3352,calm,data/ravdess/Actor_22/03-01-02-01-02-02-22.wav,ravdess,ravdess_actor_22
3353,calm,data/ravdess/Actor_22/03-01-02-02-01-01-22.wav,ravdess,ravdess_actor_22
3354,calm,data/ravdess/Actor_22/03-01-02-02-01-02-22.wav,ravdess,ravdess_actor_22
3355,calm,data/ravdess/Actor_22/03-01-02-02-02-01-22.wav,ravdess,ravdess_actor_22
3356,calm,data/ravdess/Actor_22/03-01-02-02-02-02-22.wav,ravdess,ravdess_actor_22
3357,calm,data/ravdess/Actor_23/03-01-02-01-01-01-23.wav,ravdess,ravdess_actor_23
3358,calm,data/ravdess/Actor_23/03-01-02-01-01-02-23.wav,ravdess,ravdess_actor_23
3359,calm,data/ravdess/Actor_23/03-01-02-01-02-01-23.wav,ravdess,ravdess_actor_23
3360,calm,data/ravdess/Actor_23/03-01-02-01-02-02-23.wav,ravdess,ravdess_actor_23
3361,calm,data/ravdess/Actor_23/03-01-02-02-01-01-23.wav,ravdess,ravdess_actor_23
3362,calm,data/ravdess/Actor_23/03-01-02-02-01-02-23.wav,ravdess,ravdess_actor_23
3363,calm,data/ravdess/Actor_23/03-01-02-02-02-01-23.wav,ravdess,ravdess_actor_23
3364,calm,data/ravdess/Actor_23/03-01-02-02-02-02-23.wav,ravdess,ravdess_actor_23
3365,calm,data/ravdess/Actor_24/03-01-02-01-01-01-24.wav,ravdess,ravdess_actor_24
3366,calm,data/ravdess/Actor_24/03-01-02-01-01-02-24.wav,ravdess,ravdess_actor_24
3367,calm,data/ravdess/Actor_24/03-01-02-01-02-01-24.wav,ravdess,ravdess_actor_24
3368,calm,data/ravdess/Actor_24/03-01-02-01-02-02-24.wav,ravdess,ravdess_actor_24
3369,calm,data/ravdess/Actor_24/03-01-02-02-01-01-24.wav,ravdess,ravdess_actor_24
3370,calm,data/ravdess/Actor_24/03-01-02-02-01-02-24.wav,ravdess,ravdess_actor_24
3371,calm,data/ravdess/Actor_24/03-01-02-02-02-01-24.wav,ravdess,ravdess_actor_24
3372,calm,data/ravdess/Actor_24/03-01-02-02-02-02-24.wav,ravdess,ravdess_actor_24
3373,disgust,data/ravdess/Actor_01/03-01-07-01-01-01-01.wav,ravdess,ravdess_actor_01
3374,disgust,data/ravdess/Actor_01/03-01-07-01-01-02-01.wav,ravdess,ravdess_actor_01
3375,disgust,data/ravdess/Actor_01/03-01-07-01-02-01-01.wav,ravdess,ravdess_actor_01
3376,disgust,data/ravdess/Actor_01/03-01-07-01-02-02-01.wav,ravdess,ravdess_actor_01
3377,disgust,data/ravdess/Actor_01/03-01-07-02-01-01-01.wav,ravdess,ravdess_actor_01
3378,disgust,data/ravdess/Actor_01/03-01-07-02-01-02-01.wav,ravdess,ravdess_actor_01
3379,disgust,data/ravdess/Actor_01/03-01-07-02-02-01-01.wav,ravdess,ravdess_actor_01
3380,disgust,data/ravdess/Actor_01/03-01-07-02-02-02-01.wav,ravdess,ravdess_actor_01
3381,disgust,data/ravdess/Actor_02/03-01-07-01-01-01-02.wav,ravdess,ravdess_actor_02
3382,disgust,data/ravdess/Actor_02/03-01-07-01-01-02-02.wav,ravdess,ravdess_actor_02
3383,disgust,data/ravdess/Actor_02/03-01-07-01-02-01-02.wav,ravdess,ravdess_actor_02
3384,disgust,data/ravdess/Actor_02/03-01-07-01-02-02-02.wav,ravdess,ravdess_actor_02
3385,disgust,data/ravdess/Actor_02/03-01-07-02-01-01-02.wav,ravdess,ravdess_actor_02
3386,disgust,data/ravdess/Actor_02/03-01-07-02-01-02-02.wav,ravdess,ravdess_actor_02
3387,disgust,data/ravdess/Actor_02/03-01-07-02-02-01-02.wav,ravdess,ravdess_actor_02
3388,disgust,data/ravdess/Actor_02/03-01-07-02-02-02-02.wav,ravdess,ravdess_actor_02
3389,disgust,data/ravdess/Actor_03/03-01-07-01-01-01-03.wav,ravdess,ravdess_actor_03
3390,disgust,data/ravdess/Actor_03/03-01-07-01-01-02-03.wav,ravdess,ravdess_actor_03
3391,disgust,data/ravdess/Actor_03/03-01-07-01-02-01-03.wav,ravdess,ravdess_actor_03
3392,disgust,data/ravdess/Actor_03/03-01-07-01-02-02-03.wav,ravdess,ravdess_actor_03
3393,disgust,data/ravdess/Actor_03/03-01-07-02-01-01-03.wav,ravdess,ravdess_actor_03
3394,disgust,data/ravdess/Actor_03/03-01-07-02-01-02-03.wav,ravdess,ravdess_actor_03
3395,disgust,data/ravdess/Actor_03/03-01-07-02-02-01-03.wav,ravdess,ravdess_actor_03
3396,disgust,data/ravdess/Actor_03/03-01-07-02-02-02-03.wav,ravdess,ravdess_actor_03
3397,disgust,data/ravdess/Actor_04/03-01-07-01-01-01-04.wav,ravdess,ravdess_actor_04
3398,disgust,data/ravdess/Actor_04/03-01-07-01-01-02-04.wav,ravdess,ravdess_actor_04
3399,disgust,data/ravdess/Actor_04/03-01-07-01-02-01-04.wav,ravdess,ravdess_actor_04
3400,disgust,data/ravdess/Actor_04/03-01-07-01-02-02-04.wav,ravdess,ravdess_actor_04
3401,disgust,data/ravdess/Actor_04/03-01-07-02-01-01-04.wav,ravdess,ravdess_actor_04
3402,disgust,data/ravdess/Actor_04/03-01-07-02-01-02-04.wav,ravdess,ravdess_actor_04
3403,disgust,data/ravdess/Actor_04/03-01-07-02-02-01-04.wav,ravdess,ravdess_actor_04
3404,disgust,data/ravdess/Actor_04/03-01-07-02-02-02-04.wav,ravdess,ravdess_actor_04
3405,disgust,data/ravdess/Actor_05/03-01-07-01-01-01-05.wav,ravdess,ravdess_actor_05
3406,disgust,data/ravdess/Actor_05/03-01-07-01-01-02-05.wav,ravdess,ravdess_actor_05
3407,disgust,data/ravdess/Actor_05/03-01-07-01-02-01-05.wav,ravdess,ravdess_actor_05
3408,disgust,data/ravdess/Actor_05/03-01-07-01-02-02-05.wav,ravdess,ravdess_actor_05
3409,disgust,data/ravdess/Actor_05/03-01-07-02-01-01-05.wav,ravdess,ravdess_actor_05
3410,disgust,data/ravdess/Actor_05/03-01-07-02-01-02-05.wav,ravdess,ravdess_actor_05
3411,disgust,data/ravdess/Actor_05/03-01-07-02-02-01-05.wav,ravdess,ravdess_actor_05
3412,disgust,data/ravdess/Actor_05/03-01-07-02-02-02-05.wav,ravdess,ravdess_actor_05
3413,disgust,data/ravdess/Actor_06/03-01-07-01-01-01-06.wav,ravdess,ravdess_actor_06
3414,disgust,data/ravdess/Actor_06/03-01-07-01-01-02-06.wav,ravdess,ravdess_actor_06
3415,disgust,data/ravdess/Actor_06/03-01-07-01-02-01-06.wav,ravdess,ravdess_actor_06
3416,disgust,data/ravdess/Actor_06/03-01-07-01-02-02-06.wav,ravdess,ravdess_actor_06
3417,disgust,data/ravdess/Actor_06/03-01-07-02-01-01-06.wav,ravdess,ravdess_actor_06
3418,disgust,data/ravdess/Actor_06/03-01-07-02-01-02-06.wav,ravdess,ravdess_actor_06
3419,disgust,data/ravdess/Actor_06/03-01-07-02-02-01-06.wav,ravdess,ravdess_actor_06
3420,disgust,data/ravdess/Actor_06/03-01-07-02-02-02-06.wav,ravdess,ravdess_actor_06
3421,disgust,data/ravdess/Actor_07/03-01-07-01-01-01-07.wav,ravdess,ravdess_actor_07
3422,disgust,data/ravdess/Actor_07/03-01-07-01-01-02-07.wav,ravdess,ravdess_actor_07
3423,disgust,data/ravdess/Actor_07/03-01-07-01-02-01-07.wav,ravdess,ravdess_actor_07
3424,disgust,data/ravdess/Actor_07/03-01-07-01-02-02-07.wav,ravdess,ravdess_actor_07
3425,disgust,data/ravdess/Actor_07/03-01-07-02-01-01-07.wav,ravdess,ravdess_actor_07
3426,disgust,data/ravdess/Actor_07/03-01-07-02-01-02-07.wav,ravdess,ravdess_actor_07
3427,disgust,data/ravdess/Actor_07/03-01-07-02-02-01-07.wav,ravdess,ravdess_actor_07
3428,disgust,data/ravdess/Actor_07/03-01-07-02-02-02-07.wav,ravdess,ravdess_actor_07
3429,disgust,data/ravdess/Actor_08/03-01-07-01-01-01-08.wav,ravdess,ravdess_actor_08
3430,disgust,data/ravdess/Actor_08/03-01-07-01-01-02-08.wav,ravdess,ravdess_actor_08
3431,disgust,data/ravdess/Actor_08/03-01-07-01-02-01-08.wav,ravdess,ravdess_actor_08
3432,disgust,data/ravdess/Actor_08/03-01-07-01-02-02-08.wav,ravdess,ravdess_actor_08
3433,disgust,data/ravdess/Actor_08/03-01-07-02-01-01-08.wav,ravdess,ravdess_actor_08
3434,disgust,data/ravdess/Actor_08/03-01-07-02-01-02-08.wav,ravdess,ravdess_actor_08
3435,disgust,data/ravdess/Actor_08/03-01-07-02-02-01-08.wav,ravdess,ravdess_actor_08
3436,disgust,data/ravdess/Actor_08/03-01-07-02-02-02-08.wav,ravdess,ravdess_actor_08
3437,disgust,data/ravdess/Actor_09/03-01-07-01-01-01-09.wav,ravdess,ravdess_actor_09
3438,disgust,data/ravdess/Actor_09/03-01-07-01-01-02-09.wav,ravdess,ravdess_actor_09
3439,disgust,data/ravdess/Actor_09/03-01-07-01-02-01-09.wav,ravdess,ravdess_actor_09
3440,disgust,data/ravdess/Actor_09/03-01-07-01-02-02-09.wav,ravdess,ravdess_actor_09
3441,disgust,data/ravdess/Actor_09/03-01-07-02-01-01-09.wav,ravdess,ravdess_actor_09
3442,disgust,data/ravdess/Actor_09/03-01-07-02-01-02-09.wav,ravdess,ravdess_actor_09
3443,disgust,data/ravdess/Actor_09/03-01-07-02-02-01-09.wav,ravdess,ravdess_actor_09
3444,disgust,data/ravdess/Actor_09/03-01-07-02-02-02-09.wav,ravdess,ravdess_actor_09
3445,disgust,data/ravdess/Actor_10/03-01-07-01-01-01-10.wav,ravdess,ravdess_actor_10
3446,disgust,data/ravdess/Actor_10/03-01-07-01-01-02-10.wav,ravdess,ravdess_actor_10
3447,disgust,data/ravdess/Actor_10/03-01-07-01-02-01-10.wav,ravdess,ravdess_actor_10
3448,disgust,data/ravdess/Actor_10/03-01-07-01-02-02-10.wav,ravdess,ravdess_actor_10
3449,disgust,data/ravdess/Actor_10/03-01-07-02-01-01-10.wav,ravdess,ravdess_actor_10
3450,disgust,data/ravdess/Actor_10/03-01-07-02-01-02-10.wav,ravdess,ravdess_actor_10
3451,disgust,data/ravdess/Actor_10/03-01-07-02-02-01-10.wav,ravdess,ravdess_actor_10
3452,disgust,data/ravdess/Actor_10/03-01-07-02-02-02-10.wav,ravdess,ravdess_actor_10
3453,disgust,data/ravdess/Actor_11/03-01-07-01-01-01-11.wav,ravdess,ravdess_actor_11
3454,disgust,data/ravdess/Actor_11/03-01-07-01-01-02-11.wav,ravdess,ravdess_actor_11
3455,disgust,data/ravdess/Actor_11/03-01-07-01-02-01-11.wav,ravdess,ravdess_actor_11
3456,disgust,data/ravdess/Actor_11/03-01-07-01-02-02-11.wav,ravdess,ravdess_actor_11
3457,disgust,data/ravdess/Actor_11/03-01-07-02-01-01-11.wav,ravdess,ravdess_actor_11
3458,disgust,data/ravdess/Actor_11/03-01-07-02-01-02-11.wav,ravdess,ravdess_actor_11
3459,disgust,data/ravdess/Actor_11/03-01-07-02-02-01-11.wav,ravdess,ravdess_actor_11
3460,disgust,data/ravdess/Actor_11/03-01-07-02-02-02-11.wav,ravdess,ravdess_actor_11
3461,disgust,data/ravdess/Actor_12/03-01-07-01-01-01-12.wav,ravdess,ravdess_actor_12
3462,disgust,data/ravdess/Actor_12/03-01-07-01-01-02-12.wav,ravdess,ravdess_actor_12
3463,disgust,data/ravdess/Actor_12/03-01-07-01-02-01-12.wav,ravdess,ravdess_actor_12
3464,disgust,data/ravdess/Actor_12/03-01-07-01-02-02-12.wav,ravdess,ravdess_actor_12
3465,disgust,data/ravdess/Actor_12/03-01-07-02-01-01-12.wav,ravdess,ravdess_actor_12
3466,disgust,data/ravdess/Actor_12/03-01-07-02-01-02-12.wav,ravdess,ravdess_actor_12
3467,disgust,data/ravdess/Actor_12/03-01-07-02-02-01-12.wav,ravdess,ravdess_actor_12
3468,disgust,data/ravdess/Actor_12/03-01-07-02-02-02-12.wav,ravdess,ravdess_actor_12
3469,disgust,data/ravdess/Actor_13/03-01-07-01-01-01-13.wav,ravdess,ravdess_actor_13
3470,disgust,data/ravdess/Actor_13/03-01-07-01-01-02-13.wav,ravdess,ravdess_actor_13
3471,disgust,data/ravdess/Actor_13/03-01-07-01-02-01-13.wav,ravdess,ravdess_actor_13
3472,disgust,data/ravdess/Actor_13/03-01-07-01-02-02-13.wav,ravdess,ravdess_actor_13
3473,disgust,data/ravdess/Actor_13/03-01-07-02-01-01-13.wav,ravdess,ravdess_actor_13
3474,disgust,data/ravdess/Actor_13/03-01-07-02-01-02-13.wav,ravdess,ravdess_actor_13
3475,disgust,data/ravdess/Actor_13/03-01-07-02-02-01-13.wav,ravdess,ravdess_actor_13
3476,disgust,data/ravdess/Actor_13/03-01-07-02-02-02-13.wav,ravdess,ravdess_actor_13
3477,disgust,data/ravdess/Actor_14/03-01-07-01-01-01-14.wav,ravdess,ravdess_actor_14
3478,disgust,data/ravdess/Actor_14/03-01-07-01-01-02-14.wav,ravdess,ravdess_actor_14
3479,disgust,data/ravdess/Actor_14/03-01-07-01-02-01-14.wav,ravdess,ravdess_actor_14
3480,disgust,data/ravdess/Actor_14/03-01-07-01-02-02-14.wav,ravdess,ravdess_actor_14
3481,disgust,data/ravdess/Actor_14/03-01-07-02-01-01-14.wav,ravdess,ravdess_actor_14
3482,disgust,data/ravdess/Actor_14/03-01-07-02-01-02-14.wav,ravdess,ravdess_actor_14
3483,disgust,data/ravdess/Actor_14/03-01-07-02-02-01-14.wav,ravdess,ravdess_actor_14
3484,disgust,data/ravdess/Actor_14/03-01-07-02-02-02-14.wav,ravdess,ravdess_actor_14
3485,disgust,data/ravdess/Actor_15/03-01-07-01-01-01-15.wav,ravdess,ravdess_actor_15
3486,disgust,data/ravdess/Actor_15/03-01-07-01-01-02-15.wav,ravdess,ravdess_actor_15
3487,disgust,data/ravdess/Actor_15/03-01-07-01-02-01-15.wav,ravdess,ravdess_actor_15
3488,disgust,data/ravdess/Actor_15/03-01-07-01-02-02-15.wav,ravdess,ravdess_actor_15
3489,disgust,data/ravdess/Actor_15/03-01-07-02-01-01-15.wav,ravdess,ravdess_actor_15
3490,disgust,data/ravdess/Actor_15/03-01-07-02-01-02-15.wav,ravdess,ravdess_actor_15
3491,disgust,data/ravdess/Actor_15/03-01-07-02-02-01-15.wav,ravdess,ravdess_actor_15
3492,disgust,data/ravdess/Actor_15/03-01-07-02-02-02-15.wav,ravdess,ravdess_actor_15
3493,disgust,data/ravdess/Actor_16/03-01-07-01-01-01-16.wav,ravdess,ravdess_actor_16
3494,disgust,data/ravdess/Actor_16/03-01-07-01-01-02-16.wav,ravdess,ravdess_actor_16
3495,disgust,data/ravdess/Actor_16/03-01-07-01-02-01-16.wav,ravdess,ravdess_actor_16
3496,disgust,data/ravdess/Actor_16/03-01-07-01-02-02-16.wav,ravdess,ravdess_actor_16
3497,disgust,data/ravdess/Actor_16/03-01-07-02-01-01-16.wav,ravdess,ravdess_actor_16
3498,disgust,data/ravdess/Actor_16/03-01-07-02-01-02-16.wav,ravdess,ravdess_actor_16
3499,disgust,data/ravdess/Actor_16/03-01-07-02-02-01-16.wav,ravdess,ravdess_actor_16
3500,disgust,data/ravdess/Actor_16/03-01-07-02-02-02-16.wav,ravdess,ravdess_actor_16
3501,disgust,data/ravdess/Actor_17/03-01-07-01-01-01-17.wav,ravdess,ravdess_actor_17
3502,disgust,data/ravdess/Actor_17/03-01-07-01-01-02-17.wav,ravdess,ravdess_actor_17
3503,disgust,data/ravdess/Actor_17/03-01-07-01-02-01-17.wav,ravdess,ravdess_actor_17
3504,disgust,data/ravdess/Actor_17/03-01-07-01-02-02-17.wav,ravdess,ravdess_actor_17
3505,disgust,data/ravdess/Actor_17/03-01-07-02-01-01-17.wav,ravdess,ravdess_actor_17
3506,disgust,data/ravdess/Actor_17/03-01-07-02-01-02-17.wav,ravdess,ravdess_actor_17
3507,disgust,data/ravdess/Actor_17/03-01-07-02-02-01-17.wav,ravdess,ravdess_actor_17
3508,disgust,data/ravdess/Actor_17/03-01-07-02-02-02-17.wav,ravdess,ravdess_actor_17
3509,disgust,data/ravdess/Actor_18/03-01-07-01-01-01-18.wav,ravdess,ravdess_actor_18
3510,disgust,data/ravdess/Actor_18/03-01-07-01-01-02-18.wav,ravdess,ravdess_actor_18
3511,disgust,data/ravdess/Actor_18/03-01-07-01-02-01-18.wav,ravdess,ravdess_actor_18
3512,disgust,data/ravdess/Actor_18/03-01-07-01-02-02-18.wav,ravdess,ravdess_actor_18
3513,disgust,data/ravdess/Actor_18/03-01-07-02-01-01-18.wav,ravdess,ravdess_actor_18
3514,disgust,data/ravdess/Actor_18/03-01-07-02-01-02-18.wav,ravdess,ravdess_actor_18
3515,disgust,data/ravdess/Actor_18/03-01-07-02-02-01-18.wav,ravdess,ravdess_actor_18
3516,disgust,data/ravdess/Actor_18/03-01-07-02-02-02-18.wav,ravdess,ravdess_actor_18
3517,disgust,data/ravdess/Actor_19/03-01-07-01-01-01-19.wav,ravdess,ravdess_actor_19
3518,disgust,data/ravdess/Actor_19/03-01-07-01-01-02-19.wav,ravdess,ravdess_actor_19
3519,disgust,data/ravdess/Actor_19/03-01-07-01-02-01-19.wav,ravdess,ravdess_actor_19
3520,disgust,data/ravdess/Actor_19/03-01-07-01-02-02-19.wav,ravdess,ravdess_actor_19
3521,disgust,data/ravdess/Actor_19/03-01-07-02-01-01-19.wav,ravdess,ravdess_actor_19
3522,disgust,data/ravdess/Actor_19/03-01-07-02-01-02-19.wav,ravdess,ravdess_actor_19
3523,disgust,data/ravdess/Actor_19/03-01-07-02-02-01-19.wav,ravdess,ravdess_actor_19
3524,disgust,data/ravdess/Actor_19/03-01-07-02-02-02-19.wav,ravdess,ravdess_actor_19
3525,disgust,data/ravdess/Actor_20/03-01-07-01-01-01-20.wav,ravdess,ravdess_actor_20
3526,disgust,data/ravdess/Actor_20/03-01-07-01-01-02-20.wav,ravdess,ravdess_actor_20
3527,disgust,data/ravdess/Actor_20/03-01-07-01-02-01-20.wav,ravdess,ravdess_actor_20
3528,disgust,data/ravdess/Actor_20/03-01-07-01-02-02-20.wav,ravdess,ravdess_actor_20
3529,disgust,data/ravdess/Actor_20/03-01-07-02-01-01-20.wav,ravdess,ravdess_actor_20
3530,disgust,data/ravdess/Actor_20/03-01-07-02-01-02-20.wav,ravdess,ravdess_actor_20
3531,disgust,data/ravdess/Actor_20/03-01-07-02-02-01-20.wav,ravdess,ravdess_actor_20
3532,disgust,data/ravdess/Actor_20/03-01-07-02-02-02-20.wav,ravdess,ravdess_actor_20
3533,disgust,data/ravdess/Actor_21/03-01-07-01-01-01-21.wav,ravdess,ravdess_actor_21
3534,disgust,data/ravdess/Actor_21/03-01-07-01-01-02-21.wav,ravdess,ravdess_actor_21
3535,disgust,data/ravdess/Actor_21/03-01-07-01-02-01-21.wav,ravdess,ravdess_actor_21
3536,disgust,data/ravdess/Actor_21/03-01-07-01-02-02-21.wav,ravdess,ravdess_actor_21
3537,disgust,data/ravdess/Actor_21/03-01-07-02-01-01-21.wav,ravdess,ravdess_actor_21
3538,disgust,data/ravdess/Actor_21/03-01-07-02-01-02-21.wav,ravdess,ravdess_actor_21
3539,disgust,data/ravdess/Actor_21/03-01-07-02-02-01-21.wav,ravdess,ravdess_actor_21
3540,disgust,data/ravdess/Actor_21/03-01-07-02-02-02-21.wav,ravdess,ravdess_actor_21
3541,disgust,data/ravdess/Actor_22/03-01-07-01-01-01-22.wav,ravdess,ravdess_actor_22
3542,disgust,data/ravdess/Actor_22/03-01-07-01-01-02-22.wav,ravdess,ravdess_actor_22
3543,disgust,data/ravdess/Actor_22/03-01-07-01-02-01-22.wav,ravdess,ravdess_actor_22
3544,disgust,data/ravdess/Actor_22/03-01-07-01-02-02-22.wav,ravdess,ravdess_actor_22
3545,disgust,data/ravdess/Actor_22/03-01-07-02-01-01-22.wav,ravdess,ravdess_actor_22
3546,disgust,data/ravdess/Actor_22/03-01-07-02-01-02-22.wav,ravdess,ravdess_actor_22
3547,disgust,data/ravdess/Actor_22/03-01-07-02-02-01-22.wav,ravdess,ravdess_actor_22
3548,disgust,data/ravdess/Actor_22/03-01-07-02-02-02-22.wav,ravdess,ravdess_actor_22
3549,disgust,data/ravdess/Actor_23/03-01-07-01-01-01-23.wav,ravdess,ravdess_actor_23
3550,disgust,data/ravdess/Actor_23/03-01-07-01-01-02-23.wav,ravdess,ravdess_actor_23
3551,disgust,data/ravdess/Actor_23/03-01-07-01-02-01-23.wav,ravdess,ravdess_actor_23
3552,disgust,data/ravdess/Actor_23/03-01-07-01-02-02-23.wav,ravdess,ravdess_actor_23
3553,disgust,data/ravdess/Actor_23/03-01-07-02-01-01-23.wav,ravdess,ravdess_actor_23
3554,disgust,data/ravdess/Actor_23/03-01-07-02-01-02-23.wav,ravdess,ravdess_actor_23
3555,disgust,data/ravdess/Actor_23/03-01-07-02-02-01-23.wav,ravdess,ravdess_actor_23
3556,disgust,data/ravdess/Actor_23/03-01-07-02-02-02-23.wav,ravdess,ravdess_actor_23
3557,disgust,data/ravdess/Actor_24/03-01-07-01-01-01-24.wav,ravdess,ravdess_actor_24
3558,disgust,data/ravdess/Actor_24/03-01-07-01-01-02-24.wav,ravdess,ravdess_actor_24
3559,disgust,data/ravdess/Actor_24/03-01-07-01-02-01-24.wav,ravdess,ravdess_actor_24
3560,disgust,data/ravdess/Actor_24/03-01-07-01-02-02-24.wav,ravdess,ravdess_actor_24
3561,disgust,data/ravdess/Actor_24/03-01-07-02-01-01-24.wav,ravdess,ravdess_actor_24
3562,disgust,data/ravdess/Actor_24/03-01-07-02-01-02-24.wav,ravdess,ravdess_actor_24
3563,disgust,data/ravdess/Actor_24/03-01-07-02-02-01-24.wav,ravdess,ravdess_actor_24
3564,disgust,data/ravdess/Actor_24/03-01-07-02-02-02-24.wav,ravdess,ravdess_actor_24
3565,fearful,data/ravdess/Actor_01/03-01-06-01-01-01-01.wav,ravdess,ravdess_actor_01
3566,fearful,data/ravdess/Actor_01/03-01-06-01-01-02-01.wav,ravdess,ravdess_actor_01
3567,fearful,data/ravdess/Actor_01/03-01-06-01-02-01-01.wav,ravdess,ravdess_actor_01
3568,fearful,data/ravdess/Actor_01/03-01-06-01-02-02-01.wav,ravdess,ravdess_actor_01
3569,fearful,data/ravdess/Actor_01/03-01-06-02-01-01-01.wav,ravdess,ravdess_actor_01
3570,fearful,data/ravdess/Actor_01/03-01-06-02-01-02-01.wav,ravdess,ravdess_actor_01
3571,fearful,data/ravdess/Actor_01/03-01-06-02-02-01-01.wav,ravdess,ravdess_actor_01
3572,fearful,data/ravdess/Actor_01/03-01-06-02-02-02-01.wav,ravdess,ravdess_actor_01
3573,fearful,data/ravdess/Actor_02/03-01-06-01-01-01-02.wav,ravdess,ravdess_actor_02
3574,fearful,data/ravdess/Actor_02/03-01-06-01-01-02-02.wav,ravdess,ravdess_actor_02
3575,fearful,data/ravdess/Actor_02/03-01-06-01-02-01-02.wav,ravdess,ravdess_actor_02
3576,fearful,data/ravdess/Actor_02/03-01-06-01-02-02-02.wav,ravdess,ravdess_actor_02
3577,fearful,data/ravdess/Actor_02/03-01-06-02-01-01-02.wav,ravdess,ravdess_actor_02
3578,fearful,data/ravdess/Actor_02/03-01-06-02-01-02-02.wav,ravdess,ravdess_actor_02
3579,fearful,data/ravdess/Actor_02/03-01-06-02-02-01-02.wav,ravdess,ravdess_actor_02
3580,fearful,data/ravdess/Actor_02/03-01-06-02-02-02-02.wav,ravdess,ravdess_actor_02
3581,fearful,data/ravdess/Actor_03/03-01-06-01-01-01-03.wav,ravdess,ravdess_actor_03
3582,fearful,data/ravdess/Actor_03/03-01-06-01-01-02-03.wav,ravdess,ravdess_actor_03
3583,fearful,data/ravdess/Actor_03/03-01-06-01-02-01-03.wav,ravdess,ravdess_actor_03
3584,fearful,data/ravdess/Actor_03/03-01-06-01-02-02-03.wav,ravdess,ravdess_actor_03
3585,fearful,data/ravdess/Actor_03/03-01-06-02-01-01-03.wav,ravdess,ravdess_actor_03
3586,fearful,data/ravdess/Actor_03/03-01-06-02-01-02-03.wav,ravdess,ravdess_actor_03
3587,fearful,data/ravdess/Actor_03/03-01-06-02-02-01-03.wav,ravdess,ravdess_actor_03
3588,fearful,data/ravdess/Actor_03/03-01-06-02-02-02-03.wav,ravdess,ravdess_actor_03
3589,fearful,data/ravdess/Actor_04/03-01-06-01-01-01-04.wav,ravdess,ravdess_actor_04
3590,fearful,data/ravdess/Actor_04/03-01-06-01-01-02-04.wav,ravdess,ravdess_actor_04
3591,fearful,data/ravdess/Actor_04/03-01-06-01-02-01-04.wav,ravdess,ravdess_actor_04
3592,fearful,data/ravdess/Actor_04/03-01-06-01-02-02-04.wav,ravdess,ravdess_actor_04
3593,fearful,data/ravdess/Actor_04/03-01-06-02-01-01-04.wav,ravdess,ravdess_actor_04
3594,fearful,data/ravdess/Actor_04/03-01-06-02-01-02-04.wav,ravdess,ravdess_actor_04
3595,fearful,data/ravdess/Actor_04/03-01-06-02-02-01-04.wav,ravdess,ravdess_actor_04
3596,fearful,data/ravdess/Actor_04/03-01-06-02-02-02-04.wav,ravdess,ravdess_actor_04
3597,fearful,data/ravdess/Actor_05/03-01-06-01-01-01-05.wav,ravdess,ravdess_actor_05
3598,fearful,data/ravdess/Actor_05/03-01-06-01-01-02-05.wav,ravdess,ravdess_actor_05
3599,fearful,data/ravdess/Actor_05/03-01-06-01-02-01-05.wav,ravdess,ravdess_actor_05
3600,fearful,data/ravdess/Actor_05/03-01-06-01-02-02-05.wav,ravdess,ravdess_actor_05
3601,fearful,data/ravdess/Actor_05/03-01-06-02-01-01-05.wav,ravdess,ravdess_actor_05
3602,fearful,data/ravdess/Actor_05/03-01-06-02-01-02-05.wav,ravdess,ravdess_actor_05
3603,fearful,data/ravdess/Actor_05/03-01-06-02-02-01-05.wav,ravdess,ravdess_actor_05
3604,fearful,data/ravdess/Actor_05/03-01-06-02-02-02-05.wav,ravdess,ravdess_actor_05
3605,fearful,data/ravdess/Actor_06/03-01-06-01-01-01-06.wav,ravdess,ravdess_actor_06
3606,fearful,data/ravdess/Actor_06/03-01-06-01-01-02-06.wav,ravdess,ravdess_actor_06
3607,fearful,data/ravdess/Actor_06/03-01-06-01-02-01-06.wav,ravdess,ravdess_actor_06
3608,fearful,data/ravdess/Actor_06/03-01-06-01-02-02-06.wav,ravdess,ravdess_actor_06
3609,fearful,data/ravdess/Actor_06/03-01-06-02-01-01-06.wav,ravdess,ravdess_actor_06
3610,fearful,data/ravdess/Actor_06/03-01-06-02-01-02-06.wav,ravdess,ravdess_actor_06
3611,fearful,data/ravdess/Actor_06/03-01-06-02-02-01-06.wav,ravdess,ravdess_actor_06
3612,fearful,data/ravdess/Actor_06/03-01-06-02-02-02-06.wav,ravdess,ravdess_actor_06
3613,fearful,data/ravdess/Actor_07/03-01-06-01-01-01-07.wav,ravdess,ravdess_actor_07
3614,fearful,data/ravdess/Actor_07/03-01-06-01-01-02-07.wav,ravdess,ravdess_actor_07
3615,fearful,data/ravdess/Actor_07/03-01-06-01-02-01-07.wav,ravdess,ravdess_actor_07
3616,fearful,data/ravdess/Actor_07/03-01-06-01-02-02-07.wav,ravdess,ravdess_actor_07
3617,fearful,data/ravdess/Actor_07/03-01-06-02-01-01-07.wav,ravdess,ravdess_actor_07
3618,fearful,data/ravdess/Actor_07/03-01-06-02-01-02-07.wav,ravdess,ravdess_actor_07
3619,fearful,data/ravdess/Actor_07/03-01-06-02-02-01-07.wav,ravdess,ravdess_actor_07
3620,fearful,data/ravdess/Actor_07/03-01-06-02-02-02-07.wav,ravdess,ravdess_actor_07
3621,fearful,data/ravdess/Actor_08/03-01-06-01-01-01-08.wav,ravdess,ravdess_actor_08
3622,fearful,data/ravdess/Actor_08/03-01-06-01-01-02-08.wav,ravdess,ravdess_actor_08
3623,fearful,data/ravdess/Actor_08/03-01-06-01-02-01-08.wav,ravdess,ravdess_actor_08
3624,fearful,data/ravdess/Actor_08/03-01-06-01-02-02-08.wav,ravdess,ravdess_actor_08
3625,fearful,data/ravdess/Actor_08/03-01-06-02-01-01-08.wav,ravdess,ravdess_actor_08
3626,fearful,data/ravdess/Actor_08/03-01-06-02-01-02-08.wav,ravdess,ravdess_actor_08
3627,fearful,data/ravdess/Actor_08/03-01-06-02-02-01-08.wav,ravdess,ravdess_actor_08
3628,fearful,data/ravdess/Actor_08/03-01-06-02-02-02-08.wav,ravdess,ravdess_actor_08
3629,fearful,data/ravdess/Actor_09/03-01-06-01-01-01-09.wav,ravdess,ravdess_actor_09
3630,fearful,data/ravdess/Actor_09/03-01-06-01-01-02-09.wav,ravdess,ravdess_actor_09
3631,fearful,data/ravdess/Actor_09/03-01-06-01-02-01-09.wav,ravdess,ravdess_actor_09
3632,fearful,data/ravdess/Actor_09/03-01-06-01-02-02-09.wav,ravdess,ravdess_actor_09
3633,fearful,data/ravdess/Actor_09/03-01-06-02-01-01-09.wav,ravdess,ravdess_actor_09
3634,fearful,data/ravdess/Actor_09/03-01-06-02-01-02-09.wav,ravdess,ravdess_actor_09
3635,fearful,data/ravdess/Actor_09/03-01-06-02-02-01-09.wav,ravdess,ravdess_actor_09
3636,fearful,data/ravdess/Actor_09/03-01-06-02-02-02-09.wav,ravdess,ravdess_actor_09
3637,fearful,data/ravdess/Actor_10/03-01-06-01-01-01-10.wav,ravdess,ravdess_actor_10
3638,fearful,data/ravdess/Actor_10/03-01-06-01-01-02-10.wav,ravdess,ravdess_actor_10
3639,fearful,data/ravdess/Actor_10/03-01-06-01-02-01-10.wav,ravdess,ravdess_actor_10
3640,fearful,data/ravdess/Actor_10/03-01-06-01-02-02-10.wav,ravdess,ravdess_actor_10
3641,fearful,data/ravdess/Actor_10/03-01-06-02-01-01-10.wav,ravdess,ravdess_actor_10
3642,fearful,data/ravdess/Actor_10/03-01-06-02-01-02-10.wav,ravdess,ravdess_actor_10
3643,fearful,data/ravdess/Actor_10/03-01-06-02-02-01-10.wav,ravdess,ravdess_actor_10
3644,fearful,data/ravdess/Actor_10/03-01-06-02-02-02-10.wav,ravdess,ravdess_actor_10
3645,fearful,data/ravdess/Actor_11/03-01-06-01-01-01-11.wav,ravdess,ravdess_actor_11
3646,fearful,data/ravdess/Actor_11/03-01-06-01-01-02-11.wav,ravdess,ravdess_actor_11
3647,fearful,data/ravdess/Actor_11/03-01-06-01-02-01-11.wav,ravdess,ravdess_actor_11
3648,fearful,data/ravdess/Actor_11/03-01-06-01-02-02-11.wav,ravdess,ravdess_actor_11
3649,fearful,data/ravdess/Actor_11/03-01-06-02-01-01-11.wav,ravdess,ravdess_actor_11
3650,fearful,data/ravdess/Actor_11/03-01-06-02-01-02-11.wav,ravdess,ravdess_actor_11
3651,fearful,data/ravdess/Actor_11/03-01-06-02-02-01-11.wav,ravdess,ravdess_actor_11
3652,fearful,data/ravdess/Actor_11/03-01-06-02-02-02-11.wav,ravdess,ravdess_actor_11
3653,fearful,data/ravdess/Actor_12/03-01-06-01-01-01-12.wav,ravdess,ravdess_actor_12
3654,fearful,data/ravdess/Actor_12/03-01-06-01-01-02-12.wav,ravdess,ravdess_actor_12
3655,fearful,data/ravdess/Actor_12/03-01-06-01-02-01-12.wav,ravdess,ravdess_actor_12
3656,fearful,data/ravdess/Actor_12/03-01-06-01-02-02-12.wav,ravdess,ravdess_actor_12
3657,fearful,data/ravdess/Actor_12/03-01-06-02-01-01-12.wav,ravdess,ravdess_actor_12
3658,fearful,data/ravdess/Actor_12/03-01-06-02-01-02-12.wav,ravdess,ravdess_actor_12
3659,fearful,data/ravdess/Actor_12/03-01-06-02-02-01-12.wav,ravdess,ravdess_actor_12
3660,fearful,data/ravdess/Actor_12/03-01-06-02-02-02-12.wav,ravdess,ravdess_actor_12
3661,fearful,data/ravdess/Actor_13/03-01-06-01-01-01-13.wav,ravdess,ravdess_actor_13
3662,fearful,data/ravdess/Actor_13/03-01-06-01-01-02-13.wav,ravdess,ravdess_actor_13
3663,fearful,data/ravdess/Actor_13/03-01-06-01-02-01-13.wav,ravdess,ravdess_actor_13
3664,fearful,data/ravdess/Actor_13/03-01-06-01-02-02-13.wav,ravdess,ravdess_actor_13
3665,fearful,data/ravdess/Actor_13/03-01-06-02-01-01-13.wav,ravdess,ravdess_actor_13
3666,fearful,data/ravdess/Actor_13/03-01-06-02-01-02-13.wav,ravdess,ravdess_actor_13
3667,fearful,data/ravdess/Actor_13/03-01-06-02-02-01-13.wav,ravdess,ravdess_actor_13
3668,fearful,data/ravdess/Actor_13/03-01-06-02-02-02-13.wav,ravdess,ravdess_actor_13
3669,fearful,data/ravdess/Actor_14/03-01-06-01-01-01-14.wav,ravdess,ravdess_actor_14
3670,fearful,data/ravdess/Actor_14/03-01-06-01-01-02-14.wav,ravdess,ravdess_actor_14
3671,fearful,data/ravdess/Actor_14/03-01-06-01-02-01-14.wav,ravdess,ravdess_actor_14
3672,fearful,data/ravdess/Actor_14/03-01-06-01-02-02-14.wav,ravdess,ravdess_actor_14
3673,fearful,data/ravdess/Actor_14/03-01-06-02-01-01-14.wav,ravdess,ravdess_actor_14
3674,fearful,data/ravdess/Actor_14/03-01-06-02-01-02-14.wav,ravdess,ravdess_actor_14
3675,fearful,data/ravdess/Actor_14/03-01-06-02-02-01-14.wav,ravdess,ravdess_actor_14
3676,fearful,data/ravdess/Actor_14/03-01-06-02-02-02-14.wav,ravdess,ravdess_actor_14
3677,fearful,data/ravdess/Actor_15/03-01-06-01-01-01-15.wav,ravdess,ravdess_actor_15
3678,fearful,data/ravdess/Actor_15/03-01-06-01-01-02-15.wav,ravdess,ravdess_actor_15
3679,fearful,data/ravdess/Actor_15/03-01-06-01-02-01-15.wav,ravdess,ravdess_actor_15
3680,fearful,data/ravdess/Actor_15/03-01-06-01-02-02-15.wav,ravdess,ravdess_actor_15
3681,fearful,data/ravdess/Actor_15/03-01-06-02-01-01-15.wav,ravdess,ravdess_actor_15
3682,fearful,data/ravdess/Actor_15/03-01-06-02-01-02-15.wav,ravdess,ravdess_actor_15
3683,fearful,data/ravdess/Actor_15/03-01-06-02-02-01-15.wav,ravdess,ravdess_actor_15
3684,fearful,data/ravdess/Actor_15/03-01-06-02-02-02-15.wav,ravdess,ravdess_actor_15
3685,fearful,data/ravdess/Actor_16/03-01-06-01-01-01-16.wav,ravdess,ravdess_actor_16
3686,fearful,data/ravdess/Actor_16/03-01-06-01-01-02-16.wav,ravdess,ravdess_actor_16
3687,fearful,data/ravdess/Actor_16/03-01-06-01-02-01-16.wav,ravdess,ravdess_actor_16
3688,fearful,data/ravdess/Actor_16/03-01-06-01-02-02-16.wav,ravdess,ravdess_actor_16
3689,fearful,data/ravdess/Actor_16/03-01-06-02-01-01-16.wav,ravdess,ravdess_actor_16
3690,fearful,data/ravdess/Actor_16/03-01-06-02-01-02-16.wav,ravdess,ravdess_actor_16
3691,fearful,data/ravdess/Actor_16/03-01-06-02-02-01-16.wav,ravdess,ravdess_actor_16
3692,fearful,data/ravdess/Actor_16/03-01-06-02-02-02-16.wav,ravdess,ravdess_actor_16
3693,fearful,data/ravdess/Actor_17/03-01-06-01-01-01-17.wav,ravdess,ravdess_actor_17
3694,fearful,data/ravdess/Actor_17/03-01-06-01-01-02-17.wav,ravdess,ravdess_actor_17
3695,fearful,data/ravdess/Actor_17/03-01-06-01-02-01-17.wav,ravdess,ravdess_actor_17
3696,fearful,data/ravdess/Actor_17/03-01-06-01-02-02-17.wav,ravdess,ravdess_actor_17
3697,fearful,data/ravdess/Actor_17/03-01-06-02-01-01-17.wav,ravdess,ravdess_actor_17
3698,fearful,data/ravdess/Actor_17/03-01-06-02-01-02-17.wav,ravdess,ravdess_actor_17
3699,fearful,data/ravdess/Actor_17/03-01-06-02-02-01-17.wav,ravdess,ravdess_actor_17
3700,fearful,data/ravdess/Actor_17/03-01-06-02-02-02-17.wav,ravdess,ravdess_actor_17
3701,fearful,data/ravdess/Actor_18/03-01-06-01-01-01-18.wav,ravdess,ravdess_actor_18
3702,fearful,data/ravdess/Actor_18/03-01-06-01-01-02-18.wav,ravdess,ravdess_actor_18
3703,fearful,data/ravdess/Actor_18/03-01-06-01-02-01-18.wav,ravdess,ravdess_actor_18
3704,fearful,data/ravdess/Actor_18/03-01-06-01-02-02-18.wav,ravdess,ravdess_actor_18
3705,fearful,data/ravdess/Actor_18/03-01-06-02-01-01-18.wav,ravdess,ravdess_actor_18
3706,fearful,data/ravdess/Actor_18/03-01-06-02-01-02-18.wav,ravdess,ravdess_actor_18
3707,fearful,data/ravdess/Actor_18/03-01-06-02-02-01-18.wav,ravdess,ravdess_actor_18
3708,fearful,data/ravdess/Actor_18/03-01-06-02-02-02-18.wav,ravdess,ravdess_actor_18
3709,fearful,data/ravdess/Actor_19/03-01-06-01-01-01-19.wav,ravdess,ravdess_actor_19
3710,fearful,data/ravdess/Actor_19/03-01-06-01-01-02-19.wav,ravdess,ravdess_actor_19
3711,fearful,data/ravdess/Actor_19/03-01-06-01-02-01-19.wav,ravdess,ravdess_actor_19
3712,fearful,data/ravdess/Actor_19/03-01-06-01-02-02-19.wav,ravdess,ravdess_actor_19
3713,fearful,data/ravdess/Actor_19/03-01-06-02-01-01-19.wav,ravdess,ravdess_actor_19
3714,fearful,data/ravdess/Actor_19/03-01-06-02-01-02-19.wav,ravdess,ravdess_actor_19
3715,fearful,data/ravdess/Actor_19/03-01-06-02-02-01-19.wav,ravdess,ravdess_actor_19
3716,fearful,data/ravdess/Actor_19/03-01-06-02-02-02-19.wav,ravdess,ravdess_actor_19
3717,fearful,data/ravdess/Actor_20/03-01-06-01-01-01-20.wav,ravdess,ravdess_actor_20
3718,fearful,data/ravdess/Actor_20/03-01-06-01-01-02-20.wav,ravdess,ravdess_actor_20
3719,fearful,data/ravdess/Actor_20/03-01-06-01-02-01-20.wav,ravdess,ravdess_actor_20
3720,fearful,data/ravdess/Actor_20/03-01-06-01-02-02-20.wav,ravdess,ravdess_actor_20
3721,fearful,data/ravdess/Actor_20/03-01-06-02-01-01-20.wav,ravdess,ravdess_actor_20
3722,fearful,data/ravdess/Actor_20/03-01-06-02-01-02-20.wav,ravdess,ravdess_actor_20
3723,fearful,data/ravdess/Actor_20/03-01-06-02-02-01-20.wav,ravdess,ravdess_actor_20
3724,fearful,data/ravdess/Actor_20/03-01-06-02-02-02-20.wav,ravdess,ravdess_actor_20
3725,fearful,data/ravdess/Actor_21/03-01-06-01-01-01-21.wav,ravdess,ravdess_actor_21
3726,fearful,data/ravdess/Actor_21/03-01-06-01-01-02-21.wav,ravdess,ravdess_actor_21
3727,fearful,data/ravdess/Actor_21/03-01-06-01-02-01-21.wav,ravdess,ravdess_actor_21
3728,fearful,data/ravdess/Actor_21/03-01-06-01-02-02-21.wav,ravdess,ravdess_actor_21
3729,fearful,data/ravdess/Actor_21/03-01-06-02-01-01-21.wav,ravdess,ravdess_actor_21
3730,fearful,data/ravdess/Actor_21/03-01-06-02-01-02-21.wav,ravdess,ravdess_actor_21
3731,fearful,data/ravdess/Actor_21/03-01-06-02-02-01-21.wav,ravdess,ravdess_actor_21
3732,fearful,data/ravdess/Actor_21/03-01-06-02-02-02-21.wav,ravdess,ravdess_actor_21
3733,fearful,data/ravdess/Actor_22/03-01-06-01-01-01-22.wav,ravdess,ravdess_actor_22
3734,fearful,data/ravdess/Actor_22/03-01-06-01-01-02-22.wav,ravdess,ravdess_actor_22
3735,fearful,data/ravdess/Actor_22/03-01-06-01-02-01-22.wav,ravdess,ravdess_actor_22
3736,fearful,data/ravdess/Actor_22/03-01-06-01-02-02-22.wav,ravdess,ravdess_actor_22
3737,fearful,data/ravdess/Actor_22/03-01-06-02-01-01-22.wav,ravdess,ravdess_actor_22
3738,fearful,data/ravdess/Actor_22/03-01-06-02-01-02-22.wav,ravdess,ravdess_actor_22
3739,fearful,data/ravdess/Actor_22/03-01-06-02-02-01-22.wav,ravdess,ravdess_actor_22
3740,fearful,data/ravdess/Actor_22/03-01-06-02-02-02-22.wav,ravdess,ravdess_actor_22
3741,fearful,data/ravdess/Actor_23/03-01-06-01-01-01-23.wav,ravdess,ravdess_actor_23
3742,fearful,data/ravdess/Actor_23/03-01-06-01-01-02-23.wav,ravdess,ravdess_actor_23
3743,fearful,data/ravdess/Actor_23/03-01-06-01-02-01-23.wav,ravdess,ravdess_actor_23
3744,fearful,data/ravdess/Actor_23/03-01-06-01-02-02-23.wav,ravdess,ravdess_actor_23
3745,fearful,data/ravdess/Actor_23/03-01-06-02-01-01-23.wav,ravdess,ravdess_actor_23
3746,fearful,data/ravdess/Actor_23/03-01-06-02-01-02-23.wav,ravdess,ravdess_actor_23
3747,fearful,data/ravdess/Actor_23/03-01-06-02-02-01-23.wav,ravdess,ravdess_actor_23
3748,fearful,data/ravdess/Actor_23/03-01-06-02-02-02-23.wav,ravdess,ravdess_actor_23
3749,fearful,data/ravdess/Actor_24/03-01-06-01-01-01-24.wav,ravdess,ravdess_actor_24
3750,fearful,data/ravdess/Actor_24/03-01-06-01-01-02-24.wav,ravdess,ravdess_actor_24
3751,fearful,data/ravdess/Actor_24/03-01-06-01-02-01-24.wav,ravdess,ravdess_actor_24
3752,fearful,data/ravdess/Actor_24/03-01-06-01-02-02-24.wav,ravdess,ravdess_actor_24
3753,fearful,data/ravdess/Actor_24/03-01-06-02-01-01-24.wav,ravdess,ravdess_actor_24
3754,fearful,data/ravdess/Actor_24/03-01-06-02-01-02-24.wav,ravdess,ravdess_actor_24
3755,fearful,data/ravdess/Actor_24/03-01-06-02-02-01-24.wav,ravdess,ravdess_actor_24
3756,fearful,data/ravdess/Actor_24/03-01-06-02-02-02-24.wav,ravdess,ravdess_actor_24
3757,happy,data/ravdess/Actor_01/03-01-03-01-01-01-01.wav,ravdess,ravdess_actor_01
3758,happy,data/ravdess/Actor_01/03-01-03-01-01-02-01.wav,ravdess,ravdess_actor_01
3759,happy,data/ravdess/Actor_01/03-01-03-01-02-01-01.wav,ravdess,ravdess_actor_01
3760,happy,data/ravdess/Actor_01/03-01-03-01-02-02-01.wav,ravdess,ravdess_actor_01
3761,happy,data/ravdess/Actor_01/03-01-03-02-01-01-01.wav,ravdess,ravdess_actor_01
3762,happy,data/ravdess/Actor_01/03-01-03-02-01-02-01.wav,ravdess,ravdess_actor_01
3763,happy,data/ravdess/Actor_01/03-01-03-02-02-01-01.wav,ravdess,ravdess_actor_01
3764,happy,data/ravdess/Actor_01/03-01-03-02-02-02-01.wav,ravdess,ravdess_actor_01
3765,happy,data/ravdess/Actor_02/03-01-03-01-01-01-02.wav,ravdess,ravdess_actor_02
3766,happy,data/ravdess/Actor_02/03-01-03-01-01-02-02.wav,ravdess,ravdess_actor_02
3767,happy,data/ravdess/Actor_02/03-01-03-01-02-01-02.wav,ravdess,ravdess_actor_02
3768,happy,data/ravdess/Actor_02/03-01-03-01-02-02-02.wav,ravdess,ravdess_actor_02
3769,happy,data/ravdess/Actor_02/03-01-03-02-01-01-02.wav,ravdess,ravdess_actor_02
3770,happy,data/ravdess/Actor_02/03-01-03-02-01-02-02.wav,ravdess,ravdess_actor_02
3771,happy,data/ravdess/Actor_02/03-01-03-02-02-01-02.wav,ravdess,ravdess_actor_02
3772,happy,data/ravdess/Actor_02/03-01-03-02-02-02-02.wav,ravdess,ravdess_actor_02
3773,happy,data/ravdess/Actor_03/03-01-03-01-01-01-03.wav,ravdess,ravdess_actor_03
3774,happy,data/ravdess/Actor_03/03-01-03-01-01-02-03.wav,ravdess,ravdess_actor_03
3775,happy,data/ravdess/Actor_03/03-01-03-01-02-01-03.wav,ravdess,ravdess_actor_03
3776,happy,data/ravdess/Actor_03/03-01-03-01-02-02-03.wav,ravdess,ravdess_actor_03
3777,happy,data/ravdess/Actor_03/03-01-03-02-01-01-03.wav,ravdess,ravdess_actor_03
3778,happy,data/ravdess/Actor_03/03-01-03-02-01-02-03.wav,ravdess,ravdess_actor_03
3779,happy,data/ravdess/Actor_03/03-01-03-02-02-01-03.wav,ravdess,ravdess_actor_03
3780,happy,data/ravdess/Actor_03/03-01-03-02-02-02-03.wav,ravdess,ravdess_actor_03
3781,happy,data/ravdess/Actor_04/03-01-03-01-01-01-04.wav,ravdess,ravdess_actor_04
3782,happy,data/ravdess/Actor_04/03-01-03-01-01-02-04.wav,ravdess,ravdess_actor_04
3783,happy,data/ravdess/Actor_04/03-01-03-01-02-01-04.wav,ravdess,ravdess_actor_04
3784,happy,data/ravdess/Actor_04/03-01-03-01-02-02-04.wav,ravdess,ravdess_actor_04
3785,happy,data/ravdess/Actor_04/03-01-03-02-01-01-04.wav,ravdess,ravdess_actor_04
3786,happy,data/ravdess/Actor_04/03-01-03-02-01-02-04.wav,ravdess,ravdess_actor_04
3787,happy,data/ravdess/Actor_04/03-01-03-02-02-01-04.wav,ravdess,ravdess_actor_04
3788,happy,data/ravdess/Actor_04/03-01-03-02-02-02-04.wav,ravdess,ravdess_actor_04
3789,happy,data/ravdess/Actor_05/03-01-03-01-01-01-05.wav,ravdess,ravdess_actor_05
3790,happy,data/ravdess/Actor_05/03-01-03-01-01-02-05.wav,ravdess,ravdess_actor_05
3791,happy,data/ravdess/Actor_05/03-01-03-01-02-01-05.wav,ravdess,ravdess_actor_05
3792,happy,data/ravdess/Actor_05/03-01-03-01-02-02-05.wav,ravdess,ravdess_actor_05
3793,happy,data/ravdess/Actor_05/03-01-03-02-01-01-05.wav,ravdess,ravdess_actor_05
3794,happy,data/ravdess/Actor_05/03-01-03-02-01-02-05.wav,ravdess,ravdess_actor_05
3795,happy,data/ravdess/Actor_05/03-01-03-02-02-01-05.wav,ravdess,ravdess_actor_05
3796,happy,data/ravdess/Actor_05/03-01-03-02-02-02-05.wav,ravdess,ravdess_actor_05
3797,happy,data/ravdess/Actor_06/03-01-03-01-01-01-06.wav,ravdess,ravdess_actor_06
3798,happy,data/ravdess/Actor_06/03-01-03-01-01-02-06.wav,ravdess,ravdess_actor_06
3799,happy,data/ravdess/Actor_06/03-01-03-01-02-01-06.wav,ravdess,ravdess_actor_06
3800,happy,data/ravdess/Actor_06/03-01-03-01-02-02-06.wav,ravdess,ravdess_actor_06
3801,happy,data/ravdess/Actor_06/03-01-03-02-01-01-06.wav,ravdess,ravdess_actor_06
3802,happy,data/ravdess/Actor_06/03-01-03-02-01-02-06.wav,ravdess,ravdess_actor_06
3803,happy,data/ravdess/Actor_06/03-01-03-02-02-01-06.wav,ravdess,ravdess_actor_06
3804,happy,data/ravdess/Actor_06/03-01-03-02-02-02-06.wav,ravdess,ravdess_actor_06
3805,happy,data/ravdess/Actor_07/03-01-03-01-01-01-07.wav,ravdess,ravdess_actor_07
3806,happy,data/ravdess/Actor_07/03-01-03-01-01-02-07.wav,ravdess,ravdess_actor_07
3807,happy,data/ravdess/Actor_07/03-01-03-01-02-01-07.wav,ravdess,ravdess_actor_07
3808,happy,data/ravdess/Actor_07/03-01-03-01-02-02-07.wav,ravdess,ravdess_actor_07
3809,happy,data/ravdess/Actor_07/03-01-03-02-01-01-07.wav,ravdess,ravdess_actor_07
3810,happy,data/ravdess/Actor_07/03-01-03-02-01-02-07.wav,ravdess,ravdess_actor_07
3811,happy,data/ravdess/Actor_07/03-01-03-02-02-01-07.wav,ravdess,ravdess_actor_07
3812,happy,data/ravdess/Actor_07/03-01-03-02-02-02-07.wav,ravdess,ravdess_actor_07
3813,happy,data/ravdess/Actor_08/03-01-03-01-01-01-08.wav,ravdess,ravdess_actor_08
3814,happy,data/ravdess/Actor_08/03-01-03-01-01-02-08.wav,ravdess,ravdess_actor_08
3815,happy,data/ravdess/Actor_08/03-01-03-01-02-01-08.wav,ravdess,ravdess_actor_08
3816,happy,data/ravdess/Actor_08/03-01-03-01-02-02-08.wav,ravdess,ravdess_actor_08
3817,happy,data/ravdess/Actor_08/03-01-03-02-01-01-08.wav,ravdess,ravdess_actor_08
3818,happy,data/ravdess/Actor_08/03-01-03-02-01-02-08.wav,ravdess,ravdess_actor_08
3819,happy,data/ravdess/Actor_08/03-01-03-02-02-01-08.wav,ravdess,ravdess_actor_08
3820,happy,data/ravdess/Actor_08/03-01-03-02-02-02-08.wav,ravdess,ravdess_actor_08
3821,happy,data/ravdess/Actor_09/03-01-03-01-01-01-09.wav,ravdess,ravdess_actor_09
3822,happy,data/ravdess/Actor_09/03-01-03-01-01-02-09.wav,ravdess,ravdess_actor_09
3823,happy,data/ravdess/Actor_09/03-01-03-01-02-01-09.wav,ravdess,ravdess_actor_09
3824,happy,data/ravdess/Actor_09/03-01-03-01-02-02-09.wav,ravdess,ravdess_actor_09
3825,happy,data/ravdess/Actor_09/03-01-03-02-01-01-09.wav,ravdess,ravdess_actor_09
3826,happy,data/ravdess/Actor_09/03-01-03-02-01-02-09.wav,ravdess,ravdess_actor_09
3827,happy,data/ravdess/Actor_09/03-01-03-02-02-01-09.wav,ravdess,ravdess_actor_09
3828,happy,data/ravdess/Actor_09/03-01-03-02-02-02-09.wav,ravdess,ravdess_actor_09
3829,happy,data/ravdess/Actor_10/03-01-03-01-01-01-10.wav,ravdess,ravdess_actor_10
3830,happy,data/ravdess/Actor_10/03-01-03-01-01-02-10.wav,ravdess,ravdess_actor_10
3831,happy,data/ravdess/Actor_10/03-01-03-01-02-01-10.wav,ravdess,ravdess_actor_10
3832,happy,data/ravdess/Actor_10/03-01-03-01-02-02-10.wav,ravdess,ravdess_actor_10
3833,happy,data/ravdess/Actor_10/03-01-03-02-01-01-10.wav,ravdess,ravdess_actor_10
3834,happy,data/ravdess/Actor_10/03-01-03-02-01-02-10.wav,ravdess,ravdess_actor_10
3835,happy,data/ravdess/Actor_10/03-01-03-02-02-01-10.wav,ravdess,ravdess_actor_10
3836,happy,data/ravdess/Actor_10/03-01-03-02-02-02-10.wav,ravdess,ravdess_actor_10
3837,happy,data/ravdess/Actor_11/03-01-03-01-01-01-11.wav,ravdess,ravdess_actor_11
3838,happy,data/ravdess/Actor_11/03-01-03-01-01-02-11.wav,ravdess,ravdess_actor_11
3839,happy,data/ravdess/Actor_11/03-01-03-01-02-01-11.wav,ravdess,ravdess_actor_11
3840,happy,data/ravdess/Actor_11/03-01-03-01-02-02-11.wav,ravdess,ravdess_actor_11
3841,happy,data/ravdess/Actor_11/03-01-03-02-01-01-11.wav,ravdess,ravdess_actor_11
3842,happy,data/ravdess/Actor_11/03-01-03-02-01-02-11.wav,ravdess,ravdess_actor_11
3843,happy,data/ravdess/Actor_11/03-01-03-02-02-01-11.wav,ravdess,ravdess_actor_11
3844,happy,data/ravdess/Actor_11/03-01-03-02-02-02-11.wav,ravdess,ravdess_actor_11
3845,happy,data/ravdess/Actor_12/03-01-03-01-01-01-12.wav,ravdess,ravdess_actor_12
3846,happy,data/ravdess/Actor_12/03-01-03-01-01-02-12.wav,ravdess,ravdess_actor_12
3847,happy,data/ravdess/Actor_12/03-01-03-01-02-01-12.wav,ravdess,ravdess_actor_12
3848,happy,data/ravdess/Actor_12/03-01-03-01-02-02-12.wav,ravdess,ravdess_actor_12
3849,happy,data/ravdess/Actor_12/03-01-03-02-01-01-12.wav,ravdess,ravdess_actor_12
3850,happy,data/ravdess/Actor_12/03-01-03-02-01-02-12.wav,ravdess,ravdess_actor_12
3851,happy,data/ravdess/Actor_12/03-01-03-02-02-01-12.wav,ravdess,ravdess_actor_12
3852,happy,data/ravdess/Actor_12/03-01-03-02-02-02-12.wav,ravdess,ravdess_actor_12
3853,happy,data/ravdess/Actor_13/03-01-03-01-01-01-13.wav,ravdess,ravdess_actor_13
3854,happy,data/ravdess/Actor_13/03-01-03-01-01-02-13.wav,ravdess,ravdess_actor_13
3855,happy,data/ravdess/Actor_13/03-01-03-01-02-01-13.wav,ravdess,ravdess_actor_13
3856,happy,data/ravdess/Actor_13/03-01-03-01-02-02-13.wav,ravdess,ravdess_actor_13
3857,happy,data/ravdess/Actor_13/03-01-03-02-01-01-13.wav,ravdess,ravdess_actor_13
3858,happy,data/ravdess/Actor_13/03-01-03-02-01-02-13.wav,ravdess,ravdess_actor_13
3859,happy,data/ravdess/Actor_13/03-01-03-02-02-01-13.wav,ravdess,ravdess_actor_13
3860,happy,data/ravdess/Actor_13/03-01-03-02-02-02-13.wav,ravdess,ravdess_actor_13
3861,happy,data/ravdess/Actor_14/03-01-03-01-01-01-14.wav,ravdess,ravdess_actor_14
3862,happy,data/ravdess/Actor_14/03-01-03-01-01-02-14.wav,ravdess,ravdess_actor_14
3863,happy,data/ravdess/Actor_14/03-01-03-01-02-01-14.wav,ravdess,ravdess_actor_14
3864,happy,data/ravdess/Actor_14/03-01-03-01-02-02-14.wav,ravdess,ravdess_actor_14
3865,happy,data/ravdess/Actor_14/03-01-03-02-01-01-14.wav,ravdess,ravdess_actor_14
3866,happy,data/ravdess/Actor_14/03-01-03-02-01-02-14.wav,ravdess,ravdess_actor_14
3867,happy,data/ravdess/Actor_14/03-01-03-02-02-01-14.wav,ravdess,ravdess_actor_14
3868,happy,data/ravdess/Actor_14/03-01-03-02-02-02-14.wav,ravdess,ravdess_actor_14
3869,happy,data/ravdess/Actor_15/03-01-03-01-01-01-15.wav,ravdess,ravdess_actor_15
3870,happy,data/ravdess/Actor_15/03-01-03-01-01-02-15.wav,ravdess,ravdess_actor_15
3871,happy,data/ravdess/Actor_15/03-01-03-01-02-01-15.wav,ravdess,ravdess_actor_15
3872,happy,data/ravdess/Actor_15/03-01-03-01-02-02-15.wav,ravdess,ravdess_actor_15
3873,happy,data/ravdess/Actor_15/03-01-03-02-01-01-15.wav,ravdess,ravdess_actor_15
3874,happy,data/ravdess/Actor_15/03-01-03-02-01-02-15.wav,ravdess,ravdess_actor_15
3875,happy,data/ravdess/Actor_15/03-01-03-02-02-01-15.wav,ravdess,ravdess_actor_15
3876,happy,data/ravdess/Actor_15/03-01-03-02-02-02-15.wav,ravdess,ravdess_actor_15
3877,happy,data/ravdess/Actor_16/03-01-03-01-01-01-16.wav,ravdess,ravdess_actor_16
3878,happy,data/ravdess/Actor_16/03-01-03-01-01-02-16.wav,ravdess,ravdess_actor_16
3879,happy,data/ravdess/Actor_16/03-01-03-01-02-01-16.wav,ravdess,ravdess_actor_16
3880,happy,data/ravdess/Actor_16/03-01-03-01-02-02-16.wav,ravdess,ravdess_actor_16
3881,happy,data/ravdess/Actor_16/03-01-03-02-01-01-16.wav,ravdess,ravdess_actor_16
3882,happy,data/ravdess/Actor_16/03-01-03-02-01-02-16.wav,ravdess,ravdess_actor_16
3883,happy,data/ravdess/Actor_16/03-01-03-02-02-01-16.wav,ravdess,ravdess_actor_16
3884,happy,data/ravdess/Actor_16/03-01-03-02-02-02-16.wav,ravdess,ravdess_actor_16
3885,happy,data/ravdess/Actor_17/03-01-03-01-01-01-17.wav,ravdess,ravdess_actor_17
3886,happy,data/ravdess/Actor_17/03-01-03-01-01-02-17.wav,ravdess,ravdess_actor_17
3887,happy,data/ravdess/Actor_17/03-01-03-01-02-01-17.wav,ravdess,ravdess_actor_17
3888,happy,data/ravdess/Actor_17/03-01-03-01-02-02-17.wav,ravdess,ravdess_actor_17
3889,happy,data/ravdess/Actor_17/03-01-03-02-01-01-17.wav,ravdess,ravdess_actor_17
3890,happy,data/ravdess/Actor_17/03-01-03-02-01-02-17.wav,ravdess,ravdess_actor_17
3891,happy,data/ravdess/Actor_17/03-01-03-02-02-01-17.wav,ravdess,ravdess_actor_17
3892,happy,data/ravdess/Actor_17/03-01-03-02-02-02-17.wav,ravdess,ravdess_actor_17
3893,happy,data/ravdess/Actor_18/03-01-03-01-01-01-18.wav,ravdess,ravdess_actor_18
3894,happy,data/ravdess/Actor_18/03-01-03-01-01-02-18.wav,ravdess,ravdess_actor_18
3895,happy,data/ravdess/Actor_18/03-01-03-01-02-01-18.wav,ravdess,ravdess_actor_18
3896,happy,data/ravdess/Actor_18/03-01-03-01-02-02-18.wav,ravdess,ravdess_actor_18
3897,happy,data/ravdess/Actor_18/03-01-03-02-01-01-18.wav,ravdess,ravdess_actor_18
3898,happy,data/ravdess/Actor_18/03-01-03-02-01-02-18.wav,ravdess,ravdess_actor_18
3899,happy,data/ravdess/Actor_18/03-01-03-02-02-01-18.wav,ravdess,ravdess_actor_18
3900,happy,data/ravdess/Actor_18/03-01-03-02-02-02-18.wav,ravdess,ravdess_actor_18
3901,happy,data/ravdess/Actor_19/03-01-03-01-01-01-19.wav,ravdess,ravdess_actor_19
3902,happy,data/ravdess/Actor_19/03-01-03-01-01-02-19.wav,ravdess,ravdess_actor_19
3903,happy,data/ravdess/Actor_19/03-01-03-01-02-01-19.wav,ravdess,ravdess_actor_19
3904,happy,data/ravdess/Actor_19/03-01-03-01-02-02-19.wav,ravdess,ravdess_actor_19
3905,happy,data/ravdess/Actor_19/03-01-03-02-01-01-19.wav,ravdess,ravdess_actor_19
3906,happy,data/ravdess/Actor_19/03-01-03-02-01-02-19.wav,ravdess,ravdess_actor_19
3907,happy,data/ravdess/Actor_19/03-01-03-02-02-01-19.wav,ravdess,ravdess_actor_19
3908,happy,data/ravdess/Actor_19/03-01-03-02-02-02-19.wav,ravdess,ravdess_actor_19
3909,happy,data/ravdess/Actor_20/03-01-03-01-01-01-20.wav,ravdess,ravdess_actor_20
3910,happy,data/ravdess/Actor_20/03-01-03-01-01-02-20.wav,ravdess,ravdess_actor_20
3911,happy,data/ravdess/Actor_20/03-01-03-01-02-01-20.wav,ravdess,ravdess_actor_20
3912,happy,data/ravdess/Actor_20/03-01-03-01-02-02-20.wav,ravdess,ravdess_actor_20
3913,happy,data/ravdess/Actor_20/03-01-03-02-01-01-20.wav,ravdess,ravdess_actor_20
3914,happy,data/ravdess/Actor_20/03-01-03-02-01-02-20.wav,ravdess,ravdess_actor_20
3915,happy,data/ravdess/Actor_20/03-01-03-02-02-01-20.wav,ravdess,ravdess_actor_20
3916,happy,data/ravdess/Actor_20/03-01-03-02-02-02-20.wav,ravdess,ravdess_actor_20
3917,happy,data/ravdess/Actor_21/03-01-03-01-01-01-21.wav,ravdess,ravdess_actor_21
3918,happy,data/ravdess/Actor_21/03-01-03-01-01-02-21.wav,ravdess,ravdess_actor_21
3919,happy,data/ravdess/Actor_21/03-01-03-01-02-01-21.wav,ravdess,ravdess_actor_21
3920,happy,data/ravdess/Actor_21/03-01-03-01-02-02-21.wav,ravdess,ravdess_actor_21
3921,happy,data/ravdess/Actor_21/03-01-03-02-01-01-21.wav,ravdess,ravdess_actor_21
3922,happy,data/ravdess/Actor_21/03-01-03-02-01-02-21.wav,ravdess,ravdess_actor_21
3923,happy,data/ravdess/Actor_21/03-01-03-02-02-01-21.wav,ravdess,ravdess_actor_21
3924,happy,data/ravdess/Actor_21/03-01-03-02-02-02-21.wav,ravdess,ravdess_actor_21
3925,happy,data/ravdess/Actor_22/03-01-03-01-01-01-22.wav,ravdess,ravdess_actor_22
3926,happy,data/ravdess/Actor_22/03-01-03-01-01-02-22.wav,ravdess,ravdess_actor_22
3927,happy,data/ravdess/Actor_22/03-01-03-01-02-01-22.wav,ravdess,ravdess_actor_22
3928,happy,data/ravdess/Actor_22/03-01-03-01-02-02-22.wav,ravdess,ravdess_actor_22
3929,happy,data/ravdess/Actor_22/03-01-03-02-01-01-22.wav,ravdess,ravdess_actor_22
3930,happy,data/ravdess/Actor_22/03-01-03-02-01-02-22.wav,ravdess,ravdess_actor_22
3931,happy,data/ravdess/Actor_22/03-01-03-02-02-01-22.wav,ravdess,ravdess_actor_22
3932,happy,data/ravdess/Actor_22/03-01-03-02-02-02-22.wav,ravdess,ravdess_actor_22
3933,happy,data/ravdess/Actor_23/03-01-03-01-01-01-23.wav,ravdess,ravdess_actor_23
3934,happy,data/ravdess/Actor_23/03-01-03-01-01-02-23.wav,ravdess,ravdess_actor_23
3935,happy,data/ravdess/Actor_23/03-01-03-01-02-01-23.wav,ravdess,ravdess_actor_23
3936,happy,data/ravdess/Actor_23/03-01-03-01-02-02-23.wav,ravdess,ravdess_actor_23
3937,happy,data/ravdess/Actor_23/03-01-03-02-01-01-23.wav,ravdess,ravdess_actor_23
3938,happy,data/ravdess/Actor_23/03-01-03-02-01-02-23.wav,ravdess,ravdess_actor_23
3939,happy,data/ravdess/Actor_23/03-01-03-02-02-01-23.wav,ravdess,ravdess_actor_23
3940,happy,data/ravdess/Actor_23/03-01-03-02-02-02-23.wav,ravdess,ravdess_actor_23
3941,happy,data/ravdess/Actor_24/03-01-03-01-01-01-24.wav,ravdess,ravdess_actor_24
3942,happy,data/ravdess/Actor_24/03-01-03-01-01-02-24.wav,ravdess,ravdess_actor_24
3943,happy,data/ravdess/Actor_24/03-01-03-01-02-01-24.wav,ravdess,ravdess_actor_24
3944,happy,data/ravdess/Actor_24/03-01-03-01-02-02-24.wav,ravdess,ravdess_actor_24
3945,happy,data/ravdess/Actor_24/03-01-03-02-01-01-24.wav,ravdess,ravdess_actor_24
3946,happy,data/ravdess/Actor_24/03-01-03-02-01-02-24.wav,ravdess,ravdess_actor_24
3947,happy,data/ravdess/Actor_24/03-01-03-02-02-01-24.wav,ravdess,ravdess_actor_24
3948,happy,data/ravdess/Actor_24/03-01-03-02-02-02-24.wav,ravdess,ravdess_actor_24
3949,neutral,data/ravdess/Actor_01/03-01-01-01-01-01-01.wav,ravdess,ravdess_actor_01
3950,neutral,data/ravdess/Actor_01/03-01-01-01-01-02-01.wav,ravdess,ravdess_actor_01
3951,neutral,data/ravdess/Actor_01/03-01-01-01-02-01-01.wav,ravdess,ravdess_actor_01
3952,neutral,data/ravdess/Actor_01/03-01-01-01-02-02-01.wav,ravdess,ravdess_actor_01
3953,neutral,data/ravdess/Actor_02/03-01-01-01-01-01-02.wav,ravdess,ravdess_actor_02
3954,neutral,data/ravdess/Actor_02/03-01-01-01-01-02-02.wav,ravdess,ravdess_actor_02
3955,neutral,data/ravdess/Actor_02/03-01-01-01-02-01-02.wav,ravdess,ravdess_actor_02
3956,neutral,data/ravdess/Actor_02/03-01-01-01-02-02-02.wav,ravdess,ravdess_actor_02
3957,neutral,data/ravdess/Actor_03/03-01-01-01-01-01-03.wav,ravdess,ravdess_actor_03
3958,neutral,data/ravdess/Actor_03/03-01-01-01-01-02-03.wav,ravdess,ravdess_actor_03
3959,neutral,data/ravdess/Actor_03/03-01-01-01-02-01-03.wav,ravdess,ravdess_actor_03
3960,neutral,data/ravdess/Actor_03/03-01-01-01-02-02-03.wav,ravdess,ravdess_actor_03
3961,neutral,data/ravdess/Actor_04/03-01-01-01-01-01-04.wav,ravdess,ravdess_actor_04
3962,neutral,data/ravdess/Actor_04/03-01-01-01-01-02-04.wav,ravdess,ravdess_actor_04
3963,neutral,data/ravdess/Actor_04/03-01-01-01-02-01-04.wav,ravdess,ravdess_actor_04
3964,neutral,data/ravdess/Actor_04/03-01-01-01-02-02-04.wav,ravdess,ravdess_actor_04
3965,neutral,data/ravdess/Actor_05/03-01-01-01-01-01-05.wav,ravdess,ravdess_actor_05
3966,neutral,data/ravdess/Actor_05/03-01-01-01-01-02-05.wav,ravdess,ravdess_actor_05
3967,neutral,data/ravdess/Actor_05/03-01-01-01-02-01-05.wav,ravdess,ravdess_actor_05
3968,neutral,data/ravdess/Actor_05/03-01-01-01-02-02-05.wav,ravdess,ravdess_actor_05
3969,neutral,data/ravdess/Actor_06/03-01-01-01-01-01-06.wav,ravdess,ravdess_actor_06
3970,neutral,data/ravdess/Actor_06/03-01-01-01-01-02-06.wav,ravdess,ravdess_actor_06
3971,neutral,data/ravdess/Actor_06/03-01-01-01-02-01-06.wav,ravdess,ravdess_actor_06
3972,neutral,data/ravdess/Actor_06/03-01-01-01-02-02-06.wav,ravdess,ravdess_actor_06
3973,neutral,data/ravdess/Actor_07/03-01-01-01-01-01-07.wav,ravdess,ravdess_actor_07
3974,neutral,data/ravdess/Actor_07/03-01-01-01-01-02-07.wav,ravdess,ravdess_actor_07
3975,neutral,data/ravdess/Actor_07/03-01-01-01-02-01-07.wav,ravdess,ravdess_actor_07
3976,neutral,data/ravdess/Actor_07/03-01-01-01-02-02-07.wav,ravdess,ravdess_actor_07
3977,neutral,data/ravdess/Actor_08/03-01-01-01-01-01-08.wav,ravdess,ravdess_actor_08
3978,neutral,data/ravdess/Actor_08/03-01-01-01-01-02-08.wav,ravdess,ravdess_actor_08
3979,neutral,data/ravdess/Actor_08/03-01-01-01-02-01-08.wav,ravdess,ravdess_actor_08
3980,neutral,data/ravdess/Actor_08/03-01-01-01-02-02-08.wav,ravdess,ravdess_actor_08
3981,neutral,data/ravdess/Actor_09/03-01-01-01-01-01-09.wav,ravdess,ravdess_actor_09
3982,neutral,data/ravdess/Actor_09/03-01-01-01-01-02-09.wav,ravdess,ravdess_actor_09
3983,neutral,data/ravdess/Actor_09/03-01-01-01-02-01-09.wav,ravdess,ravdess_actor_09
3984,neutral,data/ravdess/Actor_09/03-01-01-01-02-02-09.wav,ravdess,ravdess_actor_09
3985,neutral,data/ravdess/Actor_10/03-01-01-01-01-01-10.wav,ravdess,ravdess_actor_10
3986,neutral,data/ravdess/Actor_10/03-01-01-01-01-02-10.wav,ravdess,ravdess_actor_10
3987,neutral,data/ravdess/Actor_10/03-01-01-01-02-01-10.wav,ravdess,ravdess_actor_10
3988,neutral,data/ravdess/Actor_10/03-01-01-01-02-02-10.wav,ravdess,ravdess_actor_10
3989,neutral,data/ravdess/Actor_11/03-01-01-01-01-01-11.wav,ravdess,ravdess_actor_11
3990,neutral,data/ravdess/Actor_11/03-01-01-01-01-02-11.wav,ravdess,ravdess_actor_11
3991,neutral,data/ravdess/Actor_11/03-01-01-01-02-01-11.wav,ravdess,ravdess_actor_11
3992,neutral,data/ravdess/Actor_11/03-01-01-01-02-02-11.wav,ravdess,ravdess_actor_11
3993,neutral,data/ravdess/Actor_12/03-01-01-01-01-01-12.wav,ravdess,ravdess_actor_12
3994,neutral,data/ravdess/Actor_12/03-01-01-01-01-02-12.wav,ravdess,ravdess_actor_12
3995,neutral,data/ravdess/Actor_12/03-01-01-01-02-01-12.wav,ravdess,ravdess_actor_12
3996,neutral,data/ravdess/Actor_12/03-01-01-01-02-02-12.wav,ravdess,ravdess_actor_12
3997,neutral,data/ravdess/Actor_13/03-01-01-01-01-01-13.wav,ravdess,ravdess_actor_13
3998,neutral,data/ravdess/Actor_13/03-01-01-01-01-02-13.wav,ravdess,ravdess_actor_13
3999,neutral,data/ravdess/Actor_13/03-01-01-01-02-01-13.wav,ravdess,ravdess_actor_13
4000,neutral,data/ravdess/Actor_13/03-01-01-01-02-02-13.wav,ravdess,ravdess_actor_13
4001,neutral,data/ravdess/Actor_14/03-01-01-01-01-01-14.wav,ravdess,ravdess_actor_14
4002,neutral,data/ravdess/Actor_14/03-01-01-01-01-02-14.wav,ravdess,ravdess_actor_14
4003,neutral,data/ravdess/Actor_14/03-01-01-01-02-01-14.wav,ravdess,ravdess_actor_14
4004,neutral,data/ravdess/Actor_14/03-01-01-01-02-02-14.wav,ravdess,ravdess_actor_14
4005,neutral,data/ravdess/Actor_15/03-01-01-01-01-01-15.wav,ravdess,ravdess_actor_15
4006,neutral,data/ravdess/Actor_15/03-01-01-01-01-02-15.wav,ravdess,ravdess_actor_15
4007,neutral,data/ravdess/Actor_15/03-01-01-01-02-01-15.wav,ravdess,ravdess_actor_15
4008,neutral,data/ravdess/Actor_15/03-01-01-01-02-02-15.wav,ravdess,ravdess_actor_15
4009,neutral,data/ravdess/Actor_16/03-01-01-01-01-01-16.wav,ravdess,ravdess_actor_16
4010,neutral,data/ravdess/Actor_16/03-01-01-01-01-02-16.wav,ravdess,ravdess_actor_16
4011,neutral,data/ravdess/Actor_16/03-01-01-01-02-01-16.wav,ravdess,ravdess_actor_16
4012,neutral,data/ravdess/Actor_16/03-01-01-01-02-02-16.wav,ravdess,ravdess_actor_16
4013,neutral,data/ravdess/Actor_17/03-01-01-01-01-01-17.wav,ravdess,ravdess_actor_17
4014,neutral,data/ravdess/Actor_17/03-01-01-01-01-02-17.wav,ravdess,ravdess_actor_17
4015,neutral,data/ravdess/Actor_17/03-01-01-01-02-01-17.wav,ravdess,ravdess_actor_17
4016,neutral,data/ravdess/Actor_17/03-01-01-01-02-02-17.wav,ravdess,ravdess_actor_17
4017,neutral,data/ravdess/Actor_18/03-01-01-01-01-01-18.wav,ravdess,ravdess_actor_18
4018,neutral,data/ravdess/Actor_18/03-01-01-01-01-02-18.wav,ravdess,ravdess_actor_18
4019,neutral,data/ravdess/Actor_18/03-01-01-01-02-01-18.wav,ravdess,ravdess_actor_18
4020,neutral,data/ravdess/Actor_18/03-01-01-01-02-02-18.wav,ravdess,ravdess_actor_18
4021,neutral,data/ravdess/Actor_19/03-01-01-01-01-01-19.wav,ravdess,ravdess_actor_19
4022,neutral,data/ravdess/Actor_19/03-01-01-01-01-02-19.wav,ravdess,ravdess_actor_19
4023,neutral,data/ravdess/Actor_19/03-01-01-01-02-01-19.wav,ravdess,ravdess_actor_19
4024,neutral,data/ravdess/Actor_19/03-01-01-01-02-02-19.wav,ravdess,ravdess_actor_19
4025,neutral,data/ravdess/Actor_20/03-01-01-01-01-01-20.wav,ravdess,ravdess_actor_20
4026,neutral,data/ravdess/Actor_20/03-01-01-01-01-02-20.wav,ravdess,ravdess_actor_20
4027,neutral,data/ravdess/Actor_20/03-01-01-01-02-01-20.wav,ravdess,ravdess_actor_20
4028,neutral,data/ravdess/Actor_20/03-01-01-01-02-02-20.wav,ravdess,ravdess_actor_20
4029,neutral,data/ravdess/Actor_21/03-01-01-01-01-01-21.wav,ravdess,ravdess_actor_21
4030,neutral,data/ravdess/Actor_21/03-01-01-01-01-02-21.wav,ravdess,ravdess_actor_21
4031,neutral,data/ravdess/Actor_21/03-01-01-01-02-01-21.wav,ravdess,ravdess_actor_21
4032,neutral,data/ravdess/Actor_21/03-01-01-01-02-02-21.wav,ravdess,ravdess_actor_21
4033,neutral,data/ravdess/Actor_22/03-01-01-01-01-01-22.wav,ravdess,ravdess_actor_22
4034,neutral,data/ravdess/Actor_22/03-01-01-01-01-02-22.wav,ravdess,ravdess_actor_22
4035,neutral,data/ravdess/Actor_22/03-01-01-01-02-01-22.wav,ravdess,ravdess_actor_22
4036,neutral,data/ravdess/Actor_22/03-01-01-01-02-02-22.wav,ravdess,ravdess_actor_22
4037,neutral,data/ravdess/Actor_23/03-01-01-01-01-01-23.wav,ravdess,ravdess_actor_23
4038,neutral,data/ravdess/Actor_23/03-01-01-01-01-02-23.wav,ravdess,ravdess_actor_23
4039,neutral,data/ravdess/Actor_23/03-01-01-01-02-01-23.wav,ravdess,ravdess_actor_23
4040,neutral,data/ravdess/Actor_23/03-01-01-01-02-02-23.wav,ravdess,ravdess_actor_23
4041,neutral,data/ravdess/Actor_24/03-01-01-01-01-01-24.wav,ravdess,ravdess_actor_24
4042,neutral,data/ravdess/Actor_24/03-01-01-01-01-02-24.wav,ravdess,ravdess_actor_24
4043,neutral,data/ravdess/Actor_24/03-01-01-01-02-01-24.wav,ravdess,ravdess_actor_24
4044,neutral,data/ravdess/Actor_24/03-01-01-01-02-02-24.wav,ravdess,ravdess_actor_24
4045,sad,data/ravdess/Actor_01/03-01-04-01-01-01-01.wav,ravdess,ravdess_actor_01
4046,sad,data/ravdess/Actor_01/03-01-04-01-01-02-01.wav,ravdess,ravdess_actor_01
4047,sad,data/ravdess/Actor_01/03-01-04-01-02-01-01.wav,ravdess,ravdess_actor_01
4048,sad,data/ravdess/Actor_01/03-01-04-01-02-02-01.wav,ravdess,ravdess_actor_01
4049,sad,data/ravdess/Actor_01/03-01-04-02-01-01-01.wav,ravdess,ravdess_actor_01
4050,sad,data/ravdess/Actor_01/03-01-04-02-01-02-01.wav,ravdess,ravdess_actor_01
4051,sad,data/ravdess/Actor_01/03-01-04-02-02-01-01.wav,ravdess,ravdess_actor_01
4052,sad,data/ravdess/Actor_01/03-01-04-02-02-02-01.wav,ravdess,ravdess_actor_01
4053,sad,data/ravdess/Actor_02/03-01-04-01-01-01-02.wav,ravdess,ravdess_actor_02
4054,sad,data/ravdess/Actor_02/03-01-04-01-01-02-02.wav,ravdess,ravdess_actor_02
4055,sad,data/ravdess/Actor_02/03-01-04-01-02-01-02.wav,ravdess,ravdess_actor_02
4056,sad,data/ravdess/Actor_02/03-01-04-01-02-02-02.wav,ravdess,ravdess_actor_02
4057,sad,data/ravdess/Actor_02/03-01-04-02-01-01-02.wav,ravdess,ravdess_actor_02
4058,sad,data/ravdess/Actor_02/03-01-04-02-01-02-02.wav,ravdess,ravdess_actor_02
4059,sad,data/ravdess/Actor_02/03-01-04-02-02-01-02.wav,ravdess,ravdess_actor_02
4060,sad,data/ravdess/Actor_02/03-01-04-02-02-02-02.wav,ravdess,ravdess_actor_02
4061,sad,data/ravdess/Actor_03/03-01-04-01-01-01-03.wav,ravdess,ravdess_actor_03
4062,sad,data/ravdess/Actor_03/03-01-04-01-01-02-03.wav,ravdess,ravdess_actor_03
4063,sad,data/ravdess/Actor_03/03-01-04-01-02-01-03.wav,ravdess,ravdess_actor_03
4064,sad,data/ravdess/Actor_03/03-01-04-01-02-02-03.wav,ravdess,ravdess_actor_03
4065,sad,data/ravdess/Actor_03/03-01-04-02-01-01-03.wav,ravdess,ravdess_actor_03
4066,sad,data/ravdess/Actor_03/03-01-04-02-01-02-03.wav,ravdess,ravdess_actor_03
4067,sad,data/ravdess/Actor_03/03-01-04-02-02-01-03.wav,ravdess,ravdess_actor_03
4068,sad,data/ravdess/Actor_03/03-01-04-02-02-02-03.wav,ravdess,ravdess_actor_03
4069,sad,data/ravdess/Actor_04/03-01-04-01-01-01-04.wav,ravdess,ravdess_actor_04
4070,sad,data/ravdess/Actor_04/03-01-04-01-01-02-04.wav,ravdess,ravdess_actor_04
4071,sad,data/ravdess/Actor_04/03-01-04-01-02-01-04.wav,ravdess,ravdess_actor_04
4072,sad,data/ravdess/Actor_04/03-01-04-01-02-02-04.wav,ravdess,ravdess_actor_04
4073,sad,data/ravdess/Actor_04/03-01-04-02-01-01-04.wav,ravdess,ravdess_actor_04
4074,sad,data/ravdess/Actor_04/03-01-04-02-01-02-04.wav,ravdess,ravdess_actor_04
4075,sad,data/ravdess/Actor_04/03-01-04-02-02-01-04.wav,ravdess,ravdess_actor_04
4076,sad,data/ravdess/Actor_04/03-01-04-02-02-02-04.wav,ravdess,ravdess_actor_04
4077,sad,data/ravdess/Actor_05/03-01-04-01-01-01-05.wav,ravdess,ravdess_actor_05
4078,sad,data/ravdess/Actor_05/03-01-04-01-01-02-05.wav,ravdess,ravdess_actor_05
4079,sad,data/ravdess/Actor_05/03-01-04-01-02-01-05.wav,ravdess,ravdess_actor_05
4080,sad,data/ravdess/Actor_05/03-01-04-01-02-02-05.wav,ravdess,ravdess_actor_05
4081,sad,data/ravdess/Actor_05/03-01-04-02-01-01-05.wav,ravdess,ravdess_actor_05
4082,sad,data/ravdess/Actor_05/03-01-04-02-01-02-05.wav,ravdess,ravdess_actor_05
4083,sad,data/ravdess/Actor_05/03-01-04-02-02-01-05.wav,ravdess,ravdess_actor_05
4084,sad,data/ravdess/Actor_05/03-01-04-02-02-02-05.wav,ravdess,ravdess_actor_05
4085,sad,data/ravdess/Actor_06/03-01-04-01-01-01-06.wav,ravdess,ravdess_actor_06
4086,sad,data/ravdess/Actor_06/03-01-04-01-01-02-06.wav,ravdess,ravdess_actor_06
4087,sad,data/ravdess/Actor_06/03-01-04-01-02-01-06.wav,ravdess,ravdess_actor_06
4088,sad,data/ravdess/Actor_06/03-01-04-01-02-02-06.wav,ravdess,ravdess_actor_06
4089,sad,data/ravdess/Actor_06/03-01-04-02-01-01-06.wav,ravdess,ravdess_actor_06
4090,sad,data/ravdess/Actor_06/03-01-04-02-01-02-06.wav,ravdess,ravdess_actor_06
4091,sad,data/ravdess/Actor_06/03-01-04-02-02-01-06.wav,ravdess,ravdess_actor_06
4092,sad,data/ravdess/Actor_06/03-01-04-02-02-02-06.wav,ravdess,ravdess_actor_06
4093,sad,data/ravdess/Actor_07/03-01-04-01-01-01-07.wav,ravdess,ravdess_actor_07
4094,sad,data/ravdess/Actor_07/03-01-04-01-01-02-07.wav,ravdess,ravdess_actor_07
4095,sad,data/ravdess/Actor_07/03-01-04-01-02-01-07.wav,ravdess,ravdess_actor_07
4096,sad,data/ravdess/Actor_07/03-01-04-01-02-02-07.wav,ravdess,ravdess_actor_07
4097,sad,data/ravdess/Actor_07/03-01-04-02-01-01-07.wav,ravdess,ravdess_actor_07
4098,sad,data/ravdess/Actor_07/03-01-04-02-01-02-07.wav,ravdess,ravdess_actor_07
4099,sad,data/ravdess/Actor_07/03-01-04-02-02-01-07.wav,ravdess,ravdess_actor_07
4100,sad,data/ravdess/Actor_07/03-01-04-02-02-02-07.wav,ravdess,ravdess_actor_07
4101,sad,data/ravdess/Actor_08/03-01-04-01-01-01-08.wav,ravdess,ravdess_actor_08
4102,sad,data/ravdess/Actor_08/03-01-04-01-01-02-08.wav,ravdess,ravdess_actor_08
4103,sad,data/ravdess/Actor_08/03-01-04-01-02-01-08.wav,ravdess,ravdess_actor_08
4104,sad,data/ravdess/Actor_08/03-01-04-01-02-02-08.wav,ravdess,ravdess_actor_08
4105,sad,data/ravdess/Actor_08/03-01-04-02-01-01-08.wav,ravdess,ravdess_actor_08
4106,sad,data/ravdess/Actor_08/03-01-04-02-01-02-08.wav,ravdess,ravdess_actor_08
4107,sad,data/ravdess/Actor_08/03-01-04-02-02-01-08.wav,ravdess,ravdess_actor_08
4108,sad,data/ravdess/Actor_08/03-01-04-02-02-02-08.wav,ravdess,ravdess_actor_08
4109,sad,data/ravdess/Actor_09/03-01-04-01-01-01-09.wav,ravdess,ravdess_actor_09
4110,sad,data/ravdess/Actor_09/03-01-04-01-01-02-09.wav,ravdess,ravdess_actor_09
4111,sad,data/ravdess/Actor_09/03-01-04-01-02-01-09.wav,ravdess,ravdess_actor_09
4112,sad,data/ravdess/Actor_09/03-01-04-01-02-02-09.wav,ravdess,ravdess_actor_09
4113,sad,data/ravdess/Actor_09/03-01-04-02-01-01-09.wav,ravdess,ravdess_actor_09
4114,sad,data/ravdess/Actor_09/03-01-04-02-01-02-09.wav,ravdess,ravdess_actor_09
4115,sad,data/ravdess/Actor_09/03-01-04-02-02-01-09.wav,ravdess,ravdess_actor_09
4116,sad,data/ravdess/Actor_09/03-01-04-02-02-02-09.wav,ravdess,ravdess_actor_09
4117,sad,data/ravdess/Actor_10/03-01-04-01-01-01-10.wav,ravdess,ravdess_actor_10
4118,sad,data/ravdess/Actor_10/03-01-04-01-01-02-10.wav,ravdess,ravdess_actor_10
4119,sad,data/ravdess/Actor_10/03-01-04-01-02-01-10.wav,ravdess,ravdess_actor_10
4120,sad,data/ravdess/Actor_10/03-01-04-01-02-02-10.wav,ravdess,ravdess_actor_10
4121,sad,data/ravdess/Actor_10/03-01-04-02-01-01-10.wav,ravdess,ravdess_actor_10
4122,sad,data/ravdess/Actor_10/03-01-04-02-01-02-10.wav,ravdess,ravdess_actor_10
4123,sad,data/ravdess/Actor_10/03-01-04-02-02-01-10.wav,ravdess,ravdess_actor_10
4124,sad,data/ravdess/Actor_10/03-01-04-02-02-02-10.wav,ravdess,ravdess_actor_10
4125,sad,data/ravdess/Actor_11/03-01-04-01-01-01-11.wav,ravdess,ravdess_actor_11
4126,sad,data/ravdess/Actor_11/03-01-04-01-01-02-11.wav,ravdess,ravdess_actor_11
4127,sad,data/ravdess/Actor_11/03-01-04-01-02-01-11.wav,ravdess,ravdess_actor_11
4128,sad,data/ravdess/Actor_11/03-01-04-01-02-02-11.wav,ravdess,ravdess_actor_11
4129,sad,data/ravdess/Actor_11/03-01-04-02-01-01-11.wav,ravdess,ravdess_actor_11
4130,sad,data/ravdess/Actor_11/03-01-04-02-01-02-11.wav,ravdess,ravdess_actor_11
4131,sad,data/ravdess/Actor_11/03-01-04-02-02-01-11.wav,ravdess,ravdess_actor_11
4132,sad,data/ravdess/Actor_11/03-01-04-02-02-02-11.wav,ravdess,ravdess_actor_11
4133,sad,data/ravdess/Actor_12/03-01-04-01-01-01-12.wav,ravdess,ravdess_actor_12
4134,sad,data/ravdess/Actor_12/03-01-04-01-01-02-12.wav,ravdess,ravdess_actor_12
4135,sad,data/ravdess/Actor_12/03-01-04-01-02-01-12.wav,ravdess,ravdess_actor_12
4136,sad,data/ravdess/Actor_12/03-01-04-01-02-02-12.wav,ravdess,ravdess_actor_12
4137,sad,data/ravdess/Actor_12/03-01-04-02-01-01-12.wav,ravdess,ravdess_actor_12
4138,sad,data/ravdess/Actor_12/03-01-04-02-01-02-12.wav,ravdess,ravdess_actor_12
4139,sad,data/ravdess/Actor_12/03-01-04-02-02-01-12.wav,ravdess,ravdess_actor_12
4140,sad,data/ravdess/Actor_12/03-01-04-02-02-02-12.wav,ravdess,ravdess_actor_12
4141,sad,data/ravdess/Actor_13/03-01-04-01-01-01-13.wav,ravdess,ravdess_actor_13
4142,sad,data/ravdess/Actor_13/03-01-04-01-01-02-13.wav,ravdess,ravdess_actor_13
4143,sad,data/ravdess/Actor_13/03-01-04-01-02-01-13.wav,ravdess,ravdess_actor_13
4144,sad,data/ravdess/Actor_13/03-01-04-01-02-02-13.wav,ravdess,ravdess_actor_13
4145,sad,data/ravdess/Actor_13/03-01-04-02-01-01-13.wav,ravdess,ravdess_actor_13
4146,sad,data/ravdess/Actor_13/03-01-04-02-01-02-13.wav,ravdess,ravdess_actor_13
4147,sad,data/ravdess/Actor_13/03-01-04-02-02-01-13.wav,ravdess,ravdess_actor_13
4148,sad,data/ravdess/Actor_13/03-01-04-02-02-02-13.wav,ravdess,ravdess_actor_13
4149,sad,data/ravdess/Actor_14/03-01-04-01-01-01-14.wav,ravdess,ravdess_actor_14
4150,sad,data/ravdess/Actor_14/03-01-04-01-01-02-14.wav,ravdess,ravdess_actor_14
4151,sad,data/ravdess/Actor_14/03-01-04-01-02-01-14.wav,ravdess,ravdess_actor_14
4152,sad,data/ravdess/Actor_14/03-01-04-01-02-02-14.wav,ravdess,ravdess_actor_14
4153,sad,data/ravdess/Actor_14/03-01-04-02-01-01-14.wav,ravdess,ravdess_actor_14
4154,sad,data/ravdess/Actor_14/03-01-04-02-01-02-14.wav,ravdess,ravdess_actor_14
4155,sad,data/ravdess/Actor_14/03-01-04-02-02-01-14.wav,ravdess,ravdess_actor_14
4156,sad,data/ravdess/Actor_14/03-01-04-02-02-02-14.wav,ravdess,ravdess_actor_14
4157,sad,data/ravdess/Actor_15/03-01-04-01-01-01-15.wav,ravdess,ravdess_actor_15
4158,sad,data/ravdess/Actor_15/03-01-04-01-01-02-15.wav,ravdess,ravdess_actor_15
4159,sad,data/ravdess/Actor_15/03-01-04-01-02-01-15.wav,ravdess,ravdess_actor_15
4160,sad,data/ravdess/Actor_15/03-01-04-01-02-02-15.wav,ravdess,ravdess_actor_15
4161,sad,data/ravdess/Actor_15/03-01-04-02-01-01-15.wav,ravdess,ravdess_actor_15
4162,sad,data/ravdess/Actor_15/03-01-04-02-01-02-15.wav,ravdess,ravdess_actor_15
4163,sad,data/ravdess/Actor_15/03-01-04-02-02-01-15.wav,ravdess,ravdess_actor_15
4164,sad,data/ravdess/Actor_15/03-01-04-02-02-02-15.wav,ravdess,ravdess_actor_15
4165,sad,data/ravdess/Actor_16/03-01-04-01-01-01-16.wav,ravdess,ravdess_actor_16
4166,sad,data/ravdess/Actor_16/03-01-04-01-01-02-16.wav,ravdess,ravdess_actor_16
4167,sad,data/ravdess/Actor_16/03-01-04-01-02-01-16.wav,ravdess,ravdess_actor_16
4168,sad,data/ravdess/Actor_16/03-01-04-01-02-02-16.wav,ravdess,ravdess_actor_16
4169,sad,data/ravdess/Actor_16/03-01-04-02-01-01-16.wav,ravdess,ravdess_actor_16
4170,sad,data/ravdess/Actor_16/03-01-04-02-01-02-16.wav,ravdess,ravdess_actor_16
4171,sad,data/ravdess/Actor_16/03-01-04-02-02-01-16.wav,ravdess,ravdess_actor_16
4172,sad,data/ravdess/Actor_16/03-01-04-02-02-02-16.wav,ravdess,ravdess_actor_16
4173,sad,data/ravdess/Actor_17/03-01-04-01-01-01-17.wav,ravdess,ravdess_actor_17
4174,sad,data/ravdess/Actor_17/03-01-04-01-01-02-17.wav,ravdess,ravdess_actor_17
4175,sad,data/ravdess/Actor_17/03-01-04-01-02-01-17.wav,ravdess,ravdess_actor_17
4176,sad,data/ravdess/Actor_17/03-01-04-01-02-02-17.wav,ravdess,ravdess_actor_17
4177,sad,data/ravdess/Actor_17/03-01-04-02-01-01-17.wav,ravdess,ravdess_actor_17
4178,sad,data/ravdess/Actor_17/03-01-04-02-01-02-17.wav,ravdess,ravdess_actor_17
4179,sad,data/ravdess/Actor_17/03-01-04-02-02-01-17.wav,ravdess,ravdess_actor_17
4180,sad,data/ravdess/Actor_17/03-01-04-02-02-02-17.wav,ravdess,ravdess_actor_17
4181,sad,data/ravdess/Actor_18/03-01-04-01-01-01-18.wav,ravdess,ravdess_actor_18
4182,sad,data/ravdess/Actor_18/03-01-04-01-01-02-18.wav,ravdess,ravdess_actor_18
4183,sad,data/ravdess/Actor_18/03-01-04-01-02-01-18.wav,ravdess,ravdess_actor_18
4184,sad,data/ravdess/Actor_18/03-01-04-01-02-02-18.wav,ravdess,ravdess_actor_18
4185,sad,data/ravdess/Actor_18/03-01-04-02-01-01-18.wav,ravdess,ravdess_actor_18
4186,sad,data/ravdess/Actor_18/03-01-04-02-01-02-18.wav,ravdess,ravdess_actor_18
4187,sad,data/ravdess/Actor_18/03-01-04-02-02-01-18.wav,ravdess,ravdess_actor_18
4188,sad,data/ravdess/Actor_18/03-01-04-02-02-02-18.wav,ravdess,ravdess_actor_18
4189,sad,data/ravdess/Actor_19/03-01-04-01-01-01-19.wav,ravdess,ravdess_actor_19
4190,sad,data/ravdess/Actor_19/03-01-04-01-01-02-19.wav,ravdess,ravdess_actor_19
4191,sad,data/ravdess/Actor_19/03-01-04-01-02-01-19.wav,ravdess,ravdess_actor_19
4192,sad,data/ravdess/Actor_19/03-01-04-01-02-02-19.wav,ravdess,ravdess_actor_19
4193,sad,data/ravdess/Actor_19/03-01-04-02-01-01-19.wav,ravdess,ravdess_actor_19
4194,sad,data/ravdess/Actor_19/03-01-04-02-01-02-19.wav,ravdess,ravdess_actor_19
4195,sad,data/ravdess/Actor_19/03-01-04-02-02-01-19.wav,ravdess,ravdess_actor_19
4196,sad,data/ravdess/Actor_19/03-01-04-02-02-02-19.wav,ravdess,ravdess_actor_19
4197,sad,data/ravdess/Actor_20/03-01-04-01-01-01-20.wav,ravdess,ravdess_actor_20
4198,sad,data/ravdess/Actor_20/03-01-04-01-01-02-20.wav,ravdess,ravdess_actor_20
4199,sad,data/ravdess/Actor_20/03-01-04-01-02-01-20.wav,ravdess,ravdess_actor_20
4200,sad,data/ravdess/Actor_20/03-01-04-01-02-02-20.wav,ravdess,ravdess_actor_20
4201,sad,data/ravdess/Actor_20/03-01-04-02-01-01-20.wav,ravdess,ravdess_actor_20
4202,sad,data/ravdess/Actor_20/03-01-04-02-01-02-20.wav,ravdess,ravdess_actor_20
4203,sad,data/ravdess/Actor_20/03-01-04-02-02-01-20.wav,ravdess,ravdess_actor_20
4204,sad,data/ravdess/Actor_20/03-01-04-02-02-02-20.wav,ravdess,ravdess_actor_20
4205,sad,data/ravdess/Actor_21/03-01-04-01-01-01-21.wav,ravdess,ravdess_actor_21
4206,sad,data/ravdess/Actor_21/03-01-04-01-01-02-21.wav,ravdess,ravdess_actor_21
4207,sad,data/ravdess/Actor_21/03-01-04-01-02-01-21.wav,ravdess,ravdess_actor_21
4208,sad,data/ravdess/Actor_21/03-01-04-01-02-02-21.wav,ravdess,ravdess_actor_21
4209,sad,data/ravdess/Actor_21/03-01-04-02-01-01-21.wav,ravdess,ravdess_actor_21
4210,sad,data/ravdess/Actor_21/03-01-04-02-01-02-21.wav,ravdess,ravdess_actor_21
4211,sad,data/ravdess/Actor_21/03-01-04-02-02-01-21.wav,ravdess,ravdess_actor_21
4212,sad,data/ravdess/Actor_21/03-01-04-02-02-02-21.wav,ravdess,ravdess_actor_21
4213,sad,data/ravdess/Actor_22/03-01-04-01-01-01-22.wav,ravdess,ravdess_actor_22
4214,sad,data/ravdess/Actor_22/03-01-04-01-01-02-22.wav,ravdess,ravdess_actor_22
4215,sad,data/ravdess/Actor_22/03-01-04-01-02-01-22.wav,ravdess,ravdess_actor_22
4216,sad,data/ravdess/Actor_22/03-01-04-01-02-02-22.wav,ravdess,ravdess_actor_22
4217,sad,data/ravdess/Actor_22/03-01-04-02-01-01-22.wav,ravdess,ravdess_actor_22
4218,sad,data/ravdess/Actor_22/03-01-04-02-01-02-22.wav,ravdess,ravdess_actor_22
4219,sad,data/ravdess/Actor_22/03-01-04-02-02-01-22.wav,ravdess,ravdess_actor_22
4220,sad,data/ravdess/Actor_22/03-01-04-02-02-02-22.wav,ravdess,ravdess_actor_22
4221,sad,data/ravdess/Actor_23/03-01-04-01-01-01-23.wav,ravdess,ravdess_actor_23
4222,sad,data/ravdess/Actor_23/03-01-04-01-01-02-23.wav,ravdess,ravdess_actor_23
4223,sad,data/ravdess/Actor_23/03-01-04-01-02-01-23.wav,ravdess,ravdess_actor_23
4224,sad,data/ravdess/Actor_23/03-01-04-01-02-02-23.wav,ravdess,ravdess_actor_23
4225,sad,data/ravdess/Actor_23/03-01-04-02-01-01-23.wav,ravdess,ravdess_actor_23
4226,sad,data/ravdess/Actor_23/03-01-04-02-01-02-23.wav,ravdess,ravdess_actor_23
4227,sad,data/ravdess/Actor_23/03-01-04-02-02-01-23.wav,ravdess,ravdess_actor_23
4228,sad,data/ravdess/Actor_23/03-01-04-02-02-02-23.wav,ravdess,ravdess_actor_23
4229,sad,data/ravdess/Actor_24/03-01-04-01-01-01-24.wav,ravdess,ravdess_actor_24
4230,sad,data/ravdess/Actor_24/03-01-04-01-01-02-24.wav,ravdess,ravdess_actor_24
4231,sad,data/ravdess/Actor_24/03-01-04-01-02-01-24.wav,ravdess,ravdess_actor_24
4232,sad,data/ravdess/Actor_24/03-01-04-01-02-02-24.wav,ravdess,ravdess_actor_24
4233,sad,data/ravdess/Actor_24/03-01-04-02-01-01-24.wav,ravdess,ravdess_actor_24
4234,sad,data/ravdess/Actor_24/03-01-04-02-01-02-24.wav,ravdess,ravdess_actor_24
4235,sad,data/ravdess/Actor_24/03-01-04-02-02-01-24.wav,ravdess,ravdess_actor_24
4236,sad,data/ravdess/Actor_24/03-01-04-02-02-02-24.wav,ravdess,ravdess_actor_24
4237,surprised,data/ravdess/Actor_01/03-01-08-01-01-01-01.wav,ravdess,ravdess_actor_01
4238,surprised,data/ravdess/Actor_01/03-01-08-01-01-02-01.wav,ravdess,ravdess_actor_01
4239,surprised,data/ravdess/Actor_01/03-01-08-01-02-01-01.wav,ravdess,ravdess_actor_01
4240,surprised,data/ravdess/Actor_01/03-01-08-01-02-02-01.wav,ravdess,ravdess_actor_01
4241,surprised,data/ravdess/Actor_01/03-01-08-02-01-01-01.wav,ravdess,ravdess_actor_01
4242,surprised,data/ravdess/Actor_01/03-01-08-02-01-02-01.wav,ravdess,ravdess_actor_01
4243,surprised,data/ravdess/Actor_01/03-01-08-02-02-01-01.wav,ravdess,ravdess_actor_01
4244,surprised,data/ravdess/Actor_01/03-01-08-02-02-02-01.wav,ravdess,ravdess_actor_01
4245,surprised,data/ravdess/Actor_02/03-01-08-01-01-01-02.wav,ravdess,ravdess_actor_02
4246,surprised,data/ravdess/Actor_02/03-01-08-01-01-02-02.wav,ravdess,ravdess_actor_02
4247,surprised,data/ravdess/Actor_02/03-01-08-01-02-01-02.wav,ravdess,ravdess_actor_02
4248,surprised,data/ravdess/Actor_02/03-01-08-01-02-02-02.wav,ravdess,ravdess_actor_02
4249,surprised,data/ravdess/Actor_02/03-01-08-02-01-01-02.wav,ravdess,ravdess_actor_02
4250,surprised,data/ravdess/Actor_02/03-01-08-02-01-02-02.wav,ravdess,ravdess_actor_02
4251,surprised,data/ravdess/Actor_02/03-01-08-02-02-01-02.wav,ravdess,ravdess_actor_02
4252,surprised,data/ravdess/Actor_02/03-01-08-02-02-02-02.wav,ravdess,ravdess_actor_02
4253,surprised,data/ravdess/Actor_03/03-01-08-01-01-01-03.wav,ravdess,ravdess_actor_03
4254,surprised,data/ravdess/Actor_03/03-01-08-01-01-02-03.wav,ravdess,ravdess_actor_03
4255,surprised,data/ravdess/Actor_03/03-01-08-01-02-01-03.wav,ravdess,ravdess_actor_03
4256,surprised,data/ravdess/Actor_03/03-01-08-01-02-02-03.wav,ravdess,ravdess_actor_03
4257,surprised,data/ravdess/Actor_03/03-01-08-02-01-01-03.wav,ravdess,ravdess_actor_03
4258,surprised,data/ravdess/Actor_03/03-01-08-02-01-02-03.wav,ravdess,ravdess_actor_03
4259,surprised,data/ravdess/Actor_03/03-01-08-02-02-01-03.wav,ravdess,ravdess_actor_03
4260,surprised,data/ravdess/Actor_03/03-01-08-02-02-02-03.wav,ravdess,ravdess_actor_03
4261,surprised,data/ravdess/Actor_04/03-01-08-01-01-01-04.wav,ravdess,ravdess_actor_04
4262,surprised,data/ravdess/Actor_04/03-01-08-01-01-02-04.wav,ravdess,ravdess_actor_04
4263,surprised,data/ravdess/Actor_04/03-01-08-01-02-01-04.wav,ravdess,ravdess_actor_04
4264,surprised,data/ravdess/Actor_04/03-01-08-01-02-02-04.wav,ravdess,ravdess_actor_04
4265,surprised,data/ravdess/Actor_04/03-01-08-02-01-01-04.wav,ravdess,ravdess_actor_04
4266,surprised,data/ravdess/Actor_04/03-01-08-02-01-02-04.wav,ravdess,ravdess_actor_04
4267,surprised,data/ravdess/Actor_04/03-01-08-02-02-01-04.wav,ravdess,ravdess_actor_04
4268,surprised,data/ravdess/Actor_04/03-01-08-02-02-02-04.wav,ravdess,ravdess_actor_04
4269,surprised,data/ravdess/Actor_05/03-01-08-01-01-01-05.wav,ravdess,ravdess_actor_05
4270,surprised,data/ravdess/Actor_05/03-01-08-01-01-02-05.wav,ravdess,ravdess_actor_05
4271,surprised,data/ravdess/Actor_05/03-01-08-01-02-01-05.wav,ravdess,ravdess_actor_05
4272,surprised,data/ravdess/Actor_05/03-01-08-01-02-02-05.wav,ravdess,ravdess_actor_05
4273,surprised,data/ravdess/Actor_05/03-01-08-02-01-01-05.wav,ravdess,ravdess_actor_05
4274,surprised,data/ravdess/Actor_05/03-01-08-02-01-02-05.wav,ravdess,ravdess_actor_05
4275,surprised,data/ravdess/Actor_05/03-01-08-02-02-01-05.wav,ravdess,ravdess_actor_05
4276,surprised,data/ravdess/Actor_05/03-01-08-02-02-02-05.wav,ravdess,ravdess_actor_05
4277,surprised,data/ravdess/Actor_06/03-01-08-01-01-01-06.wav,ravdess,ravdess_actor_06
4278,surprised,data/ravdess/Actor_06/03-01-08-01-01-02-06.wav,ravdess,ravdess_actor_06
4279,surprised,data/ravdess/Actor_06/03-01-08-01-02-01-06.wav,ravdess,ravdess_actor_06
4280,surprised,data/ravdess/Actor_06/03-01-08-01-02-02-06.wav,ravdess,ravdess_actor_06
4281,surprised,data/ravdess/Actor_06/03-01-08-02-01-01-06.wav,ravdess,ravdess_actor_06
4282,surprised,data/ravdess/Actor_06/03-01-08-02-01-02-06.wav,ravdess,ravdess_actor_06
4283,surprised,data/ravdess/Actor_06/03-01-08-02-02-01-06.wav,ravdess,ravdess_actor_06
4284,surprised,data/ravdess/Actor_06/03-01-08-02-02-02-06.wav,ravdess,ravdess_actor_06
4285,surprised,data/ravdess/Actor_07/03-01-08-01-01-01-07.wav,ravdess,ravdess_actor_07
4286,surprised,data/ravdess/Actor_07/03-01-08-01-01-02-07.wav,ravdess,ravdess_actor_07
4287,surprised,data/ravdess/Actor_07/03-01-08-01-02-01-07.wav,ravdess,ravdess_actor_07
4288,surprised,data/ravdess/Actor_07/03-01-08-01-02-02-07.wav,ravdess,ravdess_actor_07
4289,surprised,data/ravdess/Actor_07/03-01-08-02-01-01-07.wav,ravdess,ravdess_actor_07
4290,surprised,data/ravdess/Actor_07/03-01-08-02-01-02-07.wav,ravdess,ravdess_actor_07
4291,surprised,data/ravdess/Actor_07/03-01-08-02-02-01-07.wav,ravdess,ravdess_actor_07
4292,surprised,data/ravdess/Actor_07/03-01-08-02-02-02-07.wav,ravdess,ravdess_actor_07
4293,surprised,data/ravdess/Actor_08/03-01-08-01-01-01-08.wav,ravdess,ravdess_actor_08
4294,surprised,data/ravdess/Actor_08/03-01-08-01-01-02-08.wav,ravdess,ravdess_actor_08
4295,surprised,data/ravdess/Actor_08/03-01-08-01-02-01-08.wav,ravdess,ravdess_actor_08
4296,surprised,data/ravdess/Actor_08/03-01-08-01-02-02-08.wav,ravdess,ravdess_actor_08
4297,surprised,data/ravdess/Actor_08/03-01-08-02-01-01-08.wav,ravdess,ravdess_actor_08
4298,surprised,data/ravdess/Actor_08/03-01-08-02-01-02-08.wav,ravdess,ravdess_actor_08
4299,surprised,data/ravdess/Actor_08/03-01-08-02-02-01-08.wav,ravdess,ravdess_actor_08
4300,surprised,data/ravdess/Actor_08/03-01-08-02-02-02-08.wav,ravdess,ravdess_actor_08
4301,surprised,data/ravdess/Actor_09/03-01-08-01-01-01-09.wav,ravdess,ravdess_actor_09
4302,surprised,data/ravdess/Actor_09/03-01-08-01-01-02-09.wav,ravdess,ravdess_actor_09
4303,surprised,data/ravdess/Actor_09/03-01-08-01-02-01-09.wav,ravdess,ravdess_actor_09
4304,surprised,data/ravdess/Actor_09/03-01-08-01-02-02-09.wav,ravdess,ravdess_actor_09
4305,surprised,data/ravdess/Actor_09/03-01-08-02-01-01-09.wav,ravdess,ravdess_actor_09
4306,surprised,data/ravdess/Actor_09/03-01-08-02-01-02-09.wav,ravdess,ravdess_actor_09
4307,surprised,data/ravdess/Actor_09/03-01-08-02-02-01-09.wav,ravdess,ravdess_actor_09
4308,surprised,data/ravdess/Actor_09/03-01-08-02-02-02-09.wav,ravdess,ravdess_actor_09
4309,surprised,data/ravdess/Actor_10/03-01-08-01-01-01-10.wav,ravdess,ravdess_actor_10
4310,surprised,data/ravdess/Actor_10/03-01-08-01-01-02-10.wav,ravdess,ravdess_actor_10
4311,surprised,data/ravdess/Actor_10/03-01-08-01-02-01-10.wav,ravdess,ravdess_actor_10
4312,surprised,data/ravdess/Actor_10/03-01-08-01-02-02-10.wav,ravdess,ravdess_actor_10
4313,surprised,data/ravdess/Actor_10/03-01-08-02-01-01-10.wav,ravdess,ravdess_actor_10
4314,surprised,data/ravdess/Actor_10/03-01-08-02-01-02-10.wav,ravdess,ravdess_actor_10
4315,surprised,data/ravdess/Actor_10/03-01-08-02-02-01-10.wav,ravdess,ravdess_actor_10
4316,surprised,data/ravdess/Actor_10/03-01-08-02-02-02-10.wav,ravdess,ravdess_actor_10
4317,surprised,data/ravdess/Actor_11/03-01-08-01-01-01-11.wav,ravdess,ravdess_actor_11
4318,surprised,data/ravdess/Actor_11/03-01-08-01-01-02-11.wav,ravdess,ravdess_actor_11
4319,surprised,data/ravdess/Actor_11/03-01-08-01-02-01-11.wav,ravdess,ravdess_actor_11
4320,surprised,data/ravdess/Actor_11/03-01-08-01-02-02-11.wav,ravdess,ravdess_actor_11
4321,surprised,data/ravdess/Actor_11/03-01-08-02-01-01-11.wav,ravdess,ravdess_actor_11
4322,surprised,data/ravdess/Actor_11/03-01-08-02-01-02-11.wav,ravdess,ravdess_actor_11
4323,surprised,data/ravdess/Actor_11/03-01-08-02-02-01-11.wav,ravdess,ravdess_actor_11
4324,surprised,data/ravdess/Actor_11/03-01-08-02-02-02-11.wav,ravdess,ravdess_actor_11
4325,surprised,data/ravdess/Actor_12/03-01-08-01-01-01-12.wav,ravdess,ravdess_actor_12
4326,surprised,data/ravdess/Actor_12/03-01-08-01-01-02-12.wav,ravdess,ravdess_actor_12
4327,surprised,data/ravdess/Actor_12/03-01-08-01-02-01-12.wav,ravdess,ravdess_actor_12
4328,surprised,data/ravdess/Actor_12/03-01-08-01-02-02-12.wav,ravdess,ravdess_actor_12
4329,surprised,data/ravdess/Actor_12/03-01-08-02-01-01-12.wav,ravdess,ravdess_actor_12
4330,surprised,data/ravdess/Actor_12/03-01-08-02-01-02-12.wav,ravdess,ravdess_actor_12
4331,surprised,data/ravdess/Actor_12/03-01-08-02-02-01-12.wav,ravdess,ravdess_actor_12
4332,surprised,data/ravdess/Actor_12/03-01-08-02-02-02-12.wav,ravdess,ravdess_actor_12
4333,surprised,data/ravdess/Actor_13/03-01-08-01-01-01-13.wav,ravdess,ravdess_actor_13
4334,surprised,data/ravdess/Actor_13/03-01-08-01-01-02-13.wav,ravdess,ravdess_actor_13
4335,surprised,data/ravdess/Actor_13/03-01-08-01-02-01-13.wav,ravdess,ravdess_actor_13
4336,surprised,data/ravdess/Actor_13/03-01-08-01-02-02-13.wav,ravdess,ravdess_actor_13
4337,surprised,data/ravdess/Actor_13/03-01-08-02-01-01-13.wav,ravdess,ravdess_actor_13
4338,surprised,data/ravdess/Actor_13/03-01-08-02-01-02-13.wav,ravdess,ravdess_actor_13
4339,surprised,data/ravdess/Actor_13/03-01-08-02-02-01-13.wav,ravdess,ravdess_actor_13
4340,surprised,data/ravdess/Actor_13/03-01-08-02-02-02-13.wav,ravdess,ravdess_actor_13
4341,surprised,data/ravdess/Actor_14/03-01-08-01-01-01-14.wav,ravdess,ravdess_actor_14
4342,surprised,data/ravdess/Actor_14/03-01-08-01-01-02-14.wav,ravdess,ravdess_actor_14
4343,surprised,data/ravdess/Actor_14/03-01-08-01-02-01-14.wav,ravdess,ravdess_actor_14
4344,surprised,data/ravdess/Actor_14/03-01-08-01-02-02-14.wav,ravdess,ravdess_actor_14
4345,surprised,data/ravdess/Actor_14/03-01-08-02-01-01-14.wav,ravdess,ravdess_actor_14
4346,surprised,data/ravdess/Actor_14/03-01-08-02-01-02-14.wav,ravdess,ravdess_actor_14
4347,surprised,data/ravdess/Actor_14/03-01-08-02-02-01-14.wav,ravdess,ravdess_actor_14
4348,surprised,data/ravdess/Actor_14/03-01-08-02-02-02-14.wav,ravdess,ravdess_actor_14
4349,surprised,data/ravdess/Actor_15/03-01-08-01-01-01-15.wav,ravdess,ravdess_actor_15
4350,surprised,data/ravdess/Actor_15/03-01-08-01-01-02-15.wav,ravdess,ravdess_actor_15
4351,surprised,data/ravdess/Actor_15/03-01-08-01-02-01-15.wav,ravdess,ravdess_actor_15
4352,surprised,data/ravdess/Actor_15/03-01-08-01-02-02-15.wav,ravdess,ravdess_actor_15
4353,surprised,data/ravdess/Actor_15/03-01-08-02-01-01-15.wav,ravdess,ravdess_actor_15
4354,surprised,data/ravdess/Actor_15/03-01-08-02-01-02-15.wav,ravdess,ravdess_actor_15
4355,surprised,data/ravdess/Actor_15/03-01-08-02-02-01-15.wav,ravdess,ravdess_actor_15
4356,surprised,data/ravdess/Actor_15/03-01-08-02-02-02-15.wav,ravdess,ravdess_actor_15
4357,surprised,data/ravdess/Actor_16/03-01-08-01-01-01-16.wav,ravdess,ravdess_actor_16
4358,surprised,data/ravdess/Actor_16/03-01-08-01-01-02-16.wav,ravdess,ravdess_actor_16
4359,surprised,data/ravdess/Actor_16/03-01-08-01-02-01-16.wav,ravdess,ravdess_actor_16
4360,surprised,data/ravdess/Actor_16/03-01-08-01-02-02-16.wav,ravdess,ravdess_actor_16
4361,surprised,data/ravdess/Actor_16/03-01-08-02-01-01-16.wav,ravdess,ravdess_actor_16
4362,surprised,data/ravdess/Actor_16/03-01-08-02-01-02-16.wav,ravdess,ravdess_actor_16
4363,surprised,data/ravdess/Actor_16/03-01-08-02-02-01-16.wav,ravdess,ravdess_actor_16
4364,surprised,data/ravdess/Actor_16/03-01-08-02-02-02-16.wav,ravdess,ravdess_actor_16
4365,surprised,data/ravdess/Actor_17/03-01-08-01-01-01-17.wav,ravdess,ravdess_actor_17
4366,surprised,data/ravdess/Actor_17/03-01-08-01-01-02-17.wav,ravdess,ravdess_actor_17
4367,surprised,data/ravdess/Actor_17/03-01-08-01-02-01-17.wav,ravdess,ravdess_actor_17
4368,surprised,data/ravdess/Actor_17/03-01-08-01-02-02-17.wav,ravdess,ravdess_actor_17
4369,surprised,data/ravdess/Actor_17/03-01-08-02-01-01-17.wav,ravdess,ravdess_actor_17
4370,surprised,data/ravdess/Actor_17/03-01-08-02-01-02-17.wav,ravdess,ravdess_actor_17
4371,surprised,data/ravdess/Actor_17/03-01-08-02-02-01-17.wav,ravdess,ravdess_actor_17
4372,surprised,data/ravdess/Actor_17/03-01-08-02-02-02-17.wav,ravdess,ravdess_actor_17
4373,surprised,data/ravdess/Actor_18/03-01-08-01-01-01-18.wav,ravdess,ravdess_actor_18
4374,surprised,data/ravdess/Actor_18/03-01-08-01-01-02-18.wav,ravdess,ravdess_actor_18
4375,surprised,data/ravdess/Actor_18/03-01-08-01-02-01-18.wav,ravdess,ravdess_actor_18
4376,surprised,data/ravdess/Actor_18/03-01-08-01-02-02-18.wav,ravdess,ravdess_actor_18
4377,surprised,data/ravdess/Actor_18/03-01-08-02-01-01-18.wav,ravdess,ravdess_actor_18
4378,surprised,data/ravdess/Actor_18/03-01-08-02-01-02-18.wav,ravdess,ravdess_actor_18
4379,surprised,data/ravdess/Actor_18/03-01-08-02-02-01-18.wav,ravdess,ravdess_actor_18
4380,surprised,data/ravdess/Actor_18/03-01-08-02-02-02-18.wav,ravdess,ravdess_actor_18
4381,surprised,data/ravdess/Actor_19/03-01-08-01-01-01-19.wav,ravdess,ravdess_actor_19
4382,surprised,data/ravdess/Actor_19/03-01-08-01-01-02-19.wav,ravdess,ravdess_actor_19
4383,surprised,data/ravdess/Actor_19/03-01-08-01-02-01-19.wav,ravdess,ravdess_actor_19
4384,surprised,data/ravdess/Actor_19/03-01-08-01-02-02-19.wav,ravdess,ravdess_actor_19
4385,surprised,data/ravdess/Actor_19/03-01-08-02-01-01-19.wav,ravdess,ravdess_actor_19
4386,surprised,data/ravdess/Actor_19/03-01-08-02-01-02-19.wav,ravdess,ravdess_actor_19
4387,surprised,data/ravdess/Actor_19/03-01-08-02-02-01-19.wav,ravdess,ravdess_actor_19
4388,surprised,data/ravdess/Actor_19/03-01-08-02-02-02-19.wav,ravdess,ravdess_actor_19
4389,surprised,data/ravdess/Actor_20/03-01-08-01-01-01-20.wav,ravdess,ravdess_actor_20
4390,surprised,data/ravdess/Actor_20/03-01-08-01-01-02-20.wav,ravdess,ravdess_actor_20
4391,surprised,data/ravdess/Actor_20/03-01-08-01-02-01-20.wav,ravdess,ravdess_actor_20
4392,surprised,data/ravdess/Actor_20/03-01-08-01-02-02-20.wav,ravdess,ravdess_actor_20
4393,surprised,data/ravdess/Actor_20/03-01-08-02-01-01-20.wav,ravdess,ravdess_actor_20
4394,surprised,data/ravdess/Actor_20/03-01-08-02-01-02-20.wav,ravdess,ravdess_actor_20
4395,surprised,data/ravdess/Actor_20/03-01-08-02-02-01-20.wav,ravdess,ravdess_actor_20
4396,surprised,data/ravdess/Actor_20/03-01-08-02-02-02-20.wav,ravdess,ravdess_actor_20
4397,surprised,data/ravdess/Actor_21/03-01-08-01-01-01-21.wav,ravdess,ravdess_actor_21
4398,surprised,data/ravdess/Actor_21/03-01-08-01-01-02-21.wav,ravdess,ravdess_actor_21
4399,surprised,data/ravdess/Actor_21/03-01-08-01-02-01-21.wav,ravdess,ravdess_actor_21
4400,surprised,data/ravdess/Actor_21/03-01-08-01-02-02-21.wav,ravdess,ravdess_actor_21
4401,surprised,data/ravdess/Actor_21/03-01-08-02-01-01-21.wav,ravdess,ravdess_actor_21
4402,surprised,data/ravdess/Actor_21/03-01-08-02-01-02-21.wav,ravdess,ravdess_actor_21
4403,surprised,data/ravdess/Actor_21/03-01-08-02-02-01-21.wav,ravdess,ravdess_actor_21
4404,surprised,data/ravdess/Actor_21/03-01-08-02-02-02-21.wav,ravdess,ravdess_actor_21
4405,surprised,data/ravdess/Actor_22/03-01-08-01-01-01-22.wav,ravdess,ravdess_actor_22
4406,surprised,data/ravdess/Actor_22/03-01-08-01-01-02-22.wav,ravdess,ravdess_actor_22
4407,surprised,data/ravdess/Actor_22/03-01-08-01-02-01-22.wav,ravdess,ravdess_actor_22
4408,surprised,data/ravdess/Actor_22/03-01-08-01-02-02-22.wav,ravdess,ravdess_actor_22
4409,surprised,data/ravdess/Actor_22/03-01-08-02-01-01-22.wav,ravdess,ravdess_actor_22
4410,surprised,data/ravdess/Actor_22/03-01-08-02-01-02-22.wav,ravdess,ravdess_actor_22
4411,surprised,data/ravdess/Actor_22/03-01-08-02-02-01-22.wav,ravdess,ravdess_actor_22
4412,surprised,data/ravdess/Actor_22/03-01-08-02-02-02-22.wav,ravdess,ravdess_actor_22
4413,surprised,data/ravdess/Actor_23/03-01-08-01-01-01-23.wav,ravdess,ravdess_actor_23
4414,surprised,data/ravdess/Actor_23/03-01-08-01-01-02-23.wav,ravdess,ravdess_actor_23
4415,surprised,data/ravdess/Actor_23/03-01-08-01-02-01-23.wav,ravdess,ravdess_actor_23
4416,surprised,data/ravdess/Actor_23/03-01-08-01-02-02-23.wav,ravdess,ravdess_actor_23
4417,surprised,data/ravdess/Actor_23/03-01-08-02-01-01-23.wav,ravdess,ravdess_actor_23
4418,surprised,data/ravdess/Actor_23/03-01-08-02-01-02-23.wav,ravdess,ravdess_actor_23
4419,surprised,data/ravdess/Actor_23/03-01-08-02-02-01-23.wav,ravdess,ravdess_actor_23
4420,surprised,data/ravdess/Actor_23/03-01-08-02-02-02-23.wav,ravdess,ravdess_actor_23
4421,surprised,data/ravdess/Actor_24/03-01-08-01-01-01-24.wav,ravdess,ravdess_actor_24
4422,surprised,data/ravdess/Actor_24/03-01-08-01-01-02-24.wav,ravdess,ravdess_actor_24
4423,surprised,data/ravdess/Actor_24/03-01-08-01-02-01-24.wav,ravdess,ravdess_actor_24
4424,surprised,data/ravdess/Actor_24/03-01-08-01-02-02-24.wav,ravdess,ravdess_actor_24
4425,surprised,data/ravdess/Actor_24/03-01-08-02-01-01-24.wav,ravdess,ravdess_actor_24
4426,surprised,data/ravdess/Actor_24/03-01-08-02-01-02-24.wav,ravdess,ravdess_actor_24
4427,surprised,data/ravdess/Actor_24/03-01-08-02-02-01-24.wav,ravdess,ravdess_actor_24
4428,surprised,data/ravdess/Actor_24/03-01-08-02-02-02-24.wav,ravdess,ravdess_actor_24
4429,angry,data/tess/OAF_angry/OAF_back_angry.wav,tess,tess_OAF
4430,angry,data/tess/OAF_angry/OAF_bar_angry.wav,tess,tess_OAF
4431,angry,data/tess/OAF_angry/OAF_base_angry.wav,tess,tess_OAF
4432,angry,data/tess/OAF_angry/OAF_bath_angry.wav,tess,tess_OAF
4433,angry,data/tess/OAF_angry/OAF_bean_angry.wav,tess,tess_OAF
4434,angry,data/tess/OAF_angry/OAF_beg_angry.wav,tess,tess_OAF
4435,angry,data/tess/OAF_angry/OAF_bite_angry.wav,tess,tess_OAF
4436,angry,data/tess/OAF_angry/OAF_boat_angry.wav,tess,tess_OAF
4437,angry,data/tess/OAF_angry/OAF_bone_angry.wav,tess,tess_OAF
4438,angry,data/tess/OAF_angry/OAF_book_angry.wav,tess,tess_OAF
4439,angry,data/tess/OAF_angry/OAF_bought_angry.wav,tess,tess_OAF
4440,angry,data/tess/OAF_angry/OAF_burn_angry.wav,tess,tess_OAF
4441,angry,data/tess/OAF_angry/OAF_cab_angry.wav,tess,tess_OAF
4442,angry,data/tess/OAF_angry/OAF_calm_angry.wav,tess,tess_OAF
4443,angry,data/tess/OAF_angry/OAF_came_angry.wav,tess,tess_OAF
4444,angry,data/tess/OAF_angry/OAF_cause_angry.wav,tess,tess_OAF
4445,angry,data/tess/OAF_angry/OAF_chain_angry.wav,tess,tess_OAF
4446,angry,data/tess/OAF_angry/OAF_chair_angry.wav,tess,tess_OAF
4447,angry,data/tess/OAF_angry/OAF_chalk_angry.wav,tess,tess_OAF
4448,angry,data/tess/OAF_angry/OAF_chat_angry.wav,tess,tess_OAF
4449,angry,data/tess/OAF_angry/OAF_check_angry.wav,tess,tess_OAF
4450,angry,data/tess/OAF_angry/OAF_cheek_angry.wav,tess,tess_OAF
4451,angry,data/tess/OAF_angry/OAF_chief_angry.wav,tess,tess_OAF
4452,angry,data/tess/OAF_angry/OAF_choice_angry.wav,tess,tess_OAF
4453,angry,data/tess/OAF_angry/OAF_cool_angry.wav,tess,tess_OAF
4454,angry,data/tess/OAF_angry/OAF_dab_angry.wav,tess,tess_OAF
4455,angry,data/tess/OAF_angry/OAF_date_angry.wav,tess,tess_OAF
4456,angry,data/tess/OAF_angry/OAF_dead_angry.wav,tess,tess_OAF
4457,angry,data/tess/OAF_angry/OAF_death_angry.wav,tess,tess_OAF
4458,angry,data/tess/OAF_angry/OAF_deep_angry.wav,tess,tess_OAF
4459,angry,data/tess/OAF_angry/OAF_dime_angry.wav,tess,tess_OAF
4460,angry,data/tess/OAF_angry/OAF_dip_angry.wav,tess,tess_OAF
4461,angry,data/tess/OAF_angry/OAF_ditch_angry.wav,tess,tess_OAF
4462,angry,data/tess/OAF_angry/OAF_dodge_angry.wav,tess,tess_OAF
4463,angry,data/tess/OAF_angry/OAF_dog_angry.wav,tess,tess_OAF
4464,angry,data/tess/OAF_angry/OAF_doll_angry.wav,tess,tess_OAF
4465,angry,data/tess/OAF_angry/OAF_door_angry.wav,tess,tess_OAF
4466,angry,data/tess/OAF_angry/OAF_fail_angry.wav,tess,tess_OAF
4467,angry,data/tess/OAF_angry/OAF_fall_angry.wav,tess,tess_OAF
4468,angry,data/tess/OAF_angry/OAF_far_angry.wav,tess,tess_OAF
4469,angry,data/tess/OAF_angry/OAF_fat_angry.wav,tess,tess_OAF
4470,angry,data/tess/OAF_angry/OAF_fit_angry.wav,tess,tess_OAF
4471,angry,data/tess/OAF_angry/OAF_five_angry.wav,tess,tess_OAF
4472,angry,data/tess/OAF_angry/OAF_food_angry.wav,tess,tess_OAF
4473,angry,data/tess/OAF_angry/OAF_gap_angry.wav,tess,tess_OAF
4474,angry,data/tess/OAF_angry/OAF_gas_angry.wav,tess,tess_OAF
4475,angry,data/tess/OAF_angry/OAF_gaze_angry.wav,tess,tess_OAF
4476,angry,data/tess/OAF_angry/OAF_germ_angry.wav,tess,tess_OAF
4477,angry,data/tess/OAF_angry/OAF_get_angry.wav,tess,tess_OAF
4478,angry,data/tess/OAF_angry/OAF_gin_angry.wav,tess,tess_OAF
4479,angry,data/tess/OAF_angry/OAF_goal_angry.wav,tess,tess_OAF
4480,angry,data/tess/OAF_angry/OAF_good_angry.wav,tess,tess_OAF
4481,angry,data/tess/OAF_angry/OAF_goose_angry.wav,tess,tess_OAF
4482,angry,data/tess/OAF_angry/OAF_gun_angry.wav,tess,tess_OAF
4483,angry,data/tess/OAF_angry/OAF_half_angry.wav,tess,tess_OAF
4484,angry,data/tess/OAF_angry/OAF_hall_angry.wav,tess,tess_OAF
4485,angry,data/tess/OAF_angry/OAF_hash_angry.wav,tess,tess_OAF
4486,angry,data/tess/OAF_angry/OAF_hate_angry.wav,tess,tess_OAF
4487,angry,data/tess/OAF_angry/OAF_have_angry.wav,tess,tess_OAF
4488,angry,data/tess/OAF_angry/OAF_haze_angry.wav,tess,tess_OAF
4489,angry,data/tess/OAF_angry/OAF_hire_angry.wav,tess,tess_OAF
4490,angry,data/tess/OAF_angry/OAF_hit_angry.wav,tess,tess_OAF
4491,angry,data/tess/OAF_angry/OAF_hole_angry.wav,tess,tess_OAF
4492,angry,data/tess/OAF_angry/OAF_home_angry.wav,tess,tess_OAF
4493,angry,data/tess/OAF_angry/OAF_hurl_angry.wav,tess,tess_OAF
4494,angry,data/tess/OAF_angry/OAF_hush_angry.wav,tess,tess_OAF
4495,angry,data/tess/OAF_angry/OAF_jail_angry.wav,tess,tess_OAF
4496,angry,data/tess/OAF_angry/OAF_jar_angry.wav,tess,tess_OAF
4497,angry,data/tess/OAF_angry/OAF_join_angry.wav,tess,tess_OAF
4498,angry,data/tess/OAF_angry/OAF_judge_angry.wav,tess,tess_OAF
4499,angry,data/tess/OAF_angry/OAF_jug_angry.wav,tess,tess_OAF
4500,angry,data/tess/OAF_angry/OAF_juice_angry.wav,tess,tess_OAF
4501,angry,data/tess/OAF_angry/OAF_keen_angry.wav,tess,tess_OAF
4502,angry,data/tess/OAF_angry/OAF_keep_angry.wav,tess,tess_OAF
4503,angry,data/tess/OAF_angry/OAF_keg_angry.wav,tess,tess_OAF
4504,angry,data/tess/OAF_angry/OAF_kick_angry.wav,tess,tess_OAF
4505,angry,data/tess/OAF_angry/OAF_kill_angry.wav,tess,tess_OAF
4506,angry,data/tess/OAF_angry/OAF_king_angry.wav,tess,tess_OAF
4507,angry,data/tess/OAF_angry/OAF_kite_angry.wav,tess,tess_OAF
4508,angry,data/tess/OAF_angry/OAF_knock_angry.wav,tess,tess_OAF
4509,angry,data/tess/OAF_angry/OAF_late_angry.wav,tess,tess_OAF
4510,angry,data/tess/OAF_angry/OAF_laud_angry.wav,tess,tess_OAF
4511,angry,data/tess/OAF_angry/OAF_lean_angry.wav,tess,tess_OAF
4512,angry,data/tess/OAF_angry/OAF_learn_angry.wav,tess,tess_OAF
4513,angry,data/tess/OAF_angry/OAF_lease_angry.wav,tess,tess_OAF
4514,angry,data/tess/OAF_angry/OAF_lid_angry.wav,tess,tess_OAF
4515,angry,data/tess/OAF_angry/OAF_life_angry.wav,tess,tess_OAF
4516,angry,data/tess/OAF_angry/OAF_limb_angry.wav,tess,tess_OAF
4517,angry,data/tess/OAF_angry/OAF_live_angry.wav,tess,tess_OAF
4518,angry,data/tess/OAF_angry/OAF_loaf_angry.wav,tess,tess_OAF
4519,angry,data/tess/OAF_angry/OAF_long_angry.wav,tess,tess_OAF
4520,angry,data/tess/OAF_angry/OAF_lore_angry.wav,tess,tess_OAF
4521,angry,data/tess/OAF_angry/OAF_lose_angry.wav,tess,tess_OAF
4522,angry,data/tess/OAF_angry/OAF_lot_angry.wav,tess,tess_OAF
4523,angry,data/tess/OAF_angry/OAF_love_angry.wav,tess,tess_OAF
4524,angry,data/tess/OAF_angry/OAF_luck_angry.wav,tess,tess_OAF
4525,angry,data/tess/OAF_angry/OAF_make_angry.wav,tess,tess_OAF
4526,angry,data/tess/OAF_angry/OAF_match_angry.wav,tess,tess_OAF
4527,angry,data/tess/OAF_angry/OAF_merge_angry.wav,tess,tess_OAF
4528,angry,data/tess/OAF_angry/OAF_mess_angry.wav,tess,tess_OAF
4529,angry,data/tess/OAF_angry/OAF_met_angry.wav,tess,tess_OAF
4530,angry,data/tess/OAF_angry/OAF_mill_angry.wav,tess,tess_OAF
4531,angry,data/tess/OAF_angry/OAF_mob_angry.wav,tess,tess_OAF
4532,angry,data/tess/OAF_angry/OAF_mode_angry.wav,tess,tess_OAF
4533,angry,data/tess/OAF_angry/OAF_mood_angry.wav,tess,tess_OAF
4534,angry,data/tess/OAF_angry/OAF_moon_angry.wav,tess,tess_OAF
4535,angry,data/tess/OAF_angry/OAF_mop_angry.wav,tess,tess_OAF
4536,angry,data/tess/OAF_angry/OAF_mouse_angry.wav,tess,tess_OAF
4537,angry,data/tess/OAF_angry/OAF_nag_angry.wav,tess,tess_OAF
4538,angry,data/tess/OAF_angry/OAF_name_angry.wav,tess,tess_OAF
4539,angry,data/tess/OAF_angry/OAF_near_angry.wav,tess,tess_OAF
4540,angry,data/tess/OAF_angry/OAF_neat_angry.wav,tess,tess_OAF
4541,angry,data/tess/OAF_angry/OAF_nice_angry.wav,tess,tess_OAF
4542,angry,data/tess/OAF_angry/OAF_note_angry.wav,tess,tess_OAF
4543,angry,data/tess/OAF_angry/OAF_numb_angry.wav,tess,tess_OAF
4544,angry,data/tess/OAF_angry/OAF_pad_angry.wav,tess,tess_OAF
4545,angry,data/tess/OAF_angry/OAF_page_angry.wav,tess,tess_OAF
4546,angry,data/tess/OAF_angry/OAF_pain_angry.wav,tess,tess_OAF
4547,angry,data/tess/OAF_angry/OAF_pass_angry.wav,tess,tess_OAF
4548,angry,data/tess/OAF_angry/OAF_pearl_angry.wav,tess,tess_OAF
4549,angry,data/tess/OAF_angry/OAF_peg_angry.wav,tess,tess_OAF
4550,angry,data/tess/OAF_angry/OAF_perch_angry.wav,tess,tess_OAF
4551,angry,data/tess/OAF_angry/OAF_phone_angry.wav,tess,tess_OAF
4552,angry,data/tess/OAF_angry/OAF_pick_angry.wav,tess,tess_OAF
4553,angry,data/tess/OAF_angry/OAF_pike_angry.wav,tess,tess_OAF
4554,angry,data/tess/OAF_angry/OAF_pole_angry.wav,tess,tess_OAF
4555,angry,data/tess/OAF_angry/OAF_pool_angry.wav,tess,tess_OAF
4556,angry,data/tess/OAF_angry/OAF_puff_angry.wav,tess,tess_OAF
4557,angry,data/tess/OAF_angry/OAF_rag_angry.wav,tess,tess_OAF
4558,angry,data/tess/OAF_angry/OAF_raid_angry.wav,tess,tess_OAF
4559,angry,data/tess/OAF_angry/OAF_rain_angry.wav,tess,tess_OAF
4560,angry,data/tess/OAF_angry/OAF_raise_angry.wav,tess,tess_OAF
4561,angry,data/tess/OAF_angry/OAF_rat_angry.wav,tess,tess_OAF
4562,angry,data/tess/OAF_angry/OAF_reach_angry.wav,tess,tess_OAF
4563,angry,data/tess/OAF_angry/OAF_read_angry.wav,tess,tess_OAF
4564,angry,data/tess/OAF_angry/OAF_red_angry.wav,tess,tess_OAF
4565,angry,data/tess/OAF_angry/OAF_ring_angry.wav,tess,tess_OAF
4566,angry,data/tess/OAF_angry/OAF_ripe_angry.wav,tess,tess_OAF
4567,angry,data/tess/OAF_angry/OAF_road_angry.wav,tess,tess_OAF
4568,angry,data/tess/OAF_angry/OAF_room_angry.wav,tess,tess_OAF
4569,angry,data/tess/OAF_angry/OAF_rose_angry.wav,tess,tess_OAF
4570,angry,data/tess/OAF_angry/OAF_rot_angry.wav,tess,tess_OAF
4571,angry,data/tess/OAF_angry/OAF_rough_angry.wav,tess,tess_OAF
4572,angry,data/tess/OAF_angry/OAF_rush_angry.wav,tess,tess_OAF
4573,angry,data/tess/OAF_angry/OAF_said_angry.wav,tess,tess_OAF
4574,angry,data/tess/OAF_angry/OAF_sail_angry.wav,tess,tess_OAF
4575,angry,data/tess/OAF_angry/OAF_search_angry.wav,tess,tess_OAF
4576,angry,data/tess/OAF_angry/OAF_seize_angry.wav,tess,tess_OAF
4577,angry,data/tess/OAF_angry/OAF_sell_angry.wav,tess,tess_OAF
4578,angry,data/tess/OAF_angry/OAF_shack_angry.wav,tess,tess_OAF
4579,angry,data/tess/OAF_angry/OAF_shall_angry.wav,tess,tess_OAF
4580,angry,data/tess/OAF_angry/OAF_shawl_angry.wav,tess,tess_OAF
4581,angry,data/tess/OAF_angry/OAF_sheep_angry.wav,tess,tess_OAF
4582,angry,data/tess/OAF_angry/OAF_shirt_angry.wav,tess,tess_OAF
4583,angry,data/tess/OAF_angry/OAF_should_angry.wav,tess,tess_OAF
4584,angry,data/tess/OAF_angry/OAF_shout_angry.wav,tess,tess_OAF
4585,angry,data/tess/OAF_angry/OAF_size_angry.wav,tess,tess_OAF
4586,angry,data/tess/OAF_angry/OAF_soap_angry.wav,tess,tess_OAF
4587,angry,data/tess/OAF_angry/OAF_soup_angry.wav,tess,tess_OAF
4588,angry,data/tess/OAF_angry/OAF_sour_angry.wav,tess,tess_OAF
4589,angry,data/tess/OAF_angry/OAF_south_angry.wav,tess,tess_OAF
4590,angry,data/tess/OAF_angry/OAF_sub_angry.wav,tess,tess_OAF
4591,angry,data/tess/OAF_angry/OAF_such_angry.wav,tess,tess_OAF
4592,angry,data/tess/OAF_angry/OAF_sure_angry.wav,tess,tess_OAF
4593,angry,data/tess/OAF_angry/OAF_take_angry.wav,tess,tess_OAF
4594,angry,data/tess/OAF_angry/OAF_talk_angry.wav,tess,tess_OAF
4595,angry,data/tess/OAF_angry/OAF_tape_angry.wav,tess,tess_OAF
4596,angry,data/tess/OAF_angry/OAF_team_angry.wav,tess,tess_OAF
4597,angry,data/tess/OAF_angry/OAF_tell_angry.wav,tess,tess_OAF
4598,angry,data/tess/OAF_angry/OAF_thin_angry.wav,tess,tess_OAF
4599,angry,data/tess/OAF_angry/OAF_third_angry.wav,tess,tess_OAF
4600,angry,data/tess/OAF_angry/OAF_thought_angry.wav,tess,tess_OAF
4601,angry,data/tess/OAF_angry/OAF_thumb_angry.wav,tess,tess_OAF
4602,angry,data/tess/OAF_angry/OAF_time_angry.wav,tess,tess_OAF
4603,angry,data/tess/OAF_angry/OAF_tip_angry.wav,tess,tess_OAF
4604,angry,data/tess/OAF_angry/OAF_tire_angry.wav,tess,tess_OAF
4605,angry,data/tess/OAF_angry/OAF_ton_angry.wav,tess,tess_OAF
4606,angry,data/tess/OAF_angry/OAF_tool_angry.wav,tess,tess_OAF
4607,angry,data/tess/OAF_angry/OAF_tough_angry.wav,tess,tess_OAF
4608,angry,data/tess/OAF_angry/OAF_turn_angry.wav,tess,tess_OAF
4609,angry,data/tess/OAF_angry/OAF_vine_angry.wav,tess,tess_OAF
4610,angry,data/tess/OAF_angry/OAF_voice_angry.wav,tess,tess_OAF
4611,angry,data/tess/OAF_angry/OAF_void_angry.wav,tess,tess_OAF
4612,angry,data/tess/OAF_angry/OAF_vote_angry.wav,tess,tess_OAF
4613,angry,data/tess/OAF_angry/OAF_wag_angry.wav,tess,tess_OAF
4614,angry,data/tess/OAF_angry/OAF_walk_angry.wav,tess,tess_OAF
4615,angry,data/tess/OAF_angry/OAF_wash_angry.wav,tess,tess_OAF
4616,angry,data/tess/OAF_angry/OAF_week_angry.wav,tess,tess_OAF
4617,angry,data/tess/OAF_angry/OAF_wheat_angry.wav,tess,tess_OAF
4618,angry,data/tess/OAF_angry/OAF_when_angry.wav,tess,tess_OAF
4619,angry,data/tess/OAF_angry/OAF_which_angry.wav,tess,tess_OAF
4620,angry,data/tess/OAF_angry/OAF_whip_angry.wav,tess,tess_OAF
4621,angry,data/tess/OAF_angry/OAF_white_angry.wav,tess,tess_OAF
4622,angry,data/tess/OAF_angry/OAF_wife_angry.wav,tess,tess_OAF
4623,angry,data/tess/OAF_angry/OAF_wire_angry.wav,tess,tess_OAF
4624,angry,data/tess/OAF_angry/OAF_witch_angry.wav,tess,tess_OAF
4625,angry,data/tess/OAF_angry/OAF_yearn_angry.wav,tess,tess_OAF
4626,angry,data/tess/OAF_angry/OAF_yes_angry.wav,tess,tess_OAF
4627,angry,data/tess/OAF_angry/OAF_young_angry.wav,tess,tess_OAF
4628,angry,data/tess/OAF_angry/OAF_youth_angry.wav,tess,tess_OAF
4629,angry,data/tess/TESS Toronto emotional speech set data/OAF_angry/OAF_back_angry.wav,tess,tess_OAF
4630,angry,data/tess/TESS Toronto emotional speech set data/OAF_angry/OAF_bar_angry.wav,tess,tess_OAF
4631,angry,data/tess/TESS Toronto emotional speech set data/OAF_angry/OAF_base_angry.wav,tess,tess_OAF
4632,angry,data/tess/TESS Toronto emotional speech set data/OAF_angry/OAF_bath_angry.wav,tess,tess_OAF
4633,angry,data/tess/TESS Toronto emotional speech set data/OAF_angry/OAF_bean_angry.wav,tess,tess_OAF
4634,angry,data/tess/TESS Toronto emotional speech set data/OAF_angry/OAF_beg_angry.wav,tess,tess_OAF
4635,angry,data/tess/TESS Toronto emotional speech set data/OAF_angry/OAF_bite_angry.wav,tess,tess_OAF
4636,angry,data/tess/TESS Toronto emotional speech set data/OAF_angry/OAF_boat_angry.wav,tess,tess_OAF
4637,angry,data/tess/TESS Toronto emotional speech set data/OAF_angry/OAF_bone_angry.wav,tess,tess_OAF
4638,angry,data/tess/TESS Toronto emotional speech set data/OAF_angry/OAF_book_angry.wav,tess,tess_OAF
4639,angry,data/tess/TESS Toronto emotional speech set data/OAF_angry/OAF_bought_angry.wav,tess,tess_OAF
4640,angry,data/tess/TESS Toronto emotional speech set data/OAF_angry/OAF_burn_angry.wav,tess,tess_OAF
4641,angry,data/tess/TESS Toronto emotional speech set data/OAF_angry/OAF_cab_angry.wav,tess,tess_OAF
4642,angry,data/tess/TESS Toronto emotional speech set data/OAF_angry/OAF_calm_angry.wav,tess,tess_OAF
4643,angry,data/tess/TESS Toronto emotional speech set data/OAF_angry/OAF_came_angry.wav,tess,tess_OAF
4644,angry,data/tess/TESS Toronto emotional speech set data/OAF_angry/OAF_cause_angry.wav,tess,tess_OAF
4645,angry,data/tess/TESS Toronto emotional speech set data/OAF_angry/OAF_chain_angry.wav,tess,tess_OAF
4646,angry,data/tess/TESS Toronto emotional speech set data/OAF_angry/OAF_chair_angry.wav,tess,tess_OAF
4647,angry,data/tess/TESS Toronto emotional speech set data/OAF_angry/OAF_chalk_angry.wav,tess,tess_OAF
4648,angry,data/tess/TESS Toronto emotional speech set data/OAF_angry/OAF_chat_angry.wav,tess,tess_OAF
4649,angry,data/tess/TESS Toronto emotional speech set data/OAF_angry/OAF_check_angry.wav,tess,tess_OAF
4650,angry,data/tess/TESS Toronto emotional speech set data/OAF_angry/OAF_cheek_angry.wav,tess,tess_OAF
4651,angry,data/tess/TESS Toronto emotional speech set data/OAF_angry/OAF_chief_angry.wav,tess,tess_OAF
4652,angry,data/tess/TESS Toronto emotional speech set data/OAF_angry/OAF_choice_angry.wav,tess,tess_OAF
4653,angry,data/tess/TESS Toronto emotional speech set data/OAF_angry/OAF_cool_angry.wav,tess,tess_OAF
4654,angry,data/tess/TESS Toronto emotional speech set data/OAF_angry/OAF_dab_angry.wav,tess,tess_OAF
4655,angry,data/tess/TESS Toronto emotional speech set data/OAF_angry/OAF_date_angry.wav,tess,tess_OAF
4656,angry,data/tess/TESS Toronto emotional speech set data/OAF_angry/OAF_dead_angry.wav,tess,tess_OAF
4657,angry,data/tess/TESS Toronto emotional speech set data/OAF_angry/OAF_death_angry.wav,tess,tess_OAF
4658,angry,data/tess/TESS Toronto emotional speech set data/OAF_angry/OAF_deep_angry.wav,tess,tess_OAF
4659,angry,data/tess/TESS Toronto emotional speech set data/OAF_angry/OAF_dime_angry.wav,tess,tess_OAF
4660,angry,data/tess/TESS Toronto emotional speech set data/OAF_angry/OAF_dip_angry.wav,tess,tess_OAF
4661,angry,data/tess/TESS Toronto emotional speech set data/OAF_angry/OAF_ditch_angry.wav,tess,tess_OAF
4662,angry,data/tess/TESS Toronto emotional speech set data/OAF_angry/OAF_dodge_angry.wav,tess,tess_OAF
4663,angry,data/tess/TESS Toronto emotional speech set data/OAF_angry/OAF_dog_angry.wav,tess,tess_OAF
4664,angry,data/tess/TESS Toronto emotional speech set data/OAF_angry/OAF_doll_angry.wav,tess,tess_OAF
4665,angry,data/tess/TESS Toronto emotional speech set data/OAF_angry/OAF_door_angry.wav,tess,tess_OAF
4666,angry,data/tess/TESS Toronto emotional speech set data/OAF_angry/OAF_fail_angry.wav,tess,tess_OAF
4667,angry,data/tess/TESS Toronto emotional speech set data/OAF_angry/OAF_fall_angry.wav,tess,tess_OAF
4668,angry,data/tess/TESS Toronto emotional speech set data/OAF_angry/OAF_far_angry.wav,tess,tess_OAF
4669,angry,data/tess/TESS Toronto emotional speech set data/OAF_angry/OAF_fat_angry.wav,tess,tess_OAF
4670,angry,data/tess/TESS Toronto emotional speech set data/OAF_angry/OAF_fit_angry.wav,tess,tess_OAF
4671,angry,data/tess/TESS Toronto emotional speech set data/OAF_angry/OAF_five_angry.wav,tess,tess_OAF
4672,angry,data/tess/TESS Toronto emotional speech set data/OAF_angry/OAF_food_angry.wav,tess,tess_OAF
4673,angry,data/tess/TESS Toronto emotional speech set data/OAF_angry/OAF_gap_angry.wav,tess,tess_OAF
4674,angry,data/tess/TESS Toronto emotional speech set data/OAF_angry/OAF_gas_angry.wav,tess,tess_OAF
4675,angry,data/tess/TESS Toronto emotional speech set data/OAF_angry/OAF_gaze_angry.wav,tess,tess_OAF
4676,angry,data/tess/TESS Toronto emotional speech set data/OAF_angry/OAF_germ_angry.wav,tess,tess_OAF
4677,angry,data/tess/TESS Toronto emotional speech set data/OAF_angry/OAF_get_angry.wav,tess,tess_OAF
4678,angry,data/tess/TESS Toronto emotional speech set data/OAF_angry/OAF_gin_angry.wav,tess,tess_OAF
4679,angry,data/tess/TESS Toronto emotional speech set data/OAF_angry/OAF_goal_angry.wav,tess,tess_OAF
4680,angry,data/tess/TESS Toronto emotional speech set data/OAF_angry/OAF_good_angry.wav,tess,tess_OAF
4681,angry,data/tess/TESS Toronto emotional speech set data/OAF_angry/OAF_goose_angry.wav,tess,tess_OAF
4682,angry,data/tess/TESS Toronto emotional speech set data/OAF_angry/OAF_gun_angry.wav,tess,tess_OAF
4683,angry,data/tess/TESS Toronto emotional speech set data/OAF_angry/OAF_half_angry.wav,tess,tess_OAF
4684,angry,data/tess/TESS Toronto emotional speech set data/OAF_angry/OAF_hall_angry.wav,tess,tess_OAF
4685,angry,data/tess/TESS Toronto emotional speech set data/OAF_angry/OAF_hash_angry.wav,tess,tess_OAF
4686,angry,data/tess/TESS Toronto emotional speech set data/OAF_angry/OAF_hate_angry.wav,tess,tess_OAF
4687,angry,data/tess/TESS Toronto emotional speech set data/OAF_angry/OAF_have_angry.wav,tess,tess_OAF
4688,angry,data/tess/TESS Toronto emotional speech set data/OAF_angry/OAF_haze_angry.wav,tess,tess_OAF
4689,angry,data/tess/TESS Toronto emotional speech set data/OAF_angry/OAF_hire_angry.wav,tess,tess_OAF
4690,angry,data/tess/TESS Toronto emotional speech set data/OAF_angry/OAF_hit_angry.wav,tess,tess_OAF
4691,angry,data/tess/TESS Toronto emotional speech set data/OAF_angry/OAF_hole_angry.wav,tess,tess_OAF
4692,angry,data/tess/TESS Toronto emotional speech set data/OAF_angry/OAF_home_angry.wav,tess,tess_OAF
4693,angry,data/tess/TESS Toronto emotional speech set data/OAF_angry/OAF_hurl_angry.wav,tess,tess_OAF
4694,angry,data/tess/TESS Toronto emotional speech set data/OAF_angry/OAF_hush_angry.wav,tess,tess_OAF
4695,angry,data/tess/TESS Toronto emotional speech set data/OAF_angry/OAF_jail_angry.wav,tess,tess_OAF
4696,angry,data/tess/TESS Toronto emotional speech set data/OAF_angry/OAF_jar_angry.wav,tess,tess_OAF
4697,angry,data/tess/TESS Toronto emotional speech set data/OAF_angry/OAF_join_angry.wav,tess,tess_OAF
4698,angry,data/tess/TESS Toronto emotional speech set data/OAF_angry/OAF_judge_angry.wav,tess,tess_OAF
4699,angry,data/tess/TESS Toronto emotional speech set data/OAF_angry/OAF_jug_angry.wav,tess,tess_OAF
4700,angry,data/tess/TESS Toronto emotional speech set data/OAF_angry/OAF_juice_angry.wav,tess,tess_OAF
4701,angry,data/tess/TESS Toronto emotional speech set data/OAF_angry/OAF_keen_angry.wav,tess,tess_OAF
4702,angry,data/tess/TESS Toronto emotional speech set data/OAF_angry/OAF_keep_angry.wav,tess,tess_OAF
4703,angry,data/tess/TESS Toronto emotional speech set data/OAF_angry/OAF_keg_angry.wav,tess,tess_OAF
4704,angry,data/tess/TESS Toronto emotional speech set data/OAF_angry/OAF_kick_angry.wav,tess,tess_OAF
4705,angry,data/tess/TESS Toronto emotional speech set data/OAF_angry/OAF_kill_angry.wav,tess,tess_OAF
4706,angry,data/tess/TESS Toronto emotional speech set data/OAF_angry/OAF_king_angry.wav,tess,tess_OAF
4707,angry,data/tess/TESS Toronto emotional speech set data/OAF_angry/OAF_kite_angry.wav,tess,tess_OAF
4708,angry,data/tess/TESS Toronto emotional speech set data/OAF_angry/OAF_knock_angry.wav,tess,tess_OAF
4709,angry,data/tess/TESS Toronto emotional speech set data/OAF_angry/OAF_late_angry.wav,tess,tess_OAF
4710,angry,data/tess/TESS Toronto emotional speech set data/OAF_angry/OAF_laud_angry.wav,tess,tess_OAF
4711,angry,data/tess/TESS Toronto emotional speech set data/OAF_angry/OAF_lean_angry.wav,tess,tess_OAF
4712,angry,data/tess/TESS Toronto emotional speech set data/OAF_angry/OAF_learn_angry.wav,tess,tess_OAF
4713,angry,data/tess/TESS Toronto emotional speech set data/OAF_angry/OAF_lease_angry.wav,tess,tess_OAF
4714,angry,data/tess/TESS Toronto emotional speech set data/OAF_angry/OAF_lid_angry.wav,tess,tess_OAF
4715,angry,data/tess/TESS Toronto emotional speech set data/OAF_angry/OAF_life_angry.wav,tess,tess_OAF
4716,angry,data/tess/TESS Toronto emotional speech set data/OAF_angry/OAF_limb_angry.wav,tess,tess_OAF
4717,angry,data/tess/TESS Toronto emotional speech set data/OAF_angry/OAF_live_angry.wav,tess,tess_OAF
4718,angry,data/tess/TESS Toronto emotional speech set data/OAF_angry/OAF_loaf_angry.wav,tess,tess_OAF
4719,angry,data/tess/TESS Toronto emotional speech set data/OAF_angry/OAF_long_angry.wav,tess,tess_OAF
4720,angry,data/tess/TESS Toronto emotional speech set data/OAF_angry/OAF_lore_angry.wav,tess,tess_OAF
4721,angry,data/tess/TESS Toronto emotional speech set data/OAF_angry/OAF_lose_angry.wav,tess,tess_OAF
4722,angry,data/tess/TESS Toronto emotional speech set data/OAF_angry/OAF_lot_angry.wav,tess,tess_OAF
4723,angry,data/tess/TESS Toronto emotional speech set data/OAF_angry/OAF_love_angry.wav,tess,tess_OAF
4724,angry,data/tess/TESS Toronto emotional speech set data/OAF_angry/OAF_luck_angry.wav,tess,tess_OAF
4725,angry,data/tess/TESS Toronto emotional speech set data/OAF_angry/OAF_make_angry.wav,tess,tess_OAF
4726,angry,data/tess/TESS Toronto emotional speech set data/OAF_angry/OAF_match_angry.wav,tess,tess_OAF
4727,angry,data/tess/TESS Toronto emotional speech set data/OAF_angry/OAF_merge_angry.wav,tess,tess_OAF
4728,angry,data/tess/TESS Toronto emotional speech set data/OAF_angry/OAF_mess_angry.wav,tess,tess_OAF
4729,angry,data/tess/TESS Toronto emotional speech set data/OAF_angry/OAF_met_angry.wav,tess,tess_OAF
4730,angry,data/tess/TESS Toronto emotional speech set data/OAF_angry/OAF_mill_angry.wav,tess,tess_OAF
4731,angry,data/tess/TESS Toronto emotional speech set data/OAF_angry/OAF_mob_angry.wav,tess,tess_OAF
4732,angry,data/tess/TESS Toronto emotional speech set data/OAF_angry/OAF_mode_angry.wav,tess,tess_OAF
4733,angry,data/tess/TESS Toronto emotional speech set data/OAF_angry/OAF_mood_angry.wav,tess,tess_OAF
4734,angry,data/tess/TESS Toronto emotional speech set data/OAF_angry/OAF_moon_angry.wav,tess,tess_OAF
4735,angry,data/tess/TESS Toronto emotional speech set data/OAF_angry/OAF_mop_angry.wav,tess,tess_OAF
4736,angry,data/tess/TESS Toronto emotional speech set data/OAF_angry/OAF_mouse_angry.wav,tess,tess_OAF
4737,angry,data/tess/TESS Toronto emotional speech set data/OAF_angry/OAF_nag_angry.wav,tess,tess_OAF
4738,angry,data/tess/TESS Toronto emotional speech set data/OAF_angry/OAF_name_angry.wav,tess,tess_OAF
4739,angry,data/tess/TESS Toronto emotional speech set data/OAF_angry/OAF_near_angry.wav,tess,tess_OAF
4740,angry,data/tess/TESS Toronto emotional speech set data/OAF_angry/OAF_neat_angry.wav,tess,tess_OAF
4741,angry,data/tess/TESS Toronto emotional speech set data/OAF_angry/OAF_nice_angry.wav,tess,tess_OAF
4742,angry,data/tess/TESS Toronto emotional speech set data/OAF_angry/OAF_note_angry.wav,tess,tess_OAF
4743,angry,data/tess/TESS Toronto emotional speech set data/OAF_angry/OAF_numb_angry.wav,tess,tess_OAF
4744,angry,data/tess/TESS Toronto emotional speech set data/OAF_angry/OAF_pad_angry.wav,tess,tess_OAF
4745,angry,data/tess/TESS Toronto emotional speech set data/OAF_angry/OAF_page_angry.wav,tess,tess_OAF
4746,angry,data/tess/TESS Toronto emotional speech set data/OAF_angry/OAF_pain_angry.wav,tess,tess_OAF
4747,angry,data/tess/TESS Toronto emotional speech set data/OAF_angry/OAF_pass_angry.wav,tess,tess_OAF
4748,angry,data/tess/TESS Toronto emotional speech set data/OAF_angry/OAF_pearl_angry.wav,tess,tess_OAF
4749,angry,data/tess/TESS Toronto emotional speech set data/OAF_angry/OAF_peg_angry.wav,tess,tess_OAF
4750,angry,data/tess/TESS Toronto emotional speech set data/OAF_angry/OAF_perch_angry.wav,tess,tess_OAF
4751,angry,data/tess/TESS Toronto emotional speech set data/OAF_angry/OAF_phone_angry.wav,tess,tess_OAF
4752,angry,data/tess/TESS Toronto emotional speech set data/OAF_angry/OAF_pick_angry.wav,tess,tess_OAF
4753,angry,data/tess/TESS Toronto emotional speech set data/OAF_angry/OAF_pike_angry.wav,tess,tess_OAF
4754,angry,data/tess/TESS Toronto emotional speech set data/OAF_angry/OAF_pole_angry.wav,tess,tess_OAF
4755,angry,data/tess/TESS Toronto emotional speech set data/OAF_angry/OAF_pool_angry.wav,tess,tess_OAF
4756,angry,data/tess/TESS Toronto emotional speech set data/OAF_angry/OAF_puff_angry.wav,tess,tess_OAF
4757,angry,data/tess/TESS Toronto emotional speech set data/OAF_angry/OAF_rag_angry.wav,tess,tess_OAF
4758,angry,data/tess/TESS Toronto emotional speech set data/OAF_angry/OAF_raid_angry.wav,tess,tess_OAF
4759,angry,data/tess/TESS Toronto emotional speech set data/OAF_angry/OAF_rain_angry.wav,tess,tess_OAF
4760,angry,data/tess/TESS Toronto emotional speech set data/OAF_angry/OAF_raise_angry.wav,tess,tess_OAF
4761,angry,data/tess/TESS Toronto emotional speech set data/OAF_angry/OAF_rat_angry.wav,tess,tess_OAF
4762,angry,data/tess/TESS Toronto emotional speech set data/OAF_angry/OAF_reach_angry.wav,tess,tess_OAF
4763,angry,data/tess/TESS Toronto emotional speech set data/OAF_angry/OAF_read_angry.wav,tess,tess_OAF
4764,angry,data/tess/TESS Toronto emotional speech set data/OAF_angry/OAF_red_angry.wav,tess,tess_OAF
4765,angry,data/tess/TESS Toronto emotional speech set data/OAF_angry/OAF_ring_angry.wav,tess,tess_OAF
4766,angry,data/tess/TESS Toronto emotional speech set data/OAF_angry/OAF_ripe_angry.wav,tess,tess_OAF
4767,angry,data/tess/TESS Toronto emotional speech set data/OAF_angry/OAF_road_angry.wav,tess,tess_OAF
4768,angry,data/tess/TESS Toronto emotional speech set data/OAF_angry/OAF_room_angry.wav,tess,tess_OAF
4769,angry,data/tess/TESS Toronto emotional speech set data/OAF_angry/OAF_rose_angry.wav,tess,tess_OAF
4770,angry,data/tess/TESS Toronto emotional speech set data/OAF_angry/OAF_rot_angry.wav,tess,tess_OAF
4771,angry,data/tess/TESS Toronto emotional speech set data/OAF_angry/OAF_rough_angry.wav,tess,tess_OAF
4772,angry,data/tess/TESS Toronto emotional speech set data/OAF_angry/OAF_rush_angry.wav,tess,tess_OAF
4773,angry,data/tess/TESS Toronto emotional speech set data/OAF_angry/OAF_said_angry.wav,tess,tess_OAF
4774,angry,data/tess/TESS Toronto emotional speech set data/OAF_angry/OAF_sail_angry.wav,tess,tess_OAF
4775,angry,data/tess/TESS Toronto emotional speech set data/OAF_angry/OAF_search_angry.wav,tess,tess_OAF
4776,angry,data/tess/TESS Toronto emotional speech set data/OAF_angry/OAF_seize_angry.wav,tess,tess_OAF
4777,angry,data/tess/TESS Toronto emotional speech set data/OAF_angry/OAF_sell_angry.wav,tess,tess_OAF
4778,angry,data/tess/TESS Toronto emotional speech set data/OAF_angry/OAF_shack_angry.wav,tess,tess_OAF
4779,angry,data/tess/TESS Toronto emotional speech set data/OAF_angry/OAF_shall_angry.wav,tess,tess_OAF
4780,angry,data/tess/TESS Toronto emotional speech set data/OAF_angry/OAF_shawl_angry.wav,tess,tess_OAF
4781,angry,data/tess/TESS Toronto emotional speech set data/OAF_angry/OAF_sheep_angry.wav,tess,tess_OAF
4782,angry,data/tess/TESS Toronto emotional speech set data/OAF_angry/OAF_shirt_angry.wav,tess,tess_OAF
4783,angry,data/tess/TESS Toronto emotional speech set data/OAF_angry/OAF_should_angry.wav,tess,tess_OAF
4784,angry,data/tess/TESS Toronto emotional speech set data/OAF_angry/OAF_shout_angry.wav,tess,tess_OAF
4785,angry,data/tess/TESS Toronto emotional speech set data/OAF_angry/OAF_size_angry.wav,tess,tess_OAF
4786,angry,data/tess/TESS Toronto emotional speech set data/OAF_angry/OAF_soap_angry.wav,tess,tess_OAF
4787,angry,data/tess/TESS Toronto emotional speech set data/OAF_angry/OAF_soup_angry.wav,tess,tess_OAF
4788,angry,data/tess/TESS Toronto emotional speech set data/OAF_angry/OAF_sour_angry.wav,tess,tess_OAF
4789,angry,data/tess/TESS Toronto emotional speech set data/OAF_angry/OAF_south_angry.wav,tess,tess_OAF
4790,angry,data/tess/TESS Toronto emotional speech set data/OAF_angry/OAF_sub_angry.wav,tess,tess_OAF
4791,angry,data/tess/TESS Toronto emotional speech set data/OAF_angry/OAF_such_angry.wav,tess,tess_OAF
4792,angry,data/tess/TESS Toronto emotional speech set data/OAF_angry/OAF_sure_angry.wav,tess,tess_OAF
4793,angry,data/tess/TESS Toronto emotional speech set data/OAF_angry/OAF_take_angry.wav,tess,tess_OAF
4794,angry,data/tess/TESS Toronto emotional speech set data/OAF_angry/OAF_talk_angry.wav,tess,tess_OAF
4795,angry,data/tess/TESS Toronto emotional speech set data/OAF_angry/OAF_tape_angry.wav,tess,tess_OAF
4796,angry,data/tess/TESS Toronto emotional speech set data/OAF_angry/OAF_team_angry.wav,tess,tess_OAF
4797,angry,data/tess/TESS Toronto emotional speech set data/OAF_angry/OAF_tell_angry.wav,tess,tess_OAF
4798,angry,data/tess/TESS Toronto emotional speech set data/OAF_angry/OAF_thin_angry.wav,tess,tess_OAF
4799,angry,data/tess/TESS Toronto emotional speech set data/OAF_angry/OAF_third_angry.wav,tess,tess_OAF
4800,angry,data/tess/TESS Toronto emotional speech set data/OAF_angry/OAF_thought_angry.wav,tess,tess_OAF
4801,angry,data/tess/TESS Toronto emotional speech set data/OAF_angry/OAF_thumb_angry.wav,tess,tess_OAF
4802,angry,data/tess/TESS Toronto emotional speech set data/OAF_angry/OAF_time_angry.wav,tess,tess_OAF
4803,angry,data/tess/TESS Toronto emotional speech set data/OAF_angry/OAF_tip_angry.wav,tess,tess_OAF
4804,angry,data/tess/TESS Toronto emotional speech set data/OAF_angry/OAF_tire_angry.wav,tess,tess_OAF
4805,angry,data/tess/TESS Toronto emotional speech set data/OAF_angry/OAF_ton_angry.wav,tess,tess_OAF
4806,angry,data/tess/TESS Toronto emotional speech set data/OAF_angry/OAF_tool_angry.wav,tess,tess_OAF
4807,angry,data/tess/TESS Toronto emotional speech set data/OAF_angry/OAF_tough_angry.wav,tess,tess_OAF
4808,angry,data/tess/TESS Toronto emotional speech set data/OAF_angry/OAF_turn_angry.wav,tess,tess_OAF
4809,angry,data/tess/TESS Toronto emotional speech set data/OAF_angry/OAF_vine_angry.wav,tess,tess_OAF
4810,angry,data/tess/TESS Toronto emotional speech set data/OAF_angry/OAF_voice_angry.wav,tess,tess_OAF
4811,angry,data/tess/TESS Toronto emotional speech set data/OAF_angry/OAF_void_angry.wav,tess,tess_OAF
4812,angry,data/tess/TESS Toronto emotional speech set data/OAF_angry/OAF_vote_angry.wav,tess,tess_OAF
4813,angry,data/tess/TESS Toronto emotional speech set data/OAF_angry/OAF_wag_angry.wav,tess,tess_OAF
4814,angry,data/tess/TESS Toronto emotional speech set data/OAF_angry/OAF_walk_angry.wav,tess,tess_OAF
4815,angry,data/tess/TESS Toronto emotional speech set data/OAF_angry/OAF_wash_angry.wav,tess,tess_OAF
4816,angry,data/tess/TESS Toronto emotional speech set data/OAF_angry/OAF_week_angry.wav,tess,tess_OAF
4817,angry,data/tess/TESS Toronto emotional speech set data/OAF_angry/OAF_wheat_angry.wav,tess,tess_OAF
4818,angry,data/tess/TESS Toronto emotional speech set data/OAF_angry/OAF_when_angry.wav,tess,tess_OAF
4819,angry,data/tess/TESS Toronto emotional speech set data/OAF_angry/OAF_which_angry.wav,tess,tess_OAF
4820,angry,data/tess/TESS Toronto emotional speech set data/OAF_angry/OAF_whip_angry.wav,tess,tess_OAF
4821,angry,data/tess/TESS Toronto emotional speech set data/OAF_angry/OAF_white_angry.wav,tess,tess_OAF
4822,angry,data/tess/TESS Toronto emotional speech set data/OAF_angry/OAF_wife_angry.wav,tess,tess_OAF
4823,angry,data/tess/TESS Toronto emotional speech set data/OAF_angry/OAF_wire_angry.wav,tess,tess_OAF
4824,angry,data/tess/TESS Toronto emotional speech set data/OAF_angry/OAF_witch_angry.wav,tess,tess_OAF
4825,angry,data/tess/TESS Toronto emotional speech set data/OAF_angry/OAF_yearn_angry.wav,tess,tess_OAF
4826,angry,data/tess/TESS Toronto emotional speech set data/OAF_angry/OAF_yes_angry.wav,tess,tess_OAF
4827,angry,data/tess/TESS Toronto emotional speech set data/OAF_angry/OAF_young_angry.wav,tess,tess_OAF
4828,angry,data/tess/TESS Toronto emotional speech set data/OAF_angry/OAF_youth_angry.wav,tess,tess_OAF
4829,angry,data/tess/TESS Toronto emotional speech set data/YAF_angry/YAF_back_angry.wav,tess,tess_YAF
4830,angry,data/tess/TESS Toronto emotional speech set data/YAF_angry/YAF_bar_angry.wav,tess,tess_YAF
4831,angry,data/tess/TESS Toronto emotional speech set data/YAF_angry/YAF_base_angry.wav,tess,tess_YAF
4832,angry,data/tess/TESS Toronto emotional speech set data/YAF_angry/YAF_bath_angry.wav,tess,tess_YAF
4833,angry,data/tess/TESS Toronto emotional speech set data/YAF_angry/YAF_bean_angry.wav,tess,tess_YAF
4834,angry,data/tess/TESS Toronto emotional speech set data/YAF_angry/YAF_beg_angry.wav,tess,tess_YAF
4835,angry,data/tess/TESS Toronto emotional speech set data/YAF_angry/YAF_bite_angry.wav,tess,tess_YAF
4836,angry,data/tess/TESS Toronto emotional speech set data/YAF_angry/YAF_boat_angry.wav,tess,tess_YAF
4837,angry,data/tess/TESS Toronto emotional speech set data/YAF_angry/YAF_bone_angry.wav,tess,tess_YAF
4838,angry,data/tess/TESS Toronto emotional speech set data/YAF_angry/YAF_book_angry.wav,tess,tess_YAF
4839,angry,data/tess/TESS Toronto emotional speech set data/YAF_angry/YAF_bought_angry.wav,tess,tess_YAF
4840,angry,data/tess/TESS Toronto emotional speech set data/YAF_angry/YAF_burn_angry.wav,tess,tess_YAF
4841,angry,data/tess/TESS Toronto emotional speech set data/YAF_angry/YAF_cab_angry.wav,tess,tess_YAF
4842,angry,data/tess/TESS Toronto emotional speech set data/YAF_angry/YAF_calm_angry.wav,tess,tess_YAF
4843,angry,data/tess/TESS Toronto emotional speech set data/YAF_angry/YAF_came_angry.wav,tess,tess_YAF
4844,angry,data/tess/TESS Toronto emotional speech set data/YAF_angry/YAF_cause_angry.wav,tess,tess_YAF
4845,angry,data/tess/TESS Toronto emotional speech set data/YAF_angry/YAF_chain_angry.wav,tess,tess_YAF
4846,angry,data/tess/TESS Toronto emotional speech set data/YAF_angry/YAF_chair_angry.wav,tess,tess_YAF
4847,angry,data/tess/TESS Toronto emotional speech set data/YAF_angry/YAF_chalk_angry.wav,tess,tess_YAF
4848,angry,data/tess/TESS Toronto emotional speech set data/YAF_angry/YAF_chat_angry.wav,tess,tess_YAF
4849,angry,data/tess/TESS Toronto emotional speech set data/YAF_angry/YAF_check_angry.wav,tess,tess_YAF
4850,angry,data/tess/TESS Toronto emotional speech set data/YAF_angry/YAF_cheek_angry.wav,tess,tess_YAF
4851,angry,data/tess/TESS Toronto emotional speech set data/YAF_angry/YAF_chief_angry.wav,tess,tess_YAF
4852,angry,data/tess/TESS Toronto emotional speech set data/YAF_angry/YAF_choice_angry.wav,tess,tess_YAF
4853,angry,data/tess/TESS Toronto emotional speech set data/YAF_angry/YAF_cool_angry.wav,tess,tess_YAF
4854,angry,data/tess/TESS Toronto emotional speech set data/YAF_angry/YAF_dab_angry.wav,tess,tess_YAF
4855,angry,data/tess/TESS Toronto emotional speech set data/YAF_angry/YAF_date_angry.wav,tess,tess_YAF
4856,angry,data/tess/TESS Toronto emotional speech set data/YAF_angry/YAF_dead_angry.wav,tess,tess_YAF
4857,angry,data/tess/TESS Toronto emotional speech set data/YAF_angry/YAF_death_angry.wav,tess,tess_YAF
4858,angry,data/tess/TESS Toronto emotional speech set data/YAF_angry/YAF_deep_angry.wav,tess,tess_YAF
4859,angry,data/tess/TESS Toronto emotional speech set data/YAF_angry/YAF_dime_angry.wav,tess,tess_YAF
4860,angry,data/tess/TESS Toronto emotional speech set data/YAF_angry/YAF_dip_angry.wav,tess,tess_YAF
4861,angry,data/tess/TESS Toronto emotional speech set data/YAF_angry/YAF_ditch_angry.wav,tess,tess_YAF
4862,angry,data/tess/TESS Toronto emotional speech set data/YAF_angry/YAF_dodge_angry.wav,tess,tess_YAF
4863,angry,data/tess/TESS Toronto emotional speech set data/YAF_angry/YAF_dog_angry.wav,tess,tess_YAF
4864,angry,data/tess/TESS Toronto emotional speech set data/YAF_angry/YAF_doll_angry.wav,tess,tess_YAF
4865,angry,data/tess/TESS Toronto emotional speech set data/YAF_angry/YAF_door_angry.wav,tess,tess_YAF
4866,angry,data/tess/TESS Toronto emotional speech set data/YAF_angry/YAF_fail_angry.wav,tess,tess_YAF
4867,angry,data/tess/TESS Toronto emotional speech set data/YAF_angry/YAF_fall_angry.wav,tess,tess_YAF
4868,angry,data/tess/TESS Toronto emotional speech set data/YAF_angry/YAF_far_angry.wav,tess,tess_YAF
4869,angry,data/tess/TESS Toronto emotional speech set data/YAF_angry/YAF_fat_angry.wav,tess,tess_YAF
4870,angry,data/tess/TESS Toronto emotional speech set data/YAF_angry/YAF_fit_angry.wav,tess,tess_YAF
4871,angry,data/tess/TESS Toronto emotional speech set data/YAF_angry/YAF_five_angry.wav,tess,tess_YAF
4872,angry,data/tess/TESS Toronto emotional speech set data/YAF_angry/YAF_food_angry.wav,tess,tess_YAF
4873,angry,data/tess/TESS Toronto emotional speech set data/YAF_angry/YAF_gap_angry.wav,tess,tess_YAF
4874,angry,data/tess/TESS Toronto emotional speech set data/YAF_angry/YAF_gas_angry.wav,tess,tess_YAF
4875,angry,data/tess/TESS Toronto emotional speech set data/YAF_angry/YAF_gaze_angry.wav,tess,tess_YAF
4876,angry,data/tess/TESS Toronto emotional speech set data/YAF_angry/YAF_germ_angry.wav,tess,tess_YAF
4877,angry,data/tess/TESS Toronto emotional speech set data/YAF_angry/YAF_get_angry.wav,tess,tess_YAF
4878,angry,data/tess/TESS Toronto emotional speech set data/YAF_angry/YAF_gin_angry.wav,tess,tess_YAF
4879,angry,data/tess/TESS Toronto emotional speech set data/YAF_angry/YAF_goal_angry.wav,tess,tess_YAF
4880,angry,data/tess/TESS Toronto emotional speech set data/YAF_angry/YAF_good_angry.wav,tess,tess_YAF
4881,angry,data/tess/TESS Toronto emotional speech set data/YAF_angry/YAF_goose_angry.wav,tess,tess_YAF
4882,angry,data/tess/TESS Toronto emotional speech set data/YAF_angry/YAF_gun_angry.wav,tess,tess_YAF
4883,angry,data/tess/TESS Toronto emotional speech set data/YAF_angry/YAF_half_angry.wav,tess,tess_YAF
4884,angry,data/tess/TESS Toronto emotional speech set data/YAF_angry/YAF_hall_angry.wav,tess,tess_YAF
4885,angry,data/tess/TESS Toronto emotional speech set data/YAF_angry/YAF_hash_angry.wav,tess,tess_YAF
4886,angry,data/tess/TESS Toronto emotional speech set data/YAF_angry/YAF_hate_angry.wav,tess,tess_YAF
4887,angry,data/tess/TESS Toronto emotional speech set data/YAF_angry/YAF_have_angry.wav,tess,tess_YAF
4888,angry,data/tess/TESS Toronto emotional speech set data/YAF_angry/YAF_haze_angry.wav,tess,tess_YAF
4889,angry,data/tess/TESS Toronto emotional speech set data/YAF_angry/YAF_hire_angry.wav,tess,tess_YAF
4890,angry,data/tess/TESS Toronto emotional speech set data/YAF_angry/YAF_hit_angry.wav,tess,tess_YAF
4891,angry,data/tess/TESS Toronto emotional speech set data/YAF_angry/YAF_hole_angry.wav,tess,tess_YAF
4892,angry,data/tess/TESS Toronto emotional speech set data/YAF_angry/YAF_home_angry.wav,tess,tess_YAF
4893,angry,data/tess/TESS Toronto emotional speech set data/YAF_angry/YAF_hurl_angry.wav,tess,tess_YAF
4894,angry,data/tess/TESS Toronto emotional speech set data/YAF_angry/YAF_hush_angry.wav,tess,tess_YAF
4895,angry,data/tess/TESS Toronto emotional speech set data/YAF_angry/YAF_jail_angry.wav,tess,tess_YAF
4896,angry,data/tess/TESS Toronto emotional speech set data/YAF_angry/YAF_jar_angry.wav,tess,tess_YAF
4897,angry,data/tess/TESS Toronto emotional speech set data/YAF_angry/YAF_join_angry.wav,tess,tess_YAF
4898,angry,data/tess/TESS Toronto emotional speech set data/YAF_angry/YAF_judge_angry.wav,tess,tess_YAF
4899,angry,data/tess/TESS Toronto emotional speech set data/YAF_angry/YAF_jug_angry.wav,tess,tess_YAF
4900,angry,data/tess/TESS Toronto emotional speech set data/YAF_angry/YAF_juice_angry.wav,tess,tess_YAF
4901,angry,data/tess/TESS Toronto emotional speech set data/YAF_angry/YAF_keen_angry.wav,tess,tess_YAF
4902,angry,data/tess/TESS Toronto emotional speech set data/YAF_angry/YAF_keep_angry.wav,tess,tess_YAF
4903,angry,data/tess/TESS Toronto emotional speech set data/YAF_angry/YAF_keg_angry.wav,tess,tess_YAF
4904,angry,data/tess/TESS Toronto emotional speech set data/YAF_angry/YAF_kick_angry.wav,tess,tess_YAF
4905,angry,data/tess/TESS Toronto emotional speech set data/YAF_angry/YAF_kill_angry.wav,tess,tess_YAF
4906,angry,data/tess/TESS Toronto emotional speech set data/YAF_angry/YAF_king_angry.wav,tess,tess_YAF
4907,angry,data/tess/TESS Toronto emotional speech set data/YAF_angry/YAF_kite_angry.wav,tess,tess_YAF
4908,angry,data/tess/TESS Toronto emotional speech set data/YAF_angry/YAF_knock_angry.wav,tess,tess_YAF
4909,angry,data/tess/TESS Toronto emotional speech set data/YAF_angry/YAF_late_angry.wav,tess,tess_YAF
4910,angry,data/tess/TESS Toronto emotional speech set data/YAF_angry/YAF_laud_angry.wav,tess,tess_YAF
4911,angry,data/tess/TESS Toronto emotional speech set data/YAF_angry/YAF_lean_angry.wav,tess,tess_YAF
4912,angry,data/tess/TESS Toronto emotional speech set data/YAF_angry/YAF_learn_angry.wav,tess,tess_YAF
4913,angry,data/tess/TESS Toronto emotional speech set data/YAF_angry/YAF_lease_angry.wav,tess,tess_YAF
4914,angry,data/tess/TESS Toronto emotional speech set data/YAF_angry/YAF_lid_angry.wav,tess,tess_YAF
4915,angry,data/tess/TESS Toronto emotional speech set data/YAF_angry/YAF_life_angry.wav,tess,tess_YAF
4916,angry,data/tess/TESS Toronto emotional speech set data/YAF_angry/YAF_limb_angry.wav,tess,tess_YAF
4917,angry,data/tess/TESS Toronto emotional speech set data/YAF_angry/YAF_live_angry.wav,tess,tess_YAF
4918,angry,data/tess/TESS Toronto emotional speech set data/YAF_angry/YAF_loaf_angry.wav,tess,tess_YAF
4919,angry,data/tess/TESS Toronto emotional speech set data/YAF_angry/YAF_long_angry.wav,tess,tess_YAF
4920,angry,data/tess/TESS Toronto emotional speech set data/YAF_angry/YAF_lore_angry.wav,tess,tess_YAF
4921,angry,data/tess/TESS Toronto emotional speech set data/YAF_angry/YAF_lose_angry.wav,tess,tess_YAF
4922,angry,data/tess/TESS Toronto emotional speech set data/YAF_angry/YAF_lot_angry.wav,tess,tess_YAF
4923,angry,data/tess/TESS Toronto emotional speech set data/YAF_angry/YAF_love_angry.wav,tess,tess_YAF
4924,angry,data/tess/TESS Toronto emotional speech set data/YAF_angry/YAF_luck_angry.wav,tess,tess_YAF
4925,angry,data/tess/TESS Toronto emotional speech set data/YAF_angry/YAF_make_angry.wav,tess,tess_YAF
4926,angry,data/tess/TESS Toronto emotional speech set data/YAF_angry/YAF_match_angry.wav,tess,tess_YAF
4927,angry,data/tess/TESS Toronto emotional speech set data/YAF_angry/YAF_merge_angry.wav,tess,tess_YAF
4928,angry,data/tess/TESS Toronto emotional speech set data/YAF_angry/YAF_mess_angry.wav,tess,tess_YAF
4929,angry,data/tess/TESS Toronto emotional speech set data/YAF_angry/YAF_met_angry.wav,tess,tess_YAF
4930,angry,data/tess/TESS Toronto emotional speech set data/YAF_angry/YAF_mill_angry.wav,tess,tess_YAF
4931,angry,data/tess/TESS Toronto emotional speech set data/YAF_angry/YAF_mob_angry.wav,tess,tess_YAF
4932,angry,data/tess/TESS Toronto emotional speech set data/YAF_angry/YAF_mode_angry.wav,tess,tess_YAF
4933,angry,data/tess/TESS Toronto emotional speech set data/YAF_angry/YAF_mood_angry.wav,tess,tess_YAF
4934,angry,data/tess/TESS Toronto emotional speech set data/YAF_angry/YAF_moon_angry.wav,tess,tess_YAF
4935,angry,data/tess/TESS Toronto emotional speech set data/YAF_angry/YAF_mop_angry.wav,tess,tess_YAF
4936,angry,data/tess/TESS Toronto emotional speech set data/YAF_angry/YAF_mouse_angry.wav,tess,tess_YAF
4937,angry,data/tess/TESS Toronto emotional speech set data/YAF_angry/YAF_nag_angry.wav,tess,tess_YAF
4938,angry,data/tess/TESS Toronto emotional speech set data/YAF_angry/YAF_name_angry.wav,tess,tess_YAF
4939,angry,data/tess/TESS Toronto emotional speech set data/YAF_angry/YAF_near_angry.wav,tess,tess_YAF
4940,angry,data/tess/TESS Toronto emotional speech set data/YAF_angry/YAF_neat_angry.wav,tess,tess_YAF
4941,angry,data/tess/TESS Toronto emotional speech set data/YAF_angry/YAF_nice_angry.wav,tess,tess_YAF
4942,angry,data/tess/TESS Toronto emotional speech set data/YAF_angry/YAF_note_angry.wav,tess,tess_YAF
4943,angry,data/tess/TESS Toronto emotional speech set data/YAF_angry/YAF_numb_angry.wav,tess,tess_YAF
4944,angry,data/tess/TESS Toronto emotional speech set data/YAF_angry/YAF_pad_angry.wav,tess,tess_YAF
4945,angry,data/tess/TESS Toronto emotional speech set data/YAF_angry/YAF_page_angry.wav,tess,tess_YAF
4946,angry,data/tess/TESS Toronto emotional speech set data/YAF_angry/YAF_pain_angry.wav,tess,tess_YAF
4947,angry,data/tess/TESS Toronto emotional speech set data/YAF_angry/YAF_pass_angry.wav,tess,tess_YAF
4948,angry,data/tess/TESS Toronto emotional speech set data/YAF_angry/YAF_pearl_angry.wav,tess,tess_YAF
4949,angry,data/tess/TESS Toronto emotional speech set data/YAF_angry/YAF_peg_angry.wav,tess,tess_YAF
4950,angry,data/tess/TESS Toronto emotional speech set data/YAF_angry/YAF_perch_angry.wav,tess,tess_YAF
4951,angry,data/tess/TESS Toronto emotional speech set data/YAF_angry/YAF_phone_angry.wav,tess,tess_YAF
4952,angry,data/tess/TESS Toronto emotional speech set data/YAF_angry/YAF_pick_angry.wav,tess,tess_YAF
4953,angry,data/tess/TESS Toronto emotional speech set data/YAF_angry/YAF_pike_angry.wav,tess,tess_YAF
4954,angry,data/tess/TESS Toronto emotional speech set data/YAF_angry/YAF_pole_angry.wav,tess,tess_YAF
4955,angry,data/tess/TESS Toronto emotional speech set data/YAF_angry/YAF_pool_angry.wav,tess,tess_YAF
4956,angry,data/tess/TESS Toronto emotional speech set data/YAF_angry/YAF_puff_angry.wav,tess,tess_YAF
4957,angry,data/tess/TESS Toronto emotional speech set data/YAF_angry/YAF_rag_angry.wav,tess,tess_YAF
4958,angry,data/tess/TESS Toronto emotional speech set data/YAF_angry/YAF_raid_angry.wav,tess,tess_YAF
4959,angry,data/tess/TESS Toronto emotional speech set data/YAF_angry/YAF_rain_angry.wav,tess,tess_YAF
4960,angry,data/tess/TESS Toronto emotional speech set data/YAF_angry/YAF_raise_angry.wav,tess,tess_YAF
4961,angry,data/tess/TESS Toronto emotional speech set data/YAF_angry/YAF_rat_angry.wav,tess,tess_YAF
4962,angry,data/tess/TESS Toronto emotional speech set data/YAF_angry/YAF_reach_angry.wav,tess,tess_YAF
4963,angry,data/tess/TESS Toronto emotional speech set data/YAF_angry/YAF_read_angry.wav,tess,tess_YAF
4964,angry,data/tess/TESS Toronto emotional speech set data/YAF_angry/YAF_red_angry.wav,tess,tess_YAF
4965,angry,data/tess/TESS Toronto emotional speech set data/YAF_angry/YAF_ring_angry.wav,tess,tess_YAF
4966,angry,data/tess/TESS Toronto emotional speech set data/YAF_angry/YAF_ripe_angry.wav,tess,tess_YAF
4967,angry,data/tess/TESS Toronto emotional speech set data/YAF_angry/YAF_road_angry.wav,tess,tess_YAF
4968,angry,data/tess/TESS Toronto emotional speech set data/YAF_angry/YAF_room_angry.wav,tess,tess_YAF
4969,angry,data/tess/TESS Toronto emotional speech set data/YAF_angry/YAF_rose_angry.wav,tess,tess_YAF
4970,angry,data/tess/TESS Toronto emotional speech set data/YAF_angry/YAF_rot_angry.wav,tess,tess_YAF
4971,angry,data/tess/TESS Toronto emotional speech set data/YAF_angry/YAF_rough_angry.wav,tess,tess_YAF
4972,angry,data/tess/TESS Toronto emotional speech set data/YAF_angry/YAF_rush_angry.wav,tess,tess_YAF
4973,angry,data/tess/TESS Toronto emotional speech set data/YAF_angry/YAF_said_angry.wav,tess,tess_YAF
4974,angry,data/tess/TESS Toronto emotional speech set data/YAF_angry/YAF_sail_angry.wav,tess,tess_YAF
4975,angry,data/tess/TESS Toronto emotional speech set data/YAF_angry/YAF_search_angry.wav,tess,tess_YAF
4976,angry,data/tess/TESS Toronto emotional speech set data/YAF_angry/YAF_seize_angry.wav,tess,tess_YAF
4977,angry,data/tess/TESS Toronto emotional speech set data/YAF_angry/YAF_sell_angry.wav,tess,tess_YAF
4978,angry,data/tess/TESS Toronto emotional speech set data/YAF_angry/YAF_shack_angry.wav,tess,tess_YAF
4979,angry,data/tess/TESS Toronto emotional speech set data/YAF_angry/YAF_shall_angry.wav,tess,tess_YAF
4980,angry,data/tess/TESS Toronto emotional speech set data/YAF_angry/YAF_shawl_angry.wav,tess,tess_YAF
4981,angry,data/tess/TESS Toronto emotional speech set data/YAF_angry/YAF_sheep_angry.wav,tess,tess_YAF
4982,angry,data/tess/TESS Toronto emotional speech set data/YAF_angry/YAF_shirt_angry.wav,tess,tess_YAF
4983,angry,data/tess/TESS Toronto emotional speech set data/YAF_angry/YAF_should_angry.wav,tess,tess_YAF
4984,angry,data/tess/TESS Toronto emotional speech set data/YAF_angry/YAF_shout_angry.wav,tess,tess_YAF
4985,angry,data/tess/TESS Toronto emotional speech set data/YAF_angry/YAF_size_angry.wav,tess,tess_YAF
4986,angry,data/tess/TESS Toronto emotional speech set data/YAF_angry/YAF_soap_angry.wav,tess,tess_YAF
4987,angry,data/tess/TESS Toronto emotional speech set data/YAF_angry/YAF_soup_angry.wav,tess,tess_YAF
4988,angry,data/tess/TESS Toronto emotional speech set data/YAF_angry/YAF_sour_angry.wav,tess,tess_YAF
4989,angry,data/tess/TESS Toronto emotional speech set data/YAF_angry/YAF_south_angry.wav,tess,tess_YAF
4990,angry,data/tess/TESS Toronto emotional speech set data/YAF_angry/YAF_sub_angry.wav,tess,tess_YAF
4991,angry,data/tess/TESS Toronto emotional speech set data/YAF_angry/YAF_such_angry.wav,tess,tess_YAF
4992,angry,data/tess/TESS Toronto emotional speech set data/YAF_angry/YAF_sure_angry.wav,tess,tess_YAF
4993,angry,data/tess/TESS Toronto emotional speech set data/YAF_angry/YAF_take_angry.wav,tess,tess_YAF
4994,angry,data/tess/TESS Toronto emotional speech set data/YAF_angry/YAF_talk_angry.wav,tess,tess_YAF
4995,angry,data/tess/TESS Toronto emotional speech set data/YAF_angry/YAF_tape_angry.wav,tess,tess_YAF
4996,angry,data/tess/TESS Toronto emotional speech set data/YAF_angry/YAF_team_angry.wav,tess,tess_YAF
4997,angry,data/tess/TESS Toronto emotional speech set data/YAF_angry/YAF_tell_angry.wav,tess,tess_YAF
4998,angry,data/tess/TESS Toronto emotional speech set data/YAF_angry/YAF_thin_angry.wav,tess,tess_YAF
4999,angry,data/tess/TESS Toronto emotional speech set data/YAF_angry/YAF_third_angry.wav,tess,tess_YAF
5000,angry,data/tess/TESS Toronto emotional speech set data/YAF_angry/YAF_thought_angry.wav,tess,tess_YAF
5001,angry,data/tess/TESS Toronto emotional speech set data/YAF_angry/YAF_thumb_angry.wav,tess,tess_YAF
5002,angry,data/tess/TESS Toronto emotional speech set data/YAF_angry/YAF_time_angry.wav,tess,tess_YAF
5003,angry,data/tess/TESS Toronto emotional speech set data/YAF_angry/YAF_tip_angry.wav,tess,tess_YAF
5004,angry,data/tess/TESS Toronto emotional speech set data/YAF_angry/YAF_tire_angry.wav,tess,tess_YAF
5005,angry,data/tess/TESS Toronto emotional speech set data/YAF_angry/YAF_ton_angry.wav,tess,tess_YAF
5006,angry,data/tess/TESS Toronto emotional speech set data/YAF_angry/YAF_tool_angry.wav,tess,tess_YAF
5007,angry,data/tess/TESS Toronto emotional speech set data/YAF_angry/YAF_tough_angry.wav,tess,tess_YAF
5008,angry,data/tess/TESS Toronto emotional speech set data/YAF_angry/YAF_turn_angry.wav,tess,tess_YAF
5009,angry,data/tess/TESS Toronto emotional speech set data/YAF_angry/YAF_vine_angry.wav,tess,tess_YAF
5010,angry,data/tess/TESS Toronto emotional speech set data/YAF_angry/YAF_voice_angry.wav,tess,tess_YAF
5011,angry,data/tess/TESS Toronto emotional speech set data/YAF_angry/YAF_void_angry.wav,tess,tess_YAF
5012,angry,data/tess/TESS Toronto emotional speech set data/YAF_angry/YAF_vote_angry.wav,tess,tess_YAF
5013,angry,data/tess/TESS Toronto emotional speech set data/YAF_angry/YAF_wag_angry.wav,tess,tess_YAF
5014,angry,data/tess/TESS Toronto emotional speech set data/YAF_angry/YAF_walk_angry.wav,tess,tess_YAF
5015,angry,data/tess/TESS Toronto emotional speech set data/YAF_angry/YAF_wash_angry.wav,tess,tess_YAF
5016,angry,data/tess/TESS Toronto emotional speech set data/YAF_angry/YAF_week_angry.wav,tess,tess_YAF
5017,angry,data/tess/TESS Toronto emotional speech set data/YAF_angry/YAF_wheat_angry.wav,tess,tess_YAF
5018,angry,data/tess/TESS Toronto emotional speech set data/YAF_angry/YAF_when_angry.wav,tess,tess_YAF
5019,angry,data/tess/TESS Toronto emotional speech set data/YAF_angry/YAF_which_angry.wav,tess,tess_YAF
5020,angry,data/tess/TESS Toronto emotional speech set data/YAF_angry/YAF_whip_angry.wav,tess,tess_YAF
5021,angry,data/tess/TESS Toronto emotional speech set data/YAF_angry/YAF_white_angry.wav,tess,tess_YAF
5022,angry,data/tess/TESS Toronto emotional speech set data/YAF_angry/YAF_wife_angry.wav,tess,tess_YAF
5023,angry,data/tess/TESS Toronto emotional speech set data/YAF_angry/YAF_wire_angry.wav,tess,tess_YAF
5024,angry,data/tess/TESS Toronto emotional speech set data/YAF_angry/YAF_witch_angry.wav,tess,tess_YAF
5025,angry,data/tess/TESS Toronto emotional speech set data/YAF_angry/YAF_yearn_angry.wav,tess,tess_YAF
5026,angry,data/tess/TESS Toronto emotional speech set data/YAF_angry/YAF_yes_angry.wav,tess,tess_YAF
5027,angry,data/tess/TESS Toronto emotional speech set data/YAF_angry/YAF_young_angry.wav,tess,tess_YAF
5028,angry,data/tess/TESS Toronto emotional speech set data/YAF_angry/YAF_youth_angry.wav,tess,tess_YAF
5029,angry,data/tess/YAF_angry/YAF_back_angry.wav,tess,tess_YAF
5030,angry,data/tess/YAF_angry/YAF_bar_angry.wav,tess,tess_YAF
5031,angry,data/tess/YAF_angry/YAF_base_angry.wav,tess,tess_YAF
5032,angry,data/tess/YAF_angry/YAF_bath_angry.wav,tess,tess_YAF
5033,angry,data/tess/YAF_angry/YAF_bean_angry.wav,tess,tess_YAF
5034,angry,data/tess/YAF_angry/YAF_beg_angry.wav,tess,tess_YAF
5035,angry,data/tess/YAF_angry/YAF_bite_angry.wav,tess,tess_YAF
5036,angry,data/tess/YAF_angry/YAF_boat_angry.wav,tess,tess_YAF
5037,angry,data/tess/YAF_angry/YAF_bone_angry.wav,tess,tess_YAF
5038,angry,data/tess/YAF_angry/YAF_book_angry.wav,tess,tess_YAF
5039,angry,data/tess/YAF_angry/YAF_bought_angry.wav,tess,tess_YAF
5040,angry,data/tess/YAF_angry/YAF_burn_angry.wav,tess,tess_YAF
5041,angry,data/tess/YAF_angry/YAF_cab_angry.wav,tess,tess_YAF
5042,angry,data/tess/YAF_angry/YAF_calm_angry.wav,tess,tess_YAF
5043,angry,data/tess/YAF_angry/YAF_came_angry.wav,tess,tess_YAF
5044,angry,data/tess/YAF_angry/YAF_cause_angry.wav,tess,tess_YAF
5045,angry,data/tess/YAF_angry/YAF_chain_angry.wav,tess,tess_YAF
5046,angry,data/tess/YAF_angry/YAF_chair_angry.wav,tess,tess_YAF
5047,angry,data/tess/YAF_angry/YAF_chalk_angry.wav,tess,tess_YAF
5048,angry,data/tess/YAF_angry/YAF_chat_angry.wav,tess,tess_YAF
5049,angry,data/tess/YAF_angry/YAF_check_angry.wav,tess,tess_YAF
5050,angry,data/tess/YAF_angry/YAF_cheek_angry.wav,tess,tess_YAF
5051,angry,data/tess/YAF_angry/YAF_chief_angry.wav,tess,tess_YAF
5052,angry,data/tess/YAF_angry/YAF_choice_angry.wav,tess,tess_YAF
5053,angry,data/tess/YAF_angry/YAF_cool_angry.wav,tess,tess_YAF
5054,angry,data/tess/YAF_angry/YAF_dab_angry.wav,tess,tess_YAF
5055,angry,data/tess/YAF_angry/YAF_date_angry.wav,tess,tess_YAF
5056,angry,data/tess/YAF_angry/YAF_dead_angry.wav,tess,tess_YAF
5057,angry,data/tess/YAF_angry/YAF_death_angry.wav,tess,tess_YAF
5058,angry,data/tess/YAF_angry/YAF_deep_angry.wav,tess,tess_YAF
5059,angry,data/tess/YAF_angry/YAF_dime_angry.wav,tess,tess_YAF
5060,angry,data/tess/YAF_angry/YAF_dip_angry.wav,tess,tess_YAF
5061,angry,data/tess/YAF_angry/YAF_ditch_angry.wav,tess,tess_YAF
5062,angry,data/tess/YAF_angry/YAF_dodge_angry.wav,tess,tess_YAF
5063,angry,data/tess/YAF_angry/YAF_dog_angry.wav,tess,tess_YAF
5064,angry,data/tess/YAF_angry/YAF_doll_angry.wav,tess,tess_YAF
5065,angry,data/tess/YAF_angry/YAF_door_angry.wav,tess,tess_YAF
5066,angry,data/tess/YAF_angry/YAF_fail_angry.wav,tess,tess_YAF
5067,angry,data/tess/YAF_angry/YAF_fall_angry.wav,tess,tess_YAF
5068,angry,data/tess/YAF_angry/YAF_far_angry.wav,tess,tess_YAF
5069,angry,data/tess/YAF_angry/YAF_fat_angry.wav,tess,tess_YAF
5070,angry,data/tess/YAF_angry/YAF_fit_angry.wav,tess,tess_YAF
5071,angry,data/tess/YAF_angry/YAF_five_angry.wav,tess,tess_YAF
5072,angry,data/tess/YAF_angry/YAF_food_angry.wav,tess,tess_YAF
5073,angry,data/tess/YAF_angry/YAF_gap_angry.wav,tess,tess_YAF
5074,angry,data/tess/YAF_angry/YAF_gas_angry.wav,tess,tess_YAF
5075,angry,data/tess/YAF_angry/YAF_gaze_angry.wav,tess,tess_YAF
5076,angry,data/tess/YAF_angry/YAF_germ_angry.wav,tess,tess_YAF
5077,angry,data/tess/YAF_angry/YAF_get_angry.wav,tess,tess_YAF
5078,angry,data/tess/YAF_angry/YAF_gin_angry.wav,tess,tess_YAF
5079,angry,data/tess/YAF_angry/YAF_goal_angry.wav,tess,tess_YAF
5080,angry,data/tess/YAF_angry/YAF_good_angry.wav,tess,tess_YAF
5081,angry,data/tess/YAF_angry/YAF_goose_angry.wav,tess,tess_YAF
5082,angry,data/tess/YAF_angry/YAF_gun_angry.wav,tess,tess_YAF
5083,angry,data/tess/YAF_angry/YAF_half_angry.wav,tess,tess_YAF
5084,angry,data/tess/YAF_angry/YAF_hall_angry.wav,tess,tess_YAF
5085,angry,data/tess/YAF_angry/YAF_hash_angry.wav,tess,tess_YAF
5086,angry,data/tess/YAF_angry/YAF_hate_angry.wav,tess,tess_YAF
5087,angry,data/tess/YAF_angry/YAF_have_angry.wav,tess,tess_YAF
5088,angry,data/tess/YAF_angry/YAF_haze_angry.wav,tess,tess_YAF
5089,angry,data/tess/YAF_angry/YAF_hire_angry.wav,tess,tess_YAF
5090,angry,data/tess/YAF_angry/YAF_hit_angry.wav,tess,tess_YAF
5091,angry,data/tess/YAF_angry/YAF_hole_angry.wav,tess,tess_YAF
5092,angry,data/tess/YAF_angry/YAF_home_angry.wav,tess,tess_YAF
5093,angry,data/tess/YAF_angry/YAF_hurl_angry.wav,tess,tess_YAF
5094,angry,data/tess/YAF_angry/YAF_hush_angry.wav,tess,tess_YAF
5095,angry,data/tess/YAF_angry/YAF_jail_angry.wav,tess,tess_YAF
5096,angry,data/tess/YAF_angry/YAF_jar_angry.wav,tess,tess_YAF
5097,angry,data/tess/YAF_angry/YAF_join_angry.wav,tess,tess_YAF
5098,angry,data/tess/YAF_angry/YAF_judge_angry.wav,tess,tess_YAF
5099,angry,data/tess/YAF_angry/YAF_jug_angry.wav,tess,tess_YAF
5100,angry,data/tess/YAF_angry/YAF_juice_angry.wav,tess,tess_YAF
5101,angry,data/tess/YAF_angry/YAF_keen_angry.wav,tess,tess_YAF
5102,angry,data/tess/YAF_angry/YAF_keep_angry.wav,tess,tess_YAF
5103,angry,data/tess/YAF_angry/YAF_keg_angry.wav,tess,tess_YAF
5104,angry,data/tess/YAF_angry/YAF_kick_angry.wav,tess,tess_YAF
5105,angry,data/tess/YAF_angry/YAF_kill_angry.wav,tess,tess_YAF
5106,angry,data/tess/YAF_angry/YAF_king_angry.wav,tess,tess_YAF
5107,angry,data/tess/YAF_angry/YAF_kite_angry.wav,tess,tess_YAF
5108,angry,data/tess/YAF_angry/YAF_knock_angry.wav,tess,tess_YAF
5109,angry,data/tess/YAF_angry/YAF_late_angry.wav,tess,tess_YAF
5110,angry,data/tess/YAF_angry/YAF_laud_angry.wav,tess,tess_YAF
5111,angry,data/tess/YAF_angry/YAF_lean_angry.wav,tess,tess_YAF
5112,angry,data/tess/YAF_angry/YAF_learn_angry.wav,tess,tess_YAF
5113,angry,data/tess/YAF_angry/YAF_lease_angry.wav,tess,tess_YAF
5114,angry,data/tess/YAF_angry/YAF_lid_angry.wav,tess,tess_YAF
5115,angry,data/tess/YAF_angry/YAF_life_angry.wav,tess,tess_YAF
5116,angry,data/tess/YAF_angry/YAF_limb_angry.wav,tess,tess_YAF
5117,angry,data/tess/YAF_angry/YAF_live_angry.wav,tess,tess_YAF
5118,angry,data/tess/YAF_angry/YAF_loaf_angry.wav,tess,tess_YAF
5119,angry,data/tess/YAF_angry/YAF_long_angry.wav,tess,tess_YAF
5120,angry,data/tess/YAF_angry/YAF_lore_angry.wav,tess,tess_YAF
5121,angry,data/tess/YAF_angry/YAF_lose_angry.wav,tess,tess_YAF
5122,angry,data/tess/YAF_angry/YAF_lot_angry.wav,tess,tess_YAF
5123,angry,data/tess/YAF_angry/YAF_love_angry.wav,tess,tess_YAF
5124,angry,data/tess/YAF_angry/YAF_luck_angry.wav,tess,tess_YAF
5125,angry,data/tess/YAF_angry/YAF_make_angry.wav,tess,tess_YAF
5126,angry,data/tess/YAF_angry/YAF_match_angry.wav,tess,tess_YAF
5127,angry,data/tess/YAF_angry/YAF_merge_angry.wav,tess,tess_YAF
5128,angry,data/tess/YAF_angry/YAF_mess_angry.wav,tess,tess_YAF
5129,angry,data/tess/YAF_angry/YAF_met_angry.wav,tess,tess_YAF
5130,angry,data/tess/YAF_angry/YAF_mill_angry.wav,tess,tess_YAF
5131,angry,data/tess/YAF_angry/YAF_mob_angry.wav,tess,tess_YAF
5132,angry,data/tess/YAF_angry/YAF_mode_angry.wav,tess,tess_YAF
5133,angry,data/tess/YAF_angry/YAF_mood_angry.wav,tess,tess_YAF
5134,angry,data/tess/YAF_angry/YAF_moon_angry.wav,tess,tess_YAF
5135,angry,data/tess/YAF_angry/YAF_mop_angry.wav,tess,tess_YAF
5136,angry,data/tess/YAF_angry/YAF_mouse_angry.wav,tess,tess_YAF
5137,angry,data/tess/YAF_angry/YAF_nag_angry.wav,tess,tess_YAF
5138,angry,data/tess/YAF_angry/YAF_name_angry.wav,tess,tess_YAF
5139,angry,data/tess/YAF_angry/YAF_near_angry.wav,tess,tess_YAF
5140,angry,data/tess/YAF_angry/YAF_neat_angry.wav,tess,tess_YAF
5141,angry,data/tess/YAF_angry/YAF_nice_angry.wav,tess,tess_YAF
5142,angry,data/tess/YAF_angry/YAF_note_angry.wav,tess,tess_YAF
5143,angry,data/tess/YAF_angry/YAF_numb_angry.wav,tess,tess_YAF
5144,angry,data/tess/YAF_angry/YAF_pad_angry.wav,tess,tess_YAF
5145,angry,data/tess/YAF_angry/YAF_page_angry.wav,tess,tess_YAF
5146,angry,data/tess/YAF_angry/YAF_pain_angry.wav,tess,tess_YAF
5147,angry,data/tess/YAF_angry/YAF_pass_angry.wav,tess,tess_YAF
5148,angry,data/tess/YAF_angry/YAF_pearl_angry.wav,tess,tess_YAF
5149,angry,data/tess/YAF_angry/YAF_peg_angry.wav,tess,tess_YAF
5150,angry,data/tess/YAF_angry/YAF_perch_angry.wav,tess,tess_YAF
5151,angry,data/tess/YAF_angry/YAF_phone_angry.wav,tess,tess_YAF
5152,angry,data/tess/YAF_angry/YAF_pick_angry.wav,tess,tess_YAF
5153,angry,data/tess/YAF_angry/YAF_pike_angry.wav,tess,tess_YAF
5154,angry,data/tess/YAF_angry/YAF_pole_angry.wav,tess,tess_YAF
5155,angry,data/tess/YAF_angry/YAF_pool_angry.wav,tess,tess_YAF
5156,angry,data/tess/YAF_angry/YAF_puff_angry.wav,tess,tess_YAF
5157,angry,data/tess/YAF_angry/YAF_rag_angry.wav,tess,tess_YAF
5158,angry,data/tess/YAF_angry/YAF_raid_angry.wav,tess,tess_YAF
5159,angry,data/tess/YAF_angry/YAF_rain_angry.wav,tess,tess_YAF
5160,angry,data/tess/YAF_angry/YAF_raise_angry.wav,tess,tess_YAF
5161,angry,data/tess/YAF_angry/YAF_rat_angry.wav,tess,tess_YAF
5162,angry,data/tess/YAF_angry/YAF_reach_angry.wav,tess,tess_YAF
5163,angry,data/tess/YAF_angry/YAF_read_angry.wav,tess,tess_YAF
5164,angry,data/tess/YAF_angry/YAF_red_angry.wav,tess,tess_YAF
5165,angry,data/tess/YAF_angry/YAF_ring_angry.wav,tess,tess_YAF
5166,angry,data/tess/YAF_angry/YAF_ripe_angry.wav,tess,tess_YAF
5167,angry,data/tess/YAF_angry/YAF_road_angry.wav,tess,tess_YAF
5168,angry,data/tess/YAF_angry/YAF_room_angry.wav,tess,tess_YAF
5169,angry,data/tess/YAF_angry/YAF_rose_angry.wav,tess,tess_YAF
5170,angry,data/tess/YAF_angry/YAF_rot_angry.wav,tess,tess_YAF
5171,angry,data/tess/YAF_angry/YAF_rough_angry.wav,tess,tess_YAF
5172,angry,data/tess/YAF_angry/YAF_rush_angry.wav,tess,tess_YAF
5173,angry,data/tess/YAF_angry/YAF_said_angry.wav,tess,tess_YAF
5174,angry,data/tess/YAF_angry/YAF_sail_angry.wav,tess,tess_YAF
5175,angry,data/tess/YAF_angry/YAF_search_angry.wav,tess,tess_YAF
5176,angry,data/tess/YAF_angry/YAF_seize_angry.wav,tess,tess_YAF
5177,angry,data/tess/YAF_angry/YAF_sell_angry.wav,tess,tess_YAF
5178,angry,data/tess/YAF_angry/YAF_shack_angry.wav,tess,tess_YAF
5179,angry,data/tess/YAF_angry/YAF_shall_angry.wav,tess,tess_YAF
5180,angry,data/tess/YAF_angry/YAF_shawl_angry.wav,tess,tess_YAF
5181,angry,data/tess/YAF_angry/YAF_sheep_angry.wav,tess,tess_YAF
5182,angry,data/tess/YAF_angry/YAF_shirt_angry.wav,tess,tess_YAF
5183,angry,data/tess/YAF_angry/YAF_should_angry.wav,tess,tess_YAF
5184,angry,data/tess/YAF_angry/YAF_shout_angry.wav,tess,tess_YAF
5185,angry,data/tess/YAF_angry/YAF_size_angry.wav,tess,tess_YAF
5186,angry,data/tess/YAF_angry/YAF_soap_angry.wav,tess,tess_YAF
5187,angry,data/tess/YAF_angry/YAF_soup_angry.wav,tess,tess_YAF
5188,angry,data/tess/YAF_angry/YAF_sour_angry.wav,tess,tess_YAF
5189,angry,data/tess/YAF_angry/YAF_south_angry.wav,tess,tess_YAF
5190,angry,data/tess/YAF_angry/YAF_sub_angry.wav,tess,tess_YAF
5191,angry,data/tess/YAF_angry/YAF_such_angry.wav,tess,tess_YAF
5192,angry,data/tess/YAF_angry/YAF_sure_angry.wav,tess,tess_YAF
5193,angry,data/tess/YAF_angry/YAF_take_angry.wav,tess,tess_YAF
5194,angry,data/tess/YAF_angry/YAF_talk_angry.wav,tess,tess_YAF
5195,angry,data/tess/YAF_angry/YAF_tape_angry.wav,tess,tess_YAF
5196,angry,data/tess/YAF_angry/YAF_team_angry.wav,tess,tess_YAF
5197,angry,data/tess/YAF_angry/YAF_tell_angry.wav,tess,tess_YAF
5198,angry,data/tess/YAF_angry/YAF_thin_angry.wav,tess,tess_YAF
5199,angry,data/tess/YAF_angry/YAF_third_angry.wav,tess,tess_YAF
5200,angry,data/tess/YAF_angry/YAF_thought_angry.wav,tess,tess_YAF
5201,angry,data/tess/YAF_angry/YAF_thumb_angry.wav,tess,tess_YAF
5202,angry,data/tess/YAF_angry/YAF_time_angry.wav,tess,tess_YAF
5203,angry,data/tess/YAF_angry/YAF_tip_angry.wav,tess,tess_YAF
5204,angry,data/tess/YAF_angry/YAF_tire_angry.wav,tess,tess_YAF
5205,angry,data/tess/YAF_angry/YAF_ton_angry.wav,tess,tess_YAF
5206,angry,data/tess/YAF_angry/YAF_tool_angry.wav,tess,tess_YAF
5207,angry,data/tess/YAF_angry/YAF_tough_angry.wav,tess,tess_YAF
5208,angry,data/tess/YAF_angry/YAF_turn_angry.wav,tess,tess_YAF
5209,angry,data/tess/YAF_angry/YAF_vine_angry.wav,tess,tess_YAF
5210,angry,data/tess/YAF_angry/YAF_voice_angry.wav,tess,tess_YAF
5211,angry,data/tess/YAF_angry/YAF_void_angry.wav,tess,tess_YAF
5212,angry,data/tess/YAF_angry/YAF_vote_angry.wav,tess,tess_YAF
5213,angry,data/tess/YAF_angry/YAF_wag_angry.wav,tess,tess_YAF
5214,angry,data/tess/YAF_angry/YAF_walk_angry.wav,tess,tess_YAF
5215,angry,data/tess/YAF_angry/YAF_wash_angry.wav,tess,tess_YAF
5216,angry,data/tess/YAF_angry/YAF_week_angry.wav,tess,tess_YAF
5217,angry,data/tess/YAF_angry/YAF_wheat_angry.wav,tess,tess_YAF
5218,angry,data/tess/YAF_angry/YAF_when_angry.wav,tess,tess_YAF
5219,angry,data/tess/YAF_angry/YAF_which_angry.wav,tess,tess_YAF
5220,angry,data/tess/YAF_angry/YAF_whip_angry.wav,tess,tess_YAF
5221,angry,data/tess/YAF_angry/YAF_white_angry.wav,tess,tess_YAF
5222,angry,data/tess/YAF_angry/YAF_wife_angry.wav,tess,tess_YAF
5223,angry,data/tess/YAF_angry/YAF_wire_angry.wav,tess,tess_YAF
5224,angry,data/tess/YAF_angry/YAF_witch_angry.wav,tess,tess_YAF
5225,angry,data/tess/YAF_angry/YAF_yearn_angry.wav,tess,tess_YAF
5226,angry,data/tess/YAF_angry/YAF_yes_angry.wav,tess,tess_YAF
5227,angry,data/tess/YAF_angry/YAF_young_angry.wav,tess,tess_YAF
5228,angry,data/tess/YAF_angry/YAF_youth_angry.wav,tess,tess_YAF
5229,disgust,data/tess/OAF_disgust/OAF_back_disgust.wav,tess,tess_OAF
5230,disgust,data/tess/OAF_disgust/OAF_bar_disgust.wav,tess,tess_OAF
5231,disgust,data/tess/OAF_disgust/OAF_base_disgust.wav,tess,tess_OAF
5232,disgust,data/tess/OAF_disgust/OAF_bath_disgust.wav,tess,tess_OAF
5233,disgust,data/tess/OAF_disgust/OAF_bean_disgust.wav,tess,tess_OAF
5234,disgust,data/tess/OAF_disgust/OAF_beg_disgust.wav,tess,tess_OAF
5235,disgust,data/tess/OAF_disgust/OAF_bite_disgust.wav,tess,tess_OAF
5236,disgust,data/tess/OAF_disgust/OAF_boat_disgust.wav,tess,tess_OAF
5237,disgust,data/tess/OAF_disgust/OAF_bone_disgust.wav,tess,tess_OAF
5238,disgust,data/tess/OAF_disgust/OAF_book_disgust.wav,tess,tess_OAF
5239,disgust,data/tess/OAF_disgust/OAF_bought_disgust.wav,tess,tess_OAF
5240,disgust,data/tess/OAF_disgust/OAF_burn_disgust.wav,tess,tess_OAF
5241,disgust,data/tess/OAF_disgust/OAF_cab_disgust.wav,tess,tess_OAF
5242,disgust,data/tess/OAF_disgust/OAF_calm_disgust.wav,tess,tess_OAF
5243,disgust,data/tess/OAF_disgust/OAF_came_disgust.wav,tess,tess_OAF
5244,disgust,data/tess/OAF_disgust/OAF_cause_disgust.wav,tess,tess_OAF
5245,disgust,data/tess/OAF_disgust/OAF_chain_disgust.wav,tess,tess_OAF
5246,disgust,data/tess/OAF_disgust/OAF_chair_disgust.wav,tess,tess_OAF
5247,disgust,data/tess/OAF_disgust/OAF_chalk_disgust.wav,tess,tess_OAF
5248,disgust,data/tess/OAF_disgust/OAF_chat_disgust.wav,tess,tess_OAF
5249,disgust,data/tess/OAF_disgust/OAF_check_disgust.wav,tess,tess_OAF
5250,disgust,data/tess/OAF_disgust/OAF_cheek_disgust.wav,tess,tess_OAF
5251,disgust,data/tess/OAF_disgust/OAF_chief_disgust.wav,tess,tess_OAF
5252,disgust,data/tess/OAF_disgust/OAF_choice_disgust.wav,tess,tess_OAF
5253,disgust,data/tess/OAF_disgust/OAF_cool_disgust.wav,tess,tess_OAF
5254,disgust,data/tess/OAF_disgust/OAF_dab_disgust.wav,tess,tess_OAF
5255,disgust,data/tess/OAF_disgust/OAF_date_disgust.wav,tess,tess_OAF
5256,disgust,data/tess/OAF_disgust/OAF_dead_disgust.wav,tess,tess_OAF
5257,disgust,data/tess/OAF_disgust/OAF_death_disgust.wav,tess,tess_OAF
5258,disgust,data/tess/OAF_disgust/OAF_deep_disgust.wav,tess,tess_OAF
5259,disgust,data/tess/OAF_disgust/OAF_dime_disgust.wav,tess,tess_OAF
5260,disgust,data/tess/OAF_disgust/OAF_dip_disgust.wav,tess,tess_OAF
5261,disgust,data/tess/OAF_disgust/OAF_ditch_disgust.wav,tess,tess_OAF
5262,disgust,data/tess/OAF_disgust/OAF_dodge_disgust.wav,tess,tess_OAF
5263,disgust,data/tess/OAF_disgust/OAF_dog_disgust.wav,tess,tess_OAF
5264,disgust,data/tess/OAF_disgust/OAF_doll_disgust.wav,tess,tess_OAF
5265,disgust,data/tess/OAF_disgust/OAF_door_disgust.wav,tess,tess_OAF
5266,disgust,data/tess/OAF_disgust/OAF_fail_disgust.wav,tess,tess_OAF
5267,disgust,data/tess/OAF_disgust/OAF_fall_disgust.wav,tess,tess_OAF
5268,disgust,data/tess/OAF_disgust/OAF_far_disgust.wav,tess,tess_OAF
5269,disgust,data/tess/OAF_disgust/OAF_fat_disgust.wav,tess,tess_OAF
5270,disgust,data/tess/OAF_disgust/OAF_fit_disgust.wav,tess,tess_OAF
5271,disgust,data/tess/OAF_disgust/OAF_five_disgust.wav,tess,tess_OAF
5272,disgust,data/tess/OAF_disgust/OAF_food_disgust.wav,tess,tess_OAF
5273,disgust,data/tess/OAF_disgust/OAF_gap_disgust.wav,tess,tess_OAF
5274,disgust,data/tess/OAF_disgust/OAF_gas_disgust.wav,tess,tess_OAF
5275,disgust,data/tess/OAF_disgust/OAF_gaze_disgust.wav,tess,tess_OAF
5276,disgust,data/tess/OAF_disgust/OAF_germ_disgust.wav,tess,tess_OAF
5277,disgust,data/tess/OAF_disgust/OAF_get_disgust.wav,tess,tess_OAF
5278,disgust,data/tess/OAF_disgust/OAF_gin_disgust.wav,tess,tess_OAF
5279,disgust,data/tess/OAF_disgust/OAF_goal_disgust.wav,tess,tess_OAF
5280,disgust,data/tess/OAF_disgust/OAF_good_disgust.wav,tess,tess_OAF
5281,disgust,data/tess/OAF_disgust/OAF_goose_disgust.wav,tess,tess_OAF
5282,disgust,data/tess/OAF_disgust/OAF_gun_disgust.wav,tess,tess_OAF
5283,disgust,data/tess/OAF_disgust/OAF_half_disgust.wav,tess,tess_OAF
5284,disgust,data/tess/OAF_disgust/OAF_hall_disgust.wav,tess,tess_OAF
5285,disgust,data/tess/OAF_disgust/OAF_hash_disgust.wav,tess,tess_OAF
5286,disgust,data/tess/OAF_disgust/OAF_hate_disgust.wav,tess,tess_OAF
5287,disgust,data/tess/OAF_disgust/OAF_have_disgust.wav,tess,tess_OAF
5288,disgust,data/tess/OAF_disgust/OAF_haze_disgust.wav,tess,tess_OAF
5289,disgust,data/tess/OAF_disgust/OAF_hire_disgust.wav,tess,tess_OAF
5290,disgust,data/tess/OAF_disgust/OAF_hit_disgust.wav,tess,tess_OAF
5291,disgust,data/tess/OAF_disgust/OAF_hole_disgust.wav,tess,tess_OAF
5292,disgust,data/tess/OAF_disgust/OAF_home_disgust.wav,tess,tess_OAF
5293,disgust,data/tess/OAF_disgust/OAF_hurl_disgust.wav,tess,tess_OAF
5294,disgust,data/tess/OAF_disgust/OAF_hush_disgust.wav,tess,tess_OAF
5295,disgust,data/tess/OAF_disgust/OAF_jail_disgust.wav,tess,tess_OAF
5296,disgust,data/tess/OAF_disgust/OAF_jar_disgust.wav,tess,tess_OAF
5297,disgust,data/tess/OAF_disgust/OAF_join_disgust.wav,tess,tess_OAF
5298,disgust,data/tess/OAF_disgust/OAF_judge_disgust.wav,tess,tess_OAF
5299,disgust,data/tess/OAF_disgust/OAF_jug_disgust.wav,tess,tess_OAF
5300,disgust,data/tess/OAF_disgust/OAF_juice_disgust.wav,tess,tess_OAF
5301,disgust,data/tess/OAF_disgust/OAF_keen_disgust.wav,tess,tess_OAF
5302,disgust,data/tess/OAF_disgust/OAF_keep_disgust.wav,tess,tess_OAF
5303,disgust,data/tess/OAF_disgust/OAF_keg_disgust.wav,tess,tess_OAF
5304,disgust,data/tess/OAF_disgust/OAF_kick_disgust.wav,tess,tess_OAF
5305,disgust,data/tess/OAF_disgust/OAF_kill_disgust.wav,tess,tess_OAF
5306,disgust,data/tess/OAF_disgust/OAF_king_disgust.wav,tess,tess_OAF
5307,disgust,data/tess/OAF_disgust/OAF_kite_disgust.wav,tess,tess_OAF
5308,disgust,data/tess/OAF_disgust/OAF_knock_disgust.wav,tess,tess_OAF
5309,disgust,data/tess/OAF_disgust/OAF_late_disgust.wav,tess,tess_OAF
5310,disgust,data/tess/OAF_disgust/OAF_laud_disgust.wav,tess,tess_OAF
5311,disgust,data/tess/OAF_disgust/OAF_lean_disgust.wav,tess,tess_OAF
5312,disgust,data/tess/OAF_disgust/OAF_learn_disgust.wav,tess,tess_OAF
5313,disgust,data/tess/OAF_disgust/OAF_lease_disgust.wav,tess,tess_OAF
5314,disgust,data/tess/OAF_disgust/OAF_lid_disgust.wav,tess,tess_OAF
5315,disgust,data/tess/OAF_disgust/OAF_life_disgust.wav,tess,tess_OAF
5316,disgust,data/tess/OAF_disgust/OAF_limb_disgust.wav,tess,tess_OAF
5317,disgust,data/tess/OAF_disgust/OAF_live_disgust.wav,tess,tess_OAF
5318,disgust,data/tess/OAF_disgust/OAF_loaf_disgust.wav,tess,tess_OAF
5319,disgust,data/tess/OAF_disgust/OAF_long_disgust.wav,tess,tess_OAF
5320,disgust,data/tess/OAF_disgust/OAF_lore_disgust.wav,tess,tess_OAF
5321,disgust,data/tess/OAF_disgust/OAF_lose_disgust.wav,tess,tess_OAF
5322,disgust,data/tess/OAF_disgust/OAF_lot_disgust.wav,tess,tess_OAF
5323,disgust,data/tess/OAF_disgust/OAF_love_disgust.wav,tess,tess_OAF
5324,disgust,data/tess/OAF_disgust/OAF_luck_disgust.wav,tess,tess_OAF
5325,disgust,data/tess/OAF_disgust/OAF_make_disgust.wav,tess,tess_OAF
5326,disgust,data/tess/OAF_disgust/OAF_match_disgust.wav,tess,tess_OAF
5327,disgust,data/tess/OAF_disgust/OAF_merge_disgust.wav,tess,tess_OAF
5328,disgust,data/tess/OAF_disgust/OAF_mess_disgust.wav,tess,tess_OAF
5329,disgust,data/tess/OAF_disgust/OAF_met_disgust.wav,tess,tess_OAF
5330,disgust,data/tess/OAF_disgust/OAF_mill_disgust.wav,tess,tess_OAF
5331,disgust,data/tess/OAF_disgust/OAF_mob_disgust.wav,tess,tess_OAF
5332,disgust,data/tess/OAF_disgust/OAF_mode_disgust.wav,tess,tess_OAF
5333,disgust,data/tess/OAF_disgust/OAF_mood_disgust.wav,tess,tess_OAF
5334,disgust,data/tess/OAF_disgust/OAF_moon_disgust.wav,tess,tess_OAF
5335,disgust,data/tess/OAF_disgust/OAF_mop_disgust.wav,tess,tess_OAF
5336,disgust,data/tess/OAF_disgust/OAF_mouse_disgust.wav,tess,tess_OAF
5337,disgust,data/tess/OAF_disgust/OAF_nag_disgust.wav,tess,tess_OAF
5338,disgust,data/tess/OAF_disgust/OAF_name_disgust.wav,tess,tess_OAF
5339,disgust,data/tess/OAF_disgust/OAF_near_disgust.wav,tess,tess_OAF
5340,disgust,data/tess/OAF_disgust/OAF_neat_disgust.wav,tess,tess_OAF
5341,disgust,data/tess/OAF_disgust/OAF_nice_disgust.wav,tess,tess_OAF
5342,disgust,data/tess/OAF_disgust/OAF_note_disgust.wav,tess,tess_OAF
5343,disgust,data/tess/OAF_disgust/OAF_numb_disgust.wav,tess,tess_OAF
5344,disgust,data/tess/OAF_disgust/OAF_pad_disgust.wav,tess,tess_OAF
5345,disgust,data/tess/OAF_disgust/OAF_page_disgust.wav,tess,tess_OAF
5346,disgust,data/tess/OAF_disgust/OAF_pain_disgust.wav,tess,tess_OAF
5347,disgust,data/tess/OAF_disgust/OAF_pass_disgust.wav,tess,tess_OAF
5348,disgust,data/tess/OAF_disgust/OAF_pearl_disgust.wav,tess,tess_OAF
5349,disgust,data/tess/OAF_disgust/OAF_peg_disgust.wav,tess,tess_OAF
5350,disgust,data/tess/OAF_disgust/OAF_perch_disgust.wav,tess,tess_OAF
5351,disgust,data/tess/OAF_disgust/OAF_phone_disgust.wav,tess,tess_OAF
5352,disgust,data/tess/OAF_disgust/OAF_pick_disgust.wav,tess,tess_OAF
5353,disgust,data/tess/OAF_disgust/OAF_pike_disgust.wav,tess,tess_OAF
5354,disgust,data/tess/OAF_disgust/OAF_pole_disgust.wav,tess,tess_OAF
5355,disgust,data/tess/OAF_disgust/OAF_pool_disgust.wav,tess,tess_OAF
5356,disgust,data/tess/OAF_disgust/OAF_puff_disgust.wav,tess,tess_OAF
5357,disgust,data/tess/OAF_disgust/OAF_rag_disgust.wav,tess,tess_OAF
5358,disgust,data/tess/OAF_disgust/OAF_raid_disgust.wav,tess,tess_OAF
5359,disgust,data/tess/OAF_disgust/OAF_rain_disgust.wav,tess,tess_OAF
5360,disgust,data/tess/OAF_disgust/OAF_raise_disgust.wav,tess,tess_OAF
5361,disgust,data/tess/OAF_disgust/OAF_rat_disgust.wav,tess,tess_OAF
5362,disgust,data/tess/OAF_disgust/OAF_reach_disgust.wav,tess,tess_OAF
5363,disgust,data/tess/OAF_disgust/OAF_read_disgust.wav,tess,tess_OAF
5364,disgust,data/tess/OAF_disgust/OAF_red_disgust.wav,tess,tess_OAF
5365,disgust,data/tess/OAF_disgust/OAF_ring_disgust.wav,tess,tess_OAF
5366,disgust,data/tess/OAF_disgust/OAF_ripe_disgust.wav,tess,tess_OAF
5367,disgust,data/tess/OAF_disgust/OAF_road_disgust.wav,tess,tess_OAF
5368,disgust,data/tess/OAF_disgust/OAF_room_disgust.wav,tess,tess_OAF
5369,disgust,data/tess/OAF_disgust/OAF_rose_disgust.wav,tess,tess_OAF
5370,disgust,data/tess/OAF_disgust/OAF_rot_disgust.wav,tess,tess_OAF
5371,disgust,data/tess/OAF_disgust/OAF_rough_disgust.wav,tess,tess_OAF
5372,disgust,data/tess/OAF_disgust/OAF_rush_disgust.wav,tess,tess_OAF
5373,disgust,data/tess/OAF_disgust/OAF_said_disgust.wav,tess,tess_OAF
5374,disgust,data/tess/OAF_disgust/OAF_sail_disgust.wav,tess,tess_OAF
5375,disgust,data/tess/OAF_disgust/OAF_search_disgust.wav,tess,tess_OAF
5376,disgust,data/tess/OAF_disgust/OAF_seize_disgust.wav,tess,tess_OAF
5377,disgust,data/tess/OAF_disgust/OAF_sell_disgust.wav,tess,tess_OAF
5378,disgust,data/tess/OAF_disgust/OAF_shack_disgust.wav,tess,tess_OAF
5379,disgust,data/tess/OAF_disgust/OAF_shall_disgust.wav,tess,tess_OAF
5380,disgust,data/tess/OAF_disgust/OAF_shawl_disgust.wav,tess,tess_OAF
5381,disgust,data/tess/OAF_disgust/OAF_sheep_disgust.wav,tess,tess_OAF
5382,disgust,data/tess/OAF_disgust/OAF_shirt_disgust.wav,tess,tess_OAF
5383,disgust,data/tess/OAF_disgust/OAF_should_disgust.wav,tess,tess_OAF
5384,disgust,data/tess/OAF_disgust/OAF_shout_disgust.wav,tess,tess_OAF
5385,disgust,data/tess/OAF_disgust/OAF_size_disgust.wav,tess,tess_OAF
5386,disgust,data/tess/OAF_disgust/OAF_soap_disgust.wav,tess,tess_OAF
5387,disgust,data/tess/OAF_disgust/OAF_soup_disgust.wav,tess,tess_OAF
5388,disgust,data/tess/OAF_disgust/OAF_sour_disgust.wav,tess,tess_OAF
5389,disgust,data/tess/OAF_disgust/OAF_south_disgust.wav,tess,tess_OAF
5390,disgust,data/tess/OAF_disgust/OAF_sub_disgust.wav,tess,tess_OAF
5391,disgust,data/tess/OAF_disgust/OAF_such_disgust.wav,tess,tess_OAF
5392,disgust,data/tess/OAF_disgust/OAF_sure_disgust.wav,tess,tess_OAF
5393,disgust,data/tess/OAF_disgust/OAF_take_disgust.wav,tess,tess_OAF
5394,disgust,data/tess/OAF_disgust/OAF_talk_disgust.wav,tess,tess_OAF
5395,disgust,data/tess/OAF_disgust/OAF_tape_disgust.wav,tess,tess_OAF
5396,disgust,data/tess/OAF_disgust/OAF_team_disgust.wav,tess,tess_OAF
5397,disgust,data/tess/OAF_disgust/OAF_tell_disgust.wav,tess,tess_OAF
5398,disgust,data/tess/OAF_disgust/OAF_thin_disgust.wav,tess,tess_OAF
5399,disgust,data/tess/OAF_disgust/OAF_third_disgust.wav,tess,tess_OAF
5400,disgust,data/tess/OAF_disgust/OAF_thought_disgust.wav,tess,tess_OAF
5401,disgust,data/tess/OAF_disgust/OAF_thumb_disgust.wav,tess,tess_OAF
5402,disgust,data/tess/OAF_disgust/OAF_time_disgust.wav,tess,tess_OAF
5403,disgust,data/tess/OAF_disgust/OAF_tip_disgust.wav,tess,tess_OAF
5404,disgust,data/tess/OAF_disgust/OAF_tire_disgust.wav,tess,tess_OAF
5405,disgust,data/tess/OAF_disgust/OAF_ton_disgust.wav,tess,tess_OAF
5406,disgust,data/tess/OAF_disgust/OAF_tool_disgust.wav,tess,tess_OAF
5407,disgust,data/tess/OAF_disgust/OAF_tough_disgust.wav,tess,tess_OAF
5408,disgust,data/tess/OAF_disgust/OAF_turn_disgust.wav,tess,tess_OAF
5409,disgust,data/tess/OAF_disgust/OAF_vine_disgust.wav,tess,tess_OAF
5410,disgust,data/tess/OAF_disgust/OAF_voice_disgust.wav,tess,tess_OAF
5411,disgust,data/tess/OAF_disgust/OAF_void_disgust.wav,tess,tess_OAF
5412,disgust,data/tess/OAF_disgust/OAF_vote_disgust.wav,tess,tess_OAF
5413,disgust,data/tess/OAF_disgust/OAF_wag_disgust.wav,tess,tess_OAF
5414,disgust,data/tess/OAF_disgust/OAF_walk_disgust.wav,tess,tess_OAF
5415,disgust,data/tess/OAF_disgust/OAF_wash_disgust.wav,tess,tess_OAF
5416,disgust,data/tess/OAF_disgust/OAF_week_disgust.wav,tess,tess_OAF
5417,disgust,data/tess/OAF_disgust/OAF_wheat_disgust.wav,tess,tess_OAF
5418,disgust,data/tess/OAF_disgust/OAF_when_disgust.wav,tess,tess_OAF
5419,disgust,data/tess/OAF_disgust/OAF_which_disgust.wav,tess,tess_OAF
5420,disgust,data/tess/OAF_disgust/OAF_whip_disgust.wav,tess,tess_OAF
5421,disgust,data/tess/OAF_disgust/OAF_white_disgust.wav,tess,tess_OAF
5422,disgust,data/tess/OAF_disgust/OAF_wife_disgust.wav,tess,tess_OAF
5423,disgust,data/tess/OAF_disgust/OAF_wire_disgust.wav,tess,tess_OAF
5424,disgust,data/tess/OAF_disgust/OAF_witch_disgust.wav,tess,tess_OAF
5425,disgust,data/tess/OAF_disgust/OAF_yearn_disgust.wav,tess,tess_OAF
5426,disgust,data/tess/OAF_disgust/OAF_yes_disgust.wav,tess,tess_OAF
5427,disgust,data/tess/OAF_disgust/OAF_young_disgust.wav,tess,tess_OAF
5428,disgust,data/tess/OAF_disgust/OAF_youth_disgust.wav,tess,tess_OAF
5429,disgust,data/tess/TESS Toronto emotional speech set data/OAF_disgust/OAF_back_disgust.wav,tess,tess_OAF
5430,disgust,data/tess/TESS Toronto emotional speech set data/OAF_disgust/OAF_bar_disgust.wav,tess,tess_OAF
5431,disgust,data/tess/TESS Toronto emotional speech set data/OAF_disgust/OAF_base_disgust.wav,tess,tess_OAF
5432,disgust,data/tess/TESS Toronto emotional speech set data/OAF_disgust/OAF_bath_disgust.wav,tess,tess_OAF
5433,disgust,data/tess/TESS Toronto emotional speech set data/OAF_disgust/OAF_bean_disgust.wav,tess,tess_OAF
5434,disgust,data/tess/TESS Toronto emotional speech set data/OAF_disgust/OAF_beg_disgust.wav,tess,tess_OAF
5435,disgust,data/tess/TESS Toronto emotional speech set data/OAF_disgust/OAF_bite_disgust.wav,tess,tess_OAF
5436,disgust,data/tess/TESS Toronto emotional speech set data/OAF_disgust/OAF_boat_disgust.wav,tess,tess_OAF
5437,disgust,data/tess/TESS Toronto emotional speech set data/OAF_disgust/OAF_bone_disgust.wav,tess,tess_OAF
5438,disgust,data/tess/TESS Toronto emotional speech set data/OAF_disgust/OAF_book_disgust.wav,tess,tess_OAF
5439,disgust,data/tess/TESS Toronto emotional speech set data/OAF_disgust/OAF_bought_disgust.wav,tess,tess_OAF
5440,disgust,data/tess/TESS Toronto emotional speech set data/OAF_disgust/OAF_burn_disgust.wav,tess,tess_OAF
5441,disgust,data/tess/TESS Toronto emotional speech set data/OAF_disgust/OAF_cab_disgust.wav,tess,tess_OAF
5442,disgust,data/tess/TESS Toronto emotional speech set data/OAF_disgust/OAF_calm_disgust.wav,tess,tess_OAF
5443,disgust,data/tess/TESS Toronto emotional speech set data/OAF_disgust/OAF_came_disgust.wav,tess,tess_OAF
5444,disgust,data/tess/TESS Toronto emotional speech set data/OAF_disgust/OAF_cause_disgust.wav,tess,tess_OAF
5445,disgust,data/tess/TESS Toronto emotional speech set data/OAF_disgust/OAF_chain_disgust.wav,tess,tess_OAF
5446,disgust,data/tess/TESS Toronto emotional speech set data/OAF_disgust/OAF_chair_disgust.wav,tess,tess_OAF
5447,disgust,data/tess/TESS Toronto emotional speech set data/OAF_disgust/OAF_chalk_disgust.wav,tess,tess_OAF
5448,disgust,data/tess/TESS Toronto emotional speech set data/OAF_disgust/OAF_chat_disgust.wav,tess,tess_OAF
5449,disgust,data/tess/TESS Toronto emotional speech set data/OAF_disgust/OAF_check_disgust.wav,tess,tess_OAF
5450,disgust,data/tess/TESS Toronto emotional speech set data/OAF_disgust/OAF_cheek_disgust.wav,tess,tess_OAF
5451,disgust,data/tess/TESS Toronto emotional speech set data/OAF_disgust/OAF_chief_disgust.wav,tess,tess_OAF
5452,disgust,data/tess/TESS Toronto emotional speech set data/OAF_disgust/OAF_choice_disgust.wav,tess,tess_OAF
5453,disgust,data/tess/TESS Toronto emotional speech set data/OAF_disgust/OAF_cool_disgust.wav,tess,tess_OAF
5454,disgust,data/tess/TESS Toronto emotional speech set data/OAF_disgust/OAF_dab_disgust.wav,tess,tess_OAF
5455,disgust,data/tess/TESS Toronto emotional speech set data/OAF_disgust/OAF_date_disgust.wav,tess,tess_OAF
5456,disgust,data/tess/TESS Toronto emotional speech set data/OAF_disgust/OAF_dead_disgust.wav,tess,tess_OAF
5457,disgust,data/tess/TESS Toronto emotional speech set data/OAF_disgust/OAF_death_disgust.wav,tess,tess_OAF
5458,disgust,data/tess/TESS Toronto emotional speech set data/OAF_disgust/OAF_deep_disgust.wav,tess,tess_OAF
5459,disgust,data/tess/TESS Toronto emotional speech set data/OAF_disgust/OAF_dime_disgust.wav,tess,tess_OAF
5460,disgust,data/tess/TESS Toronto emotional speech set data/OAF_disgust/OAF_dip_disgust.wav,tess,tess_OAF
5461,disgust,data/tess/TESS Toronto emotional speech set data/OAF_disgust/OAF_ditch_disgust.wav,tess,tess_OAF
5462,disgust,data/tess/TESS Toronto emotional speech set data/OAF_disgust/OAF_dodge_disgust.wav,tess,tess_OAF
5463,disgust,data/tess/TESS Toronto emotional speech set data/OAF_disgust/OAF_dog_disgust.wav,tess,tess_OAF
5464,disgust,data/tess/TESS Toronto emotional speech set data/OAF_disgust/OAF_doll_disgust.wav,tess,tess_OAF
5465,disgust,data/tess/TESS Toronto emotional speech set data/OAF_disgust/OAF_door_disgust.wav,tess,tess_OAF
5466,disgust,data/tess/TESS Toronto emotional speech set data/OAF_disgust/OAF_fail_disgust.wav,tess,tess_OAF
5467,disgust,data/tess/TESS Toronto emotional speech set data/OAF_disgust/OAF_fall_disgust.wav,tess,tess_OAF
5468,disgust,data/tess/TESS Toronto emotional speech set data/OAF_disgust/OAF_far_disgust.wav,tess,tess_OAF
5469,disgust,data/tess/TESS Toronto emotional speech set data/OAF_disgust/OAF_fat_disgust.wav,tess,tess_OAF
5470,disgust,data/tess/TESS Toronto emotional speech set data/OAF_disgust/OAF_fit_disgust.wav,tess,tess_OAF
5471,disgust,data/tess/TESS Toronto emotional speech set data/OAF_disgust/OAF_five_disgust.wav,tess,tess_OAF
5472,disgust,data/tess/TESS Toronto emotional speech set data/OAF_disgust/OAF_food_disgust.wav,tess,tess_OAF
5473,disgust,data/tess/TESS Toronto emotional speech set data/OAF_disgust/OAF_gap_disgust.wav,tess,tess_OAF
5474,disgust,data/tess/TESS Toronto emotional speech set data/OAF_disgust/OAF_gas_disgust.wav,tess,tess_OAF
5475,disgust,data/tess/TESS Toronto emotional speech set data/OAF_disgust/OAF_gaze_disgust.wav,tess,tess_OAF
5476,disgust,data/tess/TESS Toronto emotional speech set data/OAF_disgust/OAF_germ_disgust.wav,tess,tess_OAF
5477,disgust,data/tess/TESS Toronto emotional speech set data/OAF_disgust/OAF_get_disgust.wav,tess,tess_OAF
5478,disgust,data/tess/TESS Toronto emotional speech set data/OAF_disgust/OAF_gin_disgust.wav,tess,tess_OAF
5479,disgust,data/tess/TESS Toronto emotional speech set data/OAF_disgust/OAF_goal_disgust.wav,tess,tess_OAF
5480,disgust,data/tess/TESS Toronto emotional speech set data/OAF_disgust/OAF_good_disgust.wav,tess,tess_OAF
5481,disgust,data/tess/TESS Toronto emotional speech set data/OAF_disgust/OAF_goose_disgust.wav,tess,tess_OAF
5482,disgust,data/tess/TESS Toronto emotional speech set data/OAF_disgust/OAF_gun_disgust.wav,tess,tess_OAF
5483,disgust,data/tess/TESS Toronto emotional speech set data/OAF_disgust/OAF_half_disgust.wav,tess,tess_OAF
5484,disgust,data/tess/TESS Toronto emotional speech set data/OAF_disgust/OAF_hall_disgust.wav,tess,tess_OAF
5485,disgust,data/tess/TESS Toronto emotional speech set data/OAF_disgust/OAF_hash_disgust.wav,tess,tess_OAF
5486,disgust,data/tess/TESS Toronto emotional speech set data/OAF_disgust/OAF_hate_disgust.wav,tess,tess_OAF
5487,disgust,data/tess/TESS Toronto emotional speech set data/OAF_disgust/OAF_have_disgust.wav,tess,tess_OAF
5488,disgust,data/tess/TESS Toronto emotional speech set data/OAF_disgust/OAF_haze_disgust.wav,tess,tess_OAF
5489,disgust,data/tess/TESS Toronto emotional speech set data/OAF_disgust/OAF_hire_disgust.wav,tess,tess_OAF
5490,disgust,data/tess/TESS Toronto emotional speech set data/OAF_disgust/OAF_hit_disgust.wav,tess,tess_OAF
5491,disgust,data/tess/TESS Toronto emotional speech set data/OAF_disgust/OAF_hole_disgust.wav,tess,tess_OAF
5492,disgust,data/tess/TESS Toronto emotional speech set data/OAF_disgust/OAF_home_disgust.wav,tess,tess_OAF
5493,disgust,data/tess/TESS Toronto emotional speech set data/OAF_disgust/OAF_hurl_disgust.wav,tess,tess_OAF
5494,disgust,data/tess/TESS Toronto emotional speech set data/OAF_disgust/OAF_hush_disgust.wav,tess,tess_OAF
5495,disgust,data/tess/TESS Toronto emotional speech set data/OAF_disgust/OAF_jail_disgust.wav,tess,tess_OAF
5496,disgust,data/tess/TESS Toronto emotional speech set data/OAF_disgust/OAF_jar_disgust.wav,tess,tess_OAF
5497,disgust,data/tess/TESS Toronto emotional speech set data/OAF_disgust/OAF_join_disgust.wav,tess,tess_OAF
5498,disgust,data/tess/TESS Toronto emotional speech set data/OAF_disgust/OAF_judge_disgust.wav,tess,tess_OAF
5499,disgust,data/tess/TESS Toronto emotional speech set data/OAF_disgust/OAF_jug_disgust.wav,tess,tess_OAF
5500,disgust,data/tess/TESS Toronto emotional speech set data/OAF_disgust/OAF_juice_disgust.wav,tess,tess_OAF
5501,disgust,data/tess/TESS Toronto emotional speech set data/OAF_disgust/OAF_keen_disgust.wav,tess,tess_OAF
5502,disgust,data/tess/TESS Toronto emotional speech set data/OAF_disgust/OAF_keep_disgust.wav,tess,tess_OAF
5503,disgust,data/tess/TESS Toronto emotional speech set data/OAF_disgust/OAF_keg_disgust.wav,tess,tess_OAF
5504,disgust,data/tess/TESS Toronto emotional speech set data/OAF_disgust/OAF_kick_disgust.wav,tess,tess_OAF
5505,disgust,data/tess/TESS Toronto emotional speech set data/OAF_disgust/OAF_kill_disgust.wav,tess,tess_OAF
5506,disgust,data/tess/TESS Toronto emotional speech set data/OAF_disgust/OAF_king_disgust.wav,tess,tess_OAF
5507,disgust,data/tess/TESS Toronto emotional speech set data/OAF_disgust/OAF_kite_disgust.wav,tess,tess_OAF
5508,disgust,data/tess/TESS Toronto emotional speech set data/OAF_disgust/OAF_knock_disgust.wav,tess,tess_OAF
5509,disgust,data/tess/TESS Toronto emotional speech set data/OAF_disgust/OAF_late_disgust.wav,tess,tess_OAF
5510,disgust,data/tess/TESS Toronto emotional speech set data/OAF_disgust/OAF_laud_disgust.wav,tess,tess_OAF
5511,disgust,data/tess/TESS Toronto emotional speech set data/OAF_disgust/OAF_lean_disgust.wav,tess,tess_OAF
5512,disgust,data/tess/TESS Toronto emotional speech set data/OAF_disgust/OAF_learn_disgust.wav,tess,tess_OAF
5513,disgust,data/tess/TESS Toronto emotional speech set data/OAF_disgust/OAF_lease_disgust.wav,tess,tess_OAF
5514,disgust,data/tess/TESS Toronto emotional speech set data/OAF_disgust/OAF_lid_disgust.wav,tess,tess_OAF
5515,disgust,data/tess/TESS Toronto emotional speech set data/OAF_disgust/OAF_life_disgust.wav,tess,tess_OAF
5516,disgust,data/tess/TESS Toronto emotional speech set data/OAF_disgust/OAF_limb_disgust.wav,tess,tess_OAF
5517,disgust,data/tess/TESS Toronto emotional speech set data/OAF_disgust/OAF_live_disgust.wav,tess,tess_OAF
5518,disgust,data/tess/TESS Toronto emotional speech set data/OAF_disgust/OAF_loaf_disgust.wav,tess,tess_OAF
5519,disgust,data/tess/TESS Toronto emotional speech set data/OAF_disgust/OAF_long_disgust.wav,tess,tess_OAF
5520,disgust,data/tess/TESS Toronto emotional speech set data/OAF_disgust/OAF_lore_disgust.wav,tess,tess_OAF
5521,disgust,data/tess/TESS Toronto emotional speech set data/OAF_disgust/OAF_lose_disgust.wav,tess,tess_OAF
5522,disgust,data/tess/TESS Toronto emotional speech set data/OAF_disgust/OAF_lot_disgust.wav,tess,tess_OAF
5523,disgust,data/tess/TESS Toronto emotional speech set data/OAF_disgust/OAF_love_disgust.wav,tess,tess_OAF
5524,disgust,data/tess/TESS Toronto emotional speech set data/OAF_disgust/OAF_luck_disgust.wav,tess,tess_OAF
5525,disgust,data/tess/TESS Toronto emotional speech set data/OAF_disgust/OAF_make_disgust.wav,tess,tess_OAF
5526,disgust,data/tess/TESS Toronto emotional speech set data/OAF_disgust/OAF_match_disgust.wav,tess,tess_OAF
5527,disgust,data/tess/TESS Toronto emotional speech set data/OAF_disgust/OAF_merge_disgust.wav,tess,tess_OAF
5528,disgust,data/tess/TESS Toronto emotional speech set data/OAF_disgust/OAF_mess_disgust.wav,tess,tess_OAF
5529,disgust,data/tess/TESS Toronto emotional speech set data/OAF_disgust/OAF_met_disgust.wav,tess,tess_OAF
5530,disgust,data/tess/TESS Toronto emotional speech set data/OAF_disgust/OAF_mill_disgust.wav,tess,tess_OAF
5531,disgust,data/tess/TESS Toronto emotional speech set data/OAF_disgust/OAF_mob_disgust.wav,tess,tess_OAF
5532,disgust,data/tess/TESS Toronto emotional speech set data/OAF_disgust/OAF_mode_disgust.wav,tess,tess_OAF
5533,disgust,data/tess/TESS Toronto emotional speech set data/OAF_disgust/OAF_mood_disgust.wav,tess,tess_OAF
5534,disgust,data/tess/TESS Toronto emotional speech set data/OAF_disgust/OAF_moon_disgust.wav,tess,tess_OAF
5535,disgust,data/tess/TESS Toronto emotional speech set data/OAF_disgust/OAF_mop_disgust.wav,tess,tess_OAF
5536,disgust,data/tess/TESS Toronto emotional speech set data/OAF_disgust/OAF_mouse_disgust.wav,tess,tess_OAF
5537,disgust,data/tess/TESS Toronto emotional speech set data/OAF_disgust/OAF_nag_disgust.wav,tess,tess_OAF
5538,disgust,data/tess/TESS Toronto emotional speech set data/OAF_disgust/OAF_name_disgust.wav,tess,tess_OAF
5539,disgust,data/tess/TESS Toronto emotional speech set data/OAF_disgust/OAF_near_disgust.wav,tess,tess_OAF
5540,disgust,data/tess/TESS Toronto emotional speech set data/OAF_disgust/OAF_neat_disgust.wav,tess,tess_OAF
5541,disgust,data/tess/TESS Toronto emotional speech set data/OAF_disgust/OAF_nice_disgust.wav,tess,tess_OAF
5542,disgust,data/tess/TESS Toronto emotional speech set data/OAF_disgust/OAF_note_disgust.wav,tess,tess_OAF
5543,disgust,data/tess/TESS Toronto emotional speech set data/OAF_disgust/OAF_numb_disgust.wav,tess,tess_OAF
5544,disgust,data/tess/TESS Toronto emotional speech set data/OAF_disgust/OAF_pad_disgust.wav,tess,tess_OAF
5545,disgust,data/tess/TESS Toronto emotional speech set data/OAF_disgust/OAF_page_disgust.wav,tess,tess_OAF
5546,disgust,data/tess/TESS Toronto emotional speech set data/OAF_disgust/OAF_pain_disgust.wav,tess,tess_OAF
5547,disgust,data/tess/TESS Toronto emotional speech set data/OAF_disgust/OAF_pass_disgust.wav,tess,tess_OAF
5548,disgust,data/tess/TESS Toronto emotional speech set data/OAF_disgust/OAF_pearl_disgust.wav,tess,tess_OAF
5549,disgust,data/tess/TESS Toronto emotional speech set data/OAF_disgust/OAF_peg_disgust.wav,tess,tess_OAF
5550,disgust,data/tess/TESS Toronto emotional speech set data/OAF_disgust/OAF_perch_disgust.wav,tess,tess_OAF
5551,disgust,data/tess/TESS Toronto emotional speech set data/OAF_disgust/OAF_phone_disgust.wav,tess,tess_OAF
5552,disgust,data/tess/TESS Toronto emotional speech set data/OAF_disgust/OAF_pick_disgust.wav,tess,tess_OAF
5553,disgust,data/tess/TESS Toronto emotional speech set data/OAF_disgust/OAF_pike_disgust.wav,tess,tess_OAF
5554,disgust,data/tess/TESS Toronto emotional speech set data/OAF_disgust/OAF_pole_disgust.wav,tess,tess_OAF
5555,disgust,data/tess/TESS Toronto emotional speech set data/OAF_disgust/OAF_pool_disgust.wav,tess,tess_OAF
5556,disgust,data/tess/TESS Toronto emotional speech set data/OAF_disgust/OAF_puff_disgust.wav,tess,tess_OAF
5557,disgust,data/tess/TESS Toronto emotional speech set data/OAF_disgust/OAF_rag_disgust.wav,tess,tess_OAF
5558,disgust,data/tess/TESS Toronto emotional speech set data/OAF_disgust/OAF_raid_disgust.wav,tess,tess_OAF
5559,disgust,data/tess/TESS Toronto emotional speech set data/OAF_disgust/OAF_rain_disgust.wav,tess,tess_OAF
5560,disgust,data/tess/TESS Toronto emotional speech set data/OAF_disgust/OAF_raise_disgust.wav,tess,tess_OAF
5561,disgust,data/tess/TESS Toronto emotional speech set data/OAF_disgust/OAF_rat_disgust.wav,tess,tess_OAF
5562,disgust,data/tess/TESS Toronto emotional speech set data/OAF_disgust/OAF_reach_disgust.wav,tess,tess_OAF
5563,disgust,data/tess/TESS Toronto emotional speech set data/OAF_disgust/OAF_read_disgust.wav,tess,tess_OAF
5564,disgust,data/tess/TESS Toronto emotional speech set data/OAF_disgust/OAF_red_disgust.wav,tess,tess_OAF
5565,disgust,data/tess/TESS Toronto emotional speech set data/OAF_disgust/OAF_ring_disgust.wav,tess,tess_OAF
5566,disgust,data/tess/TESS Toronto emotional speech set data/OAF_disgust/OAF_ripe_disgust.wav,tess,tess_OAF
5567,disgust,data/tess/TESS Toronto emotional speech set data/OAF_disgust/OAF_road_disgust.wav,tess,tess_OAF
5568,disgust,data/tess/TESS Toronto emotional speech set data/OAF_disgust/OAF_room_disgust.wav,tess,tess_OAF
5569,disgust,data/tess/TESS Toronto emotional speech set data/OAF_disgust/OAF_rose_disgust.wav,tess,tess_OAF
5570,disgust,data/tess/TESS Toronto emotional speech set data/OAF_disgust/OAF_rot_disgust.wav,tess,tess_OAF
5571,disgust,data/tess/TESS Toronto emotional speech set data/OAF_disgust/OAF_rough_disgust.wav,tess,tess_OAF
5572,disgust,data/tess/TESS Toronto emotional speech set data/OAF_disgust/OAF_rush_disgust.wav,tess,tess_OAF
5573,disgust,data/tess/TESS Toronto emotional speech set data/OAF_disgust/OAF_said_disgust.wav,tess,tess_OAF
5574,disgust,data/tess/TESS Toronto emotional speech set data/OAF_disgust/OAF_sail_disgust.wav,tess,tess_OAF
5575,disgust,data/tess/TESS Toronto emotional speech set data/OAF_disgust/OAF_search_disgust.wav,tess,tess_OAF
5576,disgust,data/tess/TESS Toronto emotional speech set data/OAF_disgust/OAF_seize_disgust.wav,tess,tess_OAF
5577,disgust,data/tess/TESS Toronto emotional speech set data/OAF_disgust/OAF_sell_disgust.wav,tess,tess_OAF
5578,disgust,data/tess/TESS Toronto emotional speech set data/OAF_disgust/OAF_shack_disgust.wav,tess,tess_OAF
5579,disgust,data/tess/TESS Toronto emotional speech set data/OAF_disgust/OAF_shall_disgust.wav,tess,tess_OAF
5580,disgust,data/tess/TESS Toronto emotional speech set data/OAF_disgust/OAF_shawl_disgust.wav,tess,tess_OAF
5581,disgust,data/tess/TESS Toronto emotional speech set data/OAF_disgust/OAF_sheep_disgust.wav,tess,tess_OAF
5582,disgust,data/tess/TESS Toronto emotional speech set data/OAF_disgust/OAF_shirt_disgust.wav,tess,tess_OAF
5583,disgust,data/tess/TESS Toronto emotional speech set data/OAF_disgust/OAF_should_disgust.wav,tess,tess_OAF
5584,disgust,data/tess/TESS Toronto emotional speech set data/OAF_disgust/OAF_shout_disgust.wav,tess,tess_OAF
5585,disgust,data/tess/TESS Toronto emotional speech set data/OAF_disgust/OAF_size_disgust.wav,tess,tess_OAF
5586,disgust,data/tess/TESS Toronto emotional speech set data/OAF_disgust/OAF_soap_disgust.wav,tess,tess_OAF
5587,disgust,data/tess/TESS Toronto emotional speech set data/OAF_disgust/OAF_soup_disgust.wav,tess,tess_OAF
5588,disgust,data/tess/TESS Toronto emotional speech set data/OAF_disgust/OAF_sour_disgust.wav,tess,tess_OAF
5589,disgust,data/tess/TESS Toronto emotional speech set data/OAF_disgust/OAF_south_disgust.wav,tess,tess_OAF
5590,disgust,data/tess/TESS Toronto emotional speech set data/OAF_disgust/OAF_sub_disgust.wav,tess,tess_OAF
5591,disgust,data/tess/TESS Toronto emotional speech set data/OAF_disgust/OAF_such_disgust.wav,tess,tess_OAF
5592,disgust,data/tess/TESS Toronto emotional speech set data/OAF_disgust/OAF_sure_disgust.wav,tess,tess_OAF
5593,disgust,data/tess/TESS Toronto emotional speech set data/OAF_disgust/OAF_take_disgust.wav,tess,tess_OAF
5594,disgust,data/tess/TESS Toronto emotional speech set data/OAF_disgust/OAF_talk_disgust.wav,tess,tess_OAF
5595,disgust,data/tess/TESS Toronto emotional speech set data/OAF_disgust/OAF_tape_disgust.wav,tess,tess_OAF
5596,disgust,data/tess/TESS Toronto emotional speech set data/OAF_disgust/OAF_team_disgust.wav,tess,tess_OAF
5597,disgust,data/tess/TESS Toronto emotional speech set data/OAF_disgust/OAF_tell_disgust.wav,tess,tess_OAF
5598,disgust,data/tess/TESS Toronto emotional speech set data/OAF_disgust/OAF_thin_disgust.wav,tess,tess_OAF
5599,disgust,data/tess/TESS Toronto emotional speech set data/OAF_disgust/OAF_third_disgust.wav,tess,tess_OAF
5600,disgust,data/tess/TESS Toronto emotional speech set data/OAF_disgust/OAF_thought_disgust.wav,tess,tess_OAF
5601,disgust,data/tess/TESS Toronto emotional speech set data/OAF_disgust/OAF_thumb_disgust.wav,tess,tess_OAF
5602,disgust,data/tess/TESS Toronto emotional speech set data/OAF_disgust/OAF_time_disgust.wav,tess,tess_OAF
5603,disgust,data/tess/TESS Toronto emotional speech set data/OAF_disgust/OAF_tip_disgust.wav,tess,tess_OAF
5604,disgust,data/tess/TESS Toronto emotional speech set data/OAF_disgust/OAF_tire_disgust.wav,tess,tess_OAF
5605,disgust,data/tess/TESS Toronto emotional speech set data/OAF_disgust/OAF_ton_disgust.wav,tess,tess_OAF
5606,disgust,data/tess/TESS Toronto emotional speech set data/OAF_disgust/OAF_tool_disgust.wav,tess,tess_OAF
5607,disgust,data/tess/TESS Toronto emotional speech set data/OAF_disgust/OAF_tough_disgust.wav,tess,tess_OAF
5608,disgust,data/tess/TESS Toronto emotional speech set data/OAF_disgust/OAF_turn_disgust.wav,tess,tess_OAF
5609,disgust,data/tess/TESS Toronto emotional speech set data/OAF_disgust/OAF_vine_disgust.wav,tess,tess_OAF
5610,disgust,data/tess/TESS Toronto emotional speech set data/OAF_disgust/OAF_voice_disgust.wav,tess,tess_OAF
5611,disgust,data/tess/TESS Toronto emotional speech set data/OAF_disgust/OAF_void_disgust.wav,tess,tess_OAF
5612,disgust,data/tess/TESS Toronto emotional speech set data/OAF_disgust/OAF_vote_disgust.wav,tess,tess_OAF
5613,disgust,data/tess/TESS Toronto emotional speech set data/OAF_disgust/OAF_wag_disgust.wav,tess,tess_OAF
5614,disgust,data/tess/TESS Toronto emotional speech set data/OAF_disgust/OAF_walk_disgust.wav,tess,tess_OAF
5615,disgust,data/tess/TESS Toronto emotional speech set data/OAF_disgust/OAF_wash_disgust.wav,tess,tess_OAF
5616,disgust,data/tess/TESS Toronto emotional speech set data/OAF_disgust/OAF_week_disgust.wav,tess,tess_OAF
5617,disgust,data/tess/TESS Toronto emotional speech set data/OAF_disgust/OAF_wheat_disgust.wav,tess,tess_OAF
5618,disgust,data/tess/TESS Toronto emotional speech set data/OAF_disgust/OAF_when_disgust.wav,tess,tess_OAF
5619,disgust,data/tess/TESS Toronto emotional speech set data/OAF_disgust/OAF_which_disgust.wav,tess,tess_OAF
5620,disgust,data/tess/TESS Toronto emotional speech set data/OAF_disgust/OAF_whip_disgust.wav,tess,tess_OAF
5621,disgust,data/tess/TESS Toronto emotional speech set data/OAF_disgust/OAF_white_disgust.wav,tess,tess_OAF
5622,disgust,data/tess/TESS Toronto emotional speech set data/OAF_disgust/OAF_wife_disgust.wav,tess,tess_OAF
5623,disgust,data/tess/TESS Toronto emotional speech set data/OAF_disgust/OAF_wire_disgust.wav,tess,tess_OAF
5624,disgust,data/tess/TESS Toronto emotional speech set data/OAF_disgust/OAF_witch_disgust.wav,tess,tess_OAF
5625,disgust,data/tess/TESS Toronto emotional speech set data/OAF_disgust/OAF_yearn_disgust.wav,tess,tess_OAF
5626,disgust,data/tess/TESS Toronto emotional speech set data/OAF_disgust/OAF_yes_disgust.wav,tess,tess_OAF
5627,disgust,data/tess/TESS Toronto emotional speech set data/OAF_disgust/OAF_young_disgust.wav,tess,tess_OAF
5628,disgust,data/tess/TESS Toronto emotional speech set data/OAF_disgust/OAF_youth_disgust.wav,tess,tess_OAF
5629,disgust,data/tess/TESS Toronto emotional speech set data/YAF_disgust/YAF_back_disgust.wav,tess,tess_YAF
5630,disgust,data/tess/TESS Toronto emotional speech set data/YAF_disgust/YAF_bar_disgust.wav,tess,tess_YAF
5631,disgust,data/tess/TESS Toronto emotional speech set data/YAF_disgust/YAF_base_disgust.wav,tess,tess_YAF
5632,disgust,data/tess/TESS Toronto emotional speech set data/YAF_disgust/YAF_bath_disgust.wav,tess,tess_YAF
5633,disgust,data/tess/TESS Toronto emotional speech set data/YAF_disgust/YAF_bean_disgust.wav,tess,tess_YAF
5634,disgust,data/tess/TESS Toronto emotional speech set data/YAF_disgust/YAF_beg_disgust.wav,tess,tess_YAF
5635,disgust,data/tess/TESS Toronto emotional speech set data/YAF_disgust/YAF_bite_disgust.wav,tess,tess_YAF
5636,disgust,data/tess/TESS Toronto emotional speech set data/YAF_disgust/YAF_boat_disgust.wav,tess,tess_YAF
5637,disgust,data/tess/TESS Toronto emotional speech set data/YAF_disgust/YAF_bone_disgust.wav,tess,tess_YAF
5638,disgust,data/tess/TESS Toronto emotional speech set data/YAF_disgust/YAF_book_disgust.wav,tess,tess_YAF
5639,disgust,data/tess/TESS Toronto emotional speech set data/YAF_disgust/YAF_bought_disgust.wav,tess,tess_YAF
5640,disgust,data/tess/TESS Toronto emotional speech set data/YAF_disgust/YAF_burn_disgust.wav,tess,tess_YAF
5641,disgust,data/tess/TESS Toronto emotional speech set data/YAF_disgust/YAF_cab_disgust.wav,tess,tess_YAF
5642,disgust,data/tess/TESS Toronto emotional speech set data/YAF_disgust/YAF_calm_disgust.wav,tess,tess_YAF
5643,disgust,data/tess/TESS Toronto emotional speech set data/YAF_disgust/YAF_came_disgust.wav,tess,tess_YAF
5644,disgust,data/tess/TESS Toronto emotional speech set data/YAF_disgust/YAF_cause_disgust.wav,tess,tess_YAF
5645,disgust,data/tess/TESS Toronto emotional speech set data/YAF_disgust/YAF_chain_disgust.wav,tess,tess_YAF
5646,disgust,data/tess/TESS Toronto emotional speech set data/YAF_disgust/YAF_chair_disgust.wav,tess,tess_YAF
5647,disgust,data/tess/TESS Toronto emotional speech set data/YAF_disgust/YAF_chalk_disgust.wav,tess,tess_YAF
5648,disgust,data/tess/TESS Toronto emotional speech set data/YAF_disgust/YAF_chat_disgust.wav,tess,tess_YAF
5649,disgust,data/tess/TESS Toronto emotional speech set data/YAF_disgust/YAF_check_disgust.wav,tess,tess_YAF
5650,disgust,data/tess/TESS Toronto emotional speech set data/YAF_disgust/YAF_cheek_disgust.wav,tess,tess_YAF
5651,disgust,data/tess/TESS Toronto emotional speech set data/YAF_disgust/YAF_chief_disgust.wav,tess,tess_YAF
5652,disgust,data/tess/TESS Toronto emotional speech set data/YAF_disgust/YAF_choice_disgust.wav,tess,tess_YAF
5653,disgust,data/tess/TESS Toronto emotional speech set data/YAF_disgust/YAF_cool_disgust.wav,tess,tess_YAF
5654,disgust,data/tess/TESS Toronto emotional speech set data/YAF_disgust/YAF_dab_disgust.wav,tess,tess_YAF
5655,disgust,data/tess/TESS Toronto emotional speech set data/YAF_disgust/YAF_date_disgust.wav,tess,tess_YAF
5656,disgust,data/tess/TESS Toronto emotional speech set data/YAF_disgust/YAF_dead_disgust.wav,tess,tess_YAF
5657,disgust,data/tess/TESS Toronto emotional speech set data/YAF_disgust/YAF_death_disgust.wav,tess,tess_YAF
5658,disgust,data/tess/TESS Toronto emotional speech set data/YAF_disgust/YAF_deep_disgust.wav,tess,tess_YAF
5659,disgust,data/tess/TESS Toronto emotional speech set data/YAF_disgust/YAF_dime_disgust.wav,tess,tess_YAF
5660,disgust,data/tess/TESS Toronto emotional speech set data/YAF_disgust/YAF_dip_disgust.wav,tess,tess_YAF
5661,disgust,data/tess/TESS Toronto emotional speech set data/YAF_disgust/YAF_ditch_disgust.wav,tess,tess_YAF
5662,disgust,data/tess/TESS Toronto emotional speech set data/YAF_disgust/YAF_dodge_disgust.wav,tess,tess_YAF
5663,disgust,data/tess/TESS Toronto emotional speech set data/YAF_disgust/YAF_dog_disgust.wav,tess,tess_YAF
5664,disgust,data/tess/TESS Toronto emotional speech set data/YAF_disgust/YAF_doll_disgust.wav,tess,tess_YAF
5665,disgust,data/tess/TESS Toronto emotional speech set data/YAF_disgust/YAF_door_disgust.wav,tess,tess_YAF
5666,disgust,data/tess/TESS Toronto emotional speech set data/YAF_disgust/YAF_fail_disgust.wav,tess,tess_YAF
5667,disgust,data/tess/TESS Toronto emotional speech set data/YAF_disgust/YAF_fall_disgust.wav,tess,tess_YAF
5668,disgust,data/tess/TESS Toronto emotional speech set data/YAF_disgust/YAF_far_disgust.wav,tess,tess_YAF
5669,disgust,data/tess/TESS Toronto emotional speech set data/YAF_disgust/YAF_fat_disgust.wav,tess,tess_YAF
5670,disgust,data/tess/TESS Toronto emotional speech set data/YAF_disgust/YAF_fit_disgust.wav,tess,tess_YAF
5671,disgust,data/tess/TESS Toronto emotional speech set data/YAF_disgust/YAF_five_disgust.wav,tess,tess_YAF
5672,disgust,data/tess/TESS Toronto emotional speech set data/YAF_disgust/YAF_food_disgust.wav,tess,tess_YAF
5673,disgust,data/tess/TESS Toronto emotional speech set data/YAF_disgust/YAF_gap_disgust.wav,tess,tess_YAF
5674,disgust,data/tess/TESS Toronto emotional speech set data/YAF_disgust/YAF_gas_disgust.wav,tess,tess_YAF
5675,disgust,data/tess/TESS Toronto emotional speech set data/YAF_disgust/YAF_gaze_disgust.wav,tess,tess_YAF
5676,disgust,data/tess/TESS Toronto emotional speech set data/YAF_disgust/YAF_germ_disgust.wav,tess,tess_YAF
5677,disgust,data/tess/TESS Toronto emotional speech set data/YAF_disgust/YAF_get_disgust.wav,tess,tess_YAF
5678,disgust,data/tess/TESS Toronto emotional speech set data/YAF_disgust/YAF_gin_disgust.wav,tess,tess_YAF
5679,disgust,data/tess/TESS Toronto emotional speech set data/YAF_disgust/YAF_goal_disgust.wav,tess,tess_YAF
5680,disgust,data/tess/TESS Toronto emotional speech set data/YAF_disgust/YAF_good_disgust.wav,tess,tess_YAF
5681,disgust,data/tess/TESS Toronto emotional speech set data/YAF_disgust/YAF_goose_disgust.wav,tess,tess_YAF
5682,disgust,data/tess/TESS Toronto emotional speech set data/YAF_disgust/YAF_gun_disgust.wav,tess,tess_YAF
5683,disgust,data/tess/TESS Toronto emotional speech set data/YAF_disgust/YAF_half_disgust.wav,tess,tess_YAF
5684,disgust,data/tess/TESS Toronto emotional speech set data/YAF_disgust/YAF_hall_disgust.wav,tess,tess_YAF
5685,disgust,data/tess/TESS Toronto emotional speech set data/YAF_disgust/YAF_hash_disgust.wav,tess,tess_YAF
5686,disgust,data/tess/TESS Toronto emotional speech set data/YAF_disgust/YAF_hate_disgust.wav,tess,tess_YAF
5687,disgust,data/tess/TESS Toronto emotional speech set data/YAF_disgust/YAF_have_disgust.wav,tess,tess_YAF
5688,disgust,data/tess/TESS Toronto emotional speech set data/YAF_disgust/YAF_haze_disgust.wav,tess,tess_YAF
5689,disgust,data/tess/TESS Toronto emotional speech set data/YAF_disgust/YAF_hire_disgust.wav,tess,tess_YAF
5690,disgust,data/tess/TESS Toronto emotional speech set data/YAF_disgust/YAF_hit_disgust.wav,tess,tess_YAF
5691,disgust,data/tess/TESS Toronto emotional speech set data/YAF_disgust/YAF_hole_disgust.wav,tess,tess_YAF
5692,disgust,data/tess/TESS Toronto emotional speech set data/YAF_disgust/YAF_home_disgust.wav,tess,tess_YAF
5693,disgust,data/tess/TESS Toronto emotional speech set data/YAF_disgust/YAF_hurl_disgust.wav,tess,tess_YAF
5694,disgust,data/tess/TESS Toronto emotional speech set data/YAF_disgust/YAF_hush_disgust.wav,tess,tess_YAF
5695,disgust,data/tess/TESS Toronto emotional speech set data/YAF_disgust/YAF_jail_disgust.wav,tess,tess_YAF
5696,disgust,data/tess/TESS Toronto emotional speech set data/YAF_disgust/YAF_jar_disgust.wav,tess,tess_YAF
5697,disgust,data/tess/TESS Toronto emotional speech set data/YAF_disgust/YAF_join_disgust.wav,tess,tess_YAF
5698,disgust,data/tess/TESS Toronto emotional speech set data/YAF_disgust/YAF_judge_disgust.wav,tess,tess_YAF
5699,disgust,data/tess/TESS Toronto emotional speech set data/YAF_disgust/YAF_jug_disgust.wav,tess,tess_YAF
5700,disgust,data/tess/TESS Toronto emotional speech set data/YAF_disgust/YAF_juice_disgust.wav,tess,tess_YAF
5701,disgust,data/tess/TESS Toronto emotional speech set data/YAF_disgust/YAF_keen_disgust.wav,tess,tess_YAF
5702,disgust,data/tess/TESS Toronto emotional speech set data/YAF_disgust/YAF_keep_disgust.wav,tess,tess_YAF
5703,disgust,data/tess/TESS Toronto emotional speech set data/YAF_disgust/YAF_keg_disgust.wav,tess,tess_YAF
5704,disgust,data/tess/TESS Toronto emotional speech set data/YAF_disgust/YAF_kick_disgust.wav,tess,tess_YAF
5705,disgust,data/tess/TESS Toronto emotional speech set data/YAF_disgust/YAF_kill_disgust.wav,tess,tess_YAF
5706,disgust,data/tess/TESS Toronto emotional speech set data/YAF_disgust/YAF_king_disgust.wav,tess,tess_YAF
5707,disgust,data/tess/TESS Toronto emotional speech set data/YAF_disgust/YAF_kite_disgust.wav,tess,tess_YAF
5708,disgust,data/tess/TESS Toronto emotional speech set data/YAF_disgust/YAF_knock_disgust.wav,tess,tess_YAF
5709,disgust,data/tess/TESS Toronto emotional speech set data/YAF_disgust/YAF_late_disgust.wav,tess,tess_YAF
5710,disgust,data/tess/TESS Toronto emotional speech set data/YAF_disgust/YAF_laud_disgust.wav,tess,tess_YAF
5711,disgust,data/tess/TESS Toronto emotional speech set data/YAF_disgust/YAF_lean_disgust.wav,tess,tess_YAF
5712,disgust,data/tess/TESS Toronto emotional speech set data/YAF_disgust/YAF_learn_disgust.wav,tess,tess_YAF
5713,disgust,data/tess/TESS Toronto emotional speech set data/YAF_disgust/YAF_lease_disgust.wav,tess,tess_YAF
5714,disgust,data/tess/TESS Toronto emotional speech set data/YAF_disgust/YAF_lid_disgust.wav,tess,tess_YAF
5715,disgust,data/tess/TESS Toronto emotional speech set data/YAF_disgust/YAF_life_disgust.wav,tess,tess_YAF
5716,disgust,data/tess/TESS Toronto emotional speech set data/YAF_disgust/YAF_limb_disgust.wav,tess,tess_YAF
5717,disgust,data/tess/TESS Toronto emotional speech set data/YAF_disgust/YAF_live_disgust.wav,tess,tess_YAF
5718,disgust,data/tess/TESS Toronto emotional speech set data/YAF_disgust/YAF_loaf_disgust.wav,tess,tess_YAF
5719,disgust,data/tess/TESS Toronto emotional speech set data/YAF_disgust/YAF_long_disgust.wav,tess,tess_YAF
5720,disgust,data/tess/TESS Toronto emotional speech set data/YAF_disgust/YAF_lore_disgust.wav,tess,tess_YAF
5721,disgust,data/tess/TESS Toronto emotional speech set data/YAF_disgust/YAF_lose_disgust.wav,tess,tess_YAF
5722,disgust,data/tess/TESS Toronto emotional speech set data/YAF_disgust/YAF_lot_disgust.wav,tess,tess_YAF
5723,disgust,data/tess/TESS Toronto emotional speech set data/YAF_disgust/YAF_love_disgust.wav,tess,tess_YAF
5724,disgust,data/tess/TESS Toronto emotional speech set data/YAF_disgust/YAF_luck_disgust.wav,tess,tess_YAF
5725,disgust,data/tess/TESS Toronto emotional speech set data/YAF_disgust/YAF_make_disgust.wav,tess,tess_YAF
5726,disgust,data/tess/TESS Toronto emotional speech set data/YAF_disgust/YAF_match_disgust.wav,tess,tess_YAF
5727,disgust,data/tess/TESS Toronto emotional speech set data/YAF_disgust/YAF_merge_disgust.wav,tess,tess_YAF
5728,disgust,data/tess/TESS Toronto emotional speech set data/YAF_disgust/YAF_mess_disgust.wav,tess,tess_YAF
5729,disgust,data/tess/TESS Toronto emotional speech set data/YAF_disgust/YAF_met_disgust.wav,tess,tess_YAF
5730,disgust,data/tess/TESS Toronto emotional speech set data/YAF_disgust/YAF_mill_disgust.wav,tess,tess_YAF
5731,disgust,data/tess/TESS Toronto emotional speech set data/YAF_disgust/YAF_mob_disgust.wav,tess,tess_YAF
5732,disgust,data/tess/TESS Toronto emotional speech set data/YAF_disgust/YAF_mode_disgust.wav,tess,tess_YAF
5733,disgust,data/tess/TESS Toronto emotional speech set data/YAF_disgust/YAF_mood_disgust.wav,tess,tess_YAF
5734,disgust,data/tess/TESS Toronto emotional speech set data/YAF_disgust/YAF_moon_disgust.wav,tess,tess_YAF
5735,disgust,data/tess/TESS Toronto emotional speech set data/YAF_disgust/YAF_mop_disgust.wav,tess,tess_YAF
5736,disgust,data/tess/TESS Toronto emotional speech set data/YAF_disgust/YAF_mouse_disgust.wav,tess,tess_YAF
5737,disgust,data/tess/TESS Toronto emotional speech set data/YAF_disgust/YAF_nag_disgust.wav,tess,tess_YAF
5738,disgust,data/tess/TESS Toronto emotional speech set data/YAF_disgust/YAF_name_disgust.wav,tess,tess_YAF
5739,disgust,data/tess/TESS Toronto emotional speech set data/YAF_disgust/YAF_near_disgust.wav,tess,tess_YAF
5740,disgust,data/tess/TESS Toronto emotional speech set data/YAF_disgust/YAF_neat_disgust.wav,tess,tess_YAF
5741,disgust,data/tess/TESS Toronto emotional speech set data/YAF_disgust/YAF_nice_disgust.wav,tess,tess_YAF
5742,disgust,data/tess/TESS Toronto emotional speech set data/YAF_disgust/YAF_note_disgust.wav,tess,tess_YAF
5743,disgust,data/tess/TESS Toronto emotional speech set data/YAF_disgust/YAF_numb_disgust.wav,tess,tess_YAF
5744,disgust,data/tess/TESS Toronto emotional speech set data/YAF_disgust/YAF_pad_disgust.wav,tess,tess_YAF
5745,disgust,data/tess/TESS Toronto emotional speech set data/YAF_disgust/YAF_page_disgust.wav,tess,tess_YAF
5746,disgust,data/tess/TESS Toronto emotional speech set data/YAF_disgust/YAF_pain_disgust.wav,tess,tess_YAF
5747,disgust,data/tess/TESS Toronto emotional speech set data/YAF_disgust/YAF_pass_disgust.wav,tess,tess_YAF
5748,disgust,data/tess/TESS Toronto emotional speech set data/YAF_disgust/YAF_pearl_disgust.wav,tess,tess_YAF
5749,disgust,data/tess/TESS Toronto emotional speech set data/YAF_disgust/YAF_peg_disgust.wav,tess,tess_YAF
5750,disgust,data/tess/TESS Toronto emotional speech set data/YAF_disgust/YAF_perch_disgust.wav,tess,tess_YAF
5751,disgust,data/tess/TESS Toronto emotional speech set data/YAF_disgust/YAF_phone_disgust.wav,tess,tess_YAF
5752,disgust,data/tess/TESS Toronto emotional speech set data/YAF_disgust/YAF_pick_disgust.wav,tess,tess_YAF
5753,disgust,data/tess/TESS Toronto emotional speech set data/YAF_disgust/YAF_pike_disgust.wav,tess,tess_YAF
5754,disgust,data/tess/TESS Toronto emotional speech set data/YAF_disgust/YAF_pole_disgust.wav,tess,tess_YAF
5755,disgust,data/tess/TESS Toronto emotional speech set data/YAF_disgust/YAF_pool_disgust.wav,tess,tess_YAF
5756,disgust,data/tess/TESS Toronto emotional speech set data/YAF_disgust/YAF_puff_disgust.wav,tess,tess_YAF
5757,disgust,data/tess/TESS Toronto emotional speech set data/YAF_disgust/YAF_rag_disgust.wav,tess,tess_YAF
5758,disgust,data/tess/TESS Toronto emotional speech set data/YAF_disgust/YAF_raid_disgust.wav,tess,tess_YAF
5759,disgust,data/tess/TESS Toronto emotional speech set data/YAF_disgust/YAF_rain_disgust.wav,tess,tess_YAF
5760,disgust,data/tess/TESS Toronto emotional speech set data/YAF_disgust/YAF_raise_disgust.wav,tess,tess_YAF
5761,disgust,data/tess/TESS Toronto emotional speech set data/YAF_disgust/YAF_rat_disgust.wav,tess,tess_YAF
5762,disgust,data/tess/TESS Toronto emotional speech set data/YAF_disgust/YAF_reach_disgust.wav,tess,tess_YAF
5763,disgust,data/tess/TESS Toronto emotional speech set data/YAF_disgust/YAF_read_disgust.wav,tess,tess_YAF
5764,disgust,data/tess/TESS Toronto emotional speech set data/YAF_disgust/YAF_red_disgust.wav,tess,tess_YAF
5765,disgust,data/tess/TESS Toronto emotional speech set data/YAF_disgust/YAF_ring_disgust.wav,tess,tess_YAF
5766,disgust,data/tess/TESS Toronto emotional speech set data/YAF_disgust/YAF_ripe_disgust.wav,tess,tess_YAF
5767,disgust,data/tess/TESS Toronto emotional speech set data/YAF_disgust/YAF_road_disgust.wav,tess,tess_YAF
5768,disgust,data/tess/TESS Toronto emotional speech set data/YAF_disgust/YAF_room_disgust.wav,tess,tess_YAF
5769,disgust,data/tess/TESS Toronto emotional speech set data/YAF_disgust/YAF_rose_disgust.wav,tess,tess_YAF
5770,disgust,data/tess/TESS Toronto emotional speech set data/YAF_disgust/YAF_rot_disgust.wav,tess,tess_YAF
5771,disgust,data/tess/TESS Toronto emotional speech set data/YAF_disgust/YAF_rough_disgust.wav,tess,tess_YAF
5772,disgust,data/tess/TESS Toronto emotional speech set data/YAF_disgust/YAF_rush_disgust.wav,tess,tess_YAF
5773,disgust,data/tess/TESS Toronto emotional speech set data/YAF_disgust/YAF_said_disgust.wav,tess,tess_YAF
5774,disgust,data/tess/TESS Toronto emotional speech set data/YAF_disgust/YAF_sail_disgust.wav,tess,tess_YAF
5775,disgust,data/tess/TESS Toronto emotional speech set data/YAF_disgust/YAF_search_disgust.wav,tess,tess_YAF
5776,disgust,data/tess/TESS Toronto emotional speech set data/YAF_disgust/YAF_seize_disgust.wav,tess,tess_YAF
5777,disgust,data/tess/TESS Toronto emotional speech set data/YAF_disgust/YAF_sell_disgust.wav,tess,tess_YAF
5778,disgust,data/tess/TESS Toronto emotional speech set data/YAF_disgust/YAF_shack_disgust.wav,tess,tess_YAF
5779,disgust,data/tess/TESS Toronto emotional speech set data/YAF_disgust/YAF_shall_disgust.wav,tess,tess_YAF
5780,disgust,data/tess/TESS Toronto emotional speech set data/YAF_disgust/YAF_shawl_disgust.wav,tess,tess_YAF
5781,disgust,data/tess/TESS Toronto emotional speech set data/YAF_disgust/YAF_sheep_disgust.wav,tess,tess_YAF
5782,disgust,data/tess/TESS Toronto emotional speech set data/YAF_disgust/YAF_shirt_disgust.wav,tess,tess_YAF
5783,disgust,data/tess/TESS Toronto emotional speech set data/YAF_disgust/YAF_should_disgust.wav,tess,tess_YAF
5784,disgust,data/tess/TESS Toronto emotional speech set data/YAF_disgust/YAF_shout_disgust.wav,tess,tess_YAF
5785,disgust,data/tess/TESS Toronto emotional speech set data/YAF_disgust/YAF_size_disgust.wav,tess,tess_YAF
5786,disgust,data/tess/TESS Toronto emotional speech set data/YAF_disgust/YAF_soap_disgust.wav,tess,tess_YAF
5787,disgust,data/tess/TESS Toronto emotional speech set data/YAF_disgust/YAF_soup_disgust.wav,tess,tess_YAF
5788,disgust,data/tess/TESS Toronto emotional speech set data/YAF_disgust/YAF_sour_disgust.wav,tess,tess_YAF
5789,disgust,data/tess/TESS Toronto emotional speech set data/YAF_disgust/YAF_south_disgust.wav,tess,tess_YAF
5790,disgust,data/tess/TESS Toronto emotional speech set data/YAF_disgust/YAF_sub_disgust.wav,tess,tess_YAF
5791,disgust,data/tess/TESS Toronto emotional speech set data/YAF_disgust/YAF_such_disgust.wav,tess,tess_YAF
5792,disgust,data/tess/TESS Toronto emotional speech set data/YAF_disgust/YAF_sure_disgust.wav,tess,tess_YAF
5793,disgust,data/tess/TESS Toronto emotional speech set data/YAF_disgust/YAF_take_disgust.wav,tess,tess_YAF
5794,disgust,data/tess/TESS Toronto emotional speech set data/YAF_disgust/YAF_talk_disgust.wav,tess,tess_YAF
5795,disgust,data/tess/TESS Toronto emotional speech set data/YAF_disgust/YAF_tape_disgust.wav,tess,tess_YAF
5796,disgust,data/tess/TESS Toronto emotional speech set data/YAF_disgust/YAF_team_disgust.wav,tess,tess_YAF
5797,disgust,data/tess/TESS Toronto emotional speech set data/YAF_disgust/YAF_tell_disgust.wav,tess,tess_YAF
5798,disgust,data/tess/TESS Toronto emotional speech set data/YAF_disgust/YAF_thin_disgust.wav,tess,tess_YAF
5799,disgust,data/tess/TESS Toronto emotional speech set data/YAF_disgust/YAF_third_disgust.wav,tess,tess_YAF
5800,disgust,data/tess/TESS Toronto emotional speech set data/YAF_disgust/YAF_thought_disgust.wav,tess,tess_YAF
5801,disgust,data/tess/TESS Toronto emotional speech set data/YAF_disgust/YAF_thumb_disgust.wav,tess,tess_YAF
5802,disgust,data/tess/TESS Toronto emotional speech set data/YAF_disgust/YAF_time_disgust.wav,tess,tess_YAF
5803,disgust,data/tess/TESS Toronto emotional speech set data/YAF_disgust/YAF_tip_disgust.wav,tess,tess_YAF
5804,disgust,data/tess/TESS Toronto emotional speech set data/YAF_disgust/YAF_tire_disgust.wav,tess,tess_YAF
5805,disgust,data/tess/TESS Toronto emotional speech set data/YAF_disgust/YAF_ton_disgust.wav,tess,tess_YAF
5806,disgust,data/tess/TESS Toronto emotional speech set data/YAF_disgust/YAF_tool_disgust.wav,tess,tess_YAF
5807,disgust,data/tess/TESS Toronto emotional speech set data/YAF_disgust/YAF_tough_disgust.wav,tess,tess_YAF
5808,disgust,data/tess/TESS Toronto emotional speech set data/YAF_disgust/YAF_turn_disgust.wav,tess,tess_YAF
5809,disgust,data/tess/TESS Toronto emotional speech set data/YAF_disgust/YAF_vine_disgust.wav,tess,tess_YAF
5810,disgust,data/tess/TESS Toronto emotional speech set data/YAF_disgust/YAF_voice_disgust.wav,tess,tess_YAF
5811,disgust,data/tess/TESS Toronto emotional speech set data/YAF_disgust/YAF_void_disgust.wav,tess,tess_YAF
5812,disgust,data/tess/TESS Toronto emotional speech set data/YAF_disgust/YAF_vote_disgust.wav,tess,tess_YAF
5813,disgust,data/tess/TESS Toronto emotional speech set data/YAF_disgust/YAF_wag_disgust.wav,tess,tess_YAF
5814,disgust,data/tess/TESS Toronto emotional speech set data/YAF_disgust/YAF_walk_disgust.wav,tess,tess_YAF
5815,disgust,data/tess/TESS Toronto emotional speech set data/YAF_disgust/YAF_wash_disgust.wav,tess,tess_YAF
5816,disgust,data/tess/TESS Toronto emotional speech set data/YAF_disgust/YAF_week_disgust.wav,tess,tess_YAF
5817,disgust,data/tess/TESS Toronto emotional speech set data/YAF_disgust/YAF_wheat_disgust.wav,tess,tess_YAF
5818,disgust,data/tess/TESS Toronto emotional speech set data/YAF_disgust/YAF_when_disgust.wav,tess,tess_YAF
5819,disgust,data/tess/TESS Toronto emotional speech set data/YAF_disgust/YAF_which_disgust.wav,tess,tess_YAF
5820,disgust,data/tess/TESS Toronto emotional speech set data/YAF_disgust/YAF_whip_disgust.wav,tess,tess_YAF
5821,disgust,data/tess/TESS Toronto emotional speech set data/YAF_disgust/YAF_white_disgust.wav,tess,tess_YAF
5822,disgust,data/tess/TESS Toronto emotional speech set data/YAF_disgust/YAF_wife_disgust.wav,tess,tess_YAF
5823,disgust,data/tess/TESS Toronto emotional speech set data/YAF_disgust/YAF_wire_disgust.wav,tess,tess_YAF
5824,disgust,data/tess/TESS Toronto emotional speech set data/YAF_disgust/YAF_witch_disgust.wav,tess,tess_YAF
5825,disgust,data/tess/TESS Toronto emotional speech set data/YAF_disgust/YAF_yearn_disgust.wav,tess,tess_YAF
5826,disgust,data/tess/TESS Toronto emotional speech set data/YAF_disgust/YAF_yes_disgust.wav,tess,tess_YAF
5827,disgust,data/tess/TESS Toronto emotional speech set data/YAF_disgust/YAF_young_disgust.wav,tess,tess_YAF
5828,disgust,data/tess/TESS Toronto emotional speech set data/YAF_disgust/YAF_youth_disgust.wav,tess,tess_YAF
5829,disgust,data/tess/YAF_disgust/YAF_back_disgust.wav,tess,tess_YAF
5830,disgust,data/tess/YAF_disgust/YAF_bar_disgust.wav,tess,tess_YAF
5831,disgust,data/tess/YAF_disgust/YAF_base_disgust.wav,tess,tess_YAF
5832,disgust,data/tess/YAF_disgust/YAF_bath_disgust.wav,tess,tess_YAF
5833,disgust,data/tess/YAF_disgust/YAF_bean_disgust.wav,tess,tess_YAF
5834,disgust,data/tess/YAF_disgust/YAF_beg_disgust.wav,tess,tess_YAF
5835,disgust,data/tess/YAF_disgust/YAF_bite_disgust.wav,tess,tess_YAF
5836,disgust,data/tess/YAF_disgust/YAF_boat_disgust.wav,tess,tess_YAF
5837,disgust,data/tess/YAF_disgust/YAF_bone_disgust.wav,tess,tess_YAF
5838,disgust,data/tess/YAF_disgust/YAF_book_disgust.wav,tess,tess_YAF
5839,disgust,data/tess/YAF_disgust/YAF_bought_disgust.wav,tess,tess_YAF
5840,disgust,data/tess/YAF_disgust/YAF_burn_disgust.wav,tess,tess_YAF
5841,disgust,data/tess/YAF_disgust/YAF_cab_disgust.wav,tess,tess_YAF
5842,disgust,data/tess/YAF_disgust/YAF_calm_disgust.wav,tess,tess_YAF
5843,disgust,data/tess/YAF_disgust/YAF_came_disgust.wav,tess,tess_YAF
5844,disgust,data/tess/YAF_disgust/YAF_cause_disgust.wav,tess,tess_YAF
5845,disgust,data/tess/YAF_disgust/YAF_chain_disgust.wav,tess,tess_YAF
5846,disgust,data/tess/YAF_disgust/YAF_chair_disgust.wav,tess,tess_YAF
5847,disgust,data/tess/YAF_disgust/YAF_chalk_disgust.wav,tess,tess_YAF
5848,disgust,data/tess/YAF_disgust/YAF_chat_disgust.wav,tess,tess_YAF
5849,disgust,data/tess/YAF_disgust/YAF_check_disgust.wav,tess,tess_YAF
5850,disgust,data/tess/YAF_disgust/YAF_cheek_disgust.wav,tess,tess_YAF
5851,disgust,data/tess/YAF_disgust/YAF_chief_disgust.wav,tess,tess_YAF
5852,disgust,data/tess/YAF_disgust/YAF_choice_disgust.wav,tess,tess_YAF
5853,disgust,data/tess/YAF_disgust/YAF_cool_disgust.wav,tess,tess_YAF
5854,disgust,data/tess/YAF_disgust/YAF_dab_disgust.wav,tess,tess_YAF
5855,disgust,data/tess/YAF_disgust/YAF_date_disgust.wav,tess,tess_YAF
5856,disgust,data/tess/YAF_disgust/YAF_dead_disgust.wav,tess,tess_YAF
5857,disgust,data/tess/YAF_disgust/YAF_death_disgust.wav,tess,tess_YAF
5858,disgust,data/tess/YAF_disgust/YAF_deep_disgust.wav,tess,tess_YAF
5859,disgust,data/tess/YAF_disgust/YAF_dime_disgust.wav,tess,tess_YAF
5860,disgust,data/tess/YAF_disgust/YAF_dip_disgust.wav,tess,tess_YAF
5861,disgust,data/tess/YAF_disgust/YAF_ditch_disgust.wav,tess,tess_YAF
5862,disgust,data/tess/YAF_disgust/YAF_dodge_disgust.wav,tess,tess_YAF
5863,disgust,data/tess/YAF_disgust/YAF_dog_disgust.wav,tess,tess_YAF
5864,disgust,data/tess/YAF_disgust/YAF_doll_disgust.wav,tess,tess_YAF
5865,disgust,data/tess/YAF_disgust/YAF_door_disgust.wav,tess,tess_YAF
5866,disgust,data/tess/YAF_disgust/YAF_fail_disgust.wav,tess,tess_YAF
5867,disgust,data/tess/YAF_disgust/YAF_fall_disgust.wav,tess,tess_YAF
5868,disgust,data/tess/YAF_disgust/YAF_far_disgust.wav,tess,tess_YAF
5869,disgust,data/tess/YAF_disgust/YAF_fat_disgust.wav,tess,tess_YAF
5870,disgust,data/tess/YAF_disgust/YAF_fit_disgust.wav,tess,tess_YAF
5871,disgust,data/tess/YAF_disgust/YAF_five_disgust.wav,tess,tess_YAF
5872,disgust,data/tess/YAF_disgust/YAF_food_disgust.wav,tess,tess_YAF
5873,disgust,data/tess/YAF_disgust/YAF_gap_disgust.wav,tess,tess_YAF
5874,disgust,data/tess/YAF_disgust/YAF_gas_disgust.wav,tess,tess_YAF
5875,disgust,data/tess/YAF_disgust/YAF_gaze_disgust.wav,tess,tess_YAF
5876,disgust,data/tess/YAF_disgust/YAF_germ_disgust.wav,tess,tess_YAF
5877,disgust,data/tess/YAF_disgust/YAF_get_disgust.wav,tess,tess_YAF
5878,disgust,data/tess/YAF_disgust/YAF_gin_disgust.wav,tess,tess_YAF
5879,disgust,data/tess/YAF_disgust/YAF_goal_disgust.wav,tess,tess_YAF
5880,disgust,data/tess/YAF_disgust/YAF_good_disgust.wav,tess,tess_YAF
5881,disgust,data/tess/YAF_disgust/YAF_goose_disgust.wav,tess,tess_YAF
5882,disgust,data/tess/YAF_disgust/YAF_gun_disgust.wav,tess,tess_YAF
5883,disgust,data/tess/YAF_disgust/YAF_half_disgust.wav,tess,tess_YAF
5884,disgust,data/tess/YAF_disgust/YAF_hall_disgust.wav,tess,tess_YAF
5885,disgust,data/tess/YAF_disgust/YAF_hash_disgust.wav,tess,tess_YAF
5886,disgust,data/tess/YAF_disgust/YAF_hate_disgust.wav,tess,tess_YAF
5887,disgust,data/tess/YAF_disgust/YAF_have_disgust.wav,tess,tess_YAF
5888,disgust,data/tess/YAF_disgust/YAF_haze_disgust.wav,tess,tess_YAF
5889,disgust,data/tess/YAF_disgust/YAF_hire_disgust.wav,tess,tess_YAF
5890,disgust,data/tess/YAF_disgust/YAF_hit_disgust.wav,tess,tess_YAF
5891,disgust,data/tess/YAF_disgust/YAF_hole_disgust.wav,tess,tess_YAF
5892,disgust,data/tess/YAF_disgust/YAF_home_disgust.wav,tess,tess_YAF
5893,disgust,data/tess/YAF_disgust/YAF_hurl_disgust.wav,tess,tess_YAF
5894,disgust,data/tess/YAF_disgust/YAF_hush_disgust.wav,tess,tess_YAF
5895,disgust,data/tess/YAF_disgust/YAF_jail_disgust.wav,tess,tess_YAF
5896,disgust,data/tess/YAF_disgust/YAF_jar_disgust.wav,tess,tess_YAF
5897,disgust,data/tess/YAF_disgust/YAF_join_disgust.wav,tess,tess_YAF
5898,disgust,data/tess/YAF_disgust/YAF_judge_disgust.wav,tess,tess_YAF
5899,disgust,data/tess/YAF_disgust/YAF_jug_disgust.wav,tess,tess_YAF
5900,disgust,data/tess/YAF_disgust/YAF_juice_disgust.wav,tess,tess_YAF
5901,disgust,data/tess/YAF_disgust/YAF_keen_disgust.wav,tess,tess_YAF
5902,disgust,data/tess/YAF_disgust/YAF_keep_disgust.wav,tess,tess_YAF
5903,disgust,data/tess/YAF_disgust/YAF_keg_disgust.wav,tess,tess_YAF
5904,disgust,data/tess/YAF_disgust/YAF_kick_disgust.wav,tess,tess_YAF
5905,disgust,data/tess/YAF_disgust/YAF_kill_disgust.wav,tess,tess_YAF
5906,disgust,data/tess/YAF_disgust/YAF_king_disgust.wav,tess,tess_YAF
5907,disgust,data/tess/YAF_disgust/YAF_kite_disgust.wav,tess,tess_YAF
5908,disgust,data/tess/YAF_disgust/YAF_knock_disgust.wav,tess,tess_YAF
5909,disgust,data/tess/YAF_disgust/YAF_late_disgust.wav,tess,tess_YAF
5910,disgust,data/tess/YAF_disgust/YAF_laud_disgust.wav,tess,tess_YAF
5911,disgust,data/tess/YAF_disgust/YAF_lean_disgust.wav,tess,tess_YAF
5912,disgust,data/tess/YAF_disgust/YAF_learn_disgust.wav,tess,tess_YAF
5913,disgust,data/tess/YAF_disgust/YAF_lease_disgust.wav,tess,tess_YAF
5914,disgust,data/tess/YAF_disgust/YAF_lid_disgust.wav,tess,tess_YAF
5915,disgust,data/tess/YAF_disgust/YAF_life_disgust.wav,tess,tess_YAF
5916,disgust,data/tess/YAF_disgust/YAF_limb_disgust.wav,tess,tess_YAF
5917,disgust,data/tess/YAF_disgust/YAF_live_disgust.wav,tess,tess_YAF
5918,disgust,data/tess/YAF_disgust/YAF_loaf_disgust.wav,tess,tess_YAF
5919,disgust,data/tess/YAF_disgust/YAF_long_disgust.wav,tess,tess_YAF
5920,disgust,data/tess/YAF_disgust/YAF_lore_disgust.wav,tess,tess_YAF
5921,disgust,data/tess/YAF_disgust/YAF_lose_disgust.wav,tess,tess_YAF
5922,disgust,data/tess/YAF_disgust/YAF_lot_disgust.wav,tess,tess_YAF
5923,disgust,data/tess/YAF_disgust/YAF_love_disgust.wav,tess,tess_YAF
5924,disgust,data/tess/YAF_disgust/YAF_luck_disgust.wav,tess,tess_YAF
5925,disgust,data/tess/YAF_disgust/YAF_make_disgust.wav,tess,tess_YAF
5926,disgust,data/tess/YAF_disgust/YAF_match_disgust.wav,tess,tess_YAF
5927,disgust,data/tess/YAF_disgust/YAF_merge_disgust.wav,tess,tess_YAF
5928,disgust,data/tess/YAF_disgust/YAF_mess_disgust.wav,tess,tess_YAF
5929,disgust,data/tess/YAF_disgust/YAF_met_disgust.wav,tess,tess_YAF
5930,disgust,data/tess/YAF_disgust/YAF_mill_disgust.wav,tess,tess_YAF
5931,disgust,data/tess/YAF_disgust/YAF_mob_disgust.wav,tess,tess_YAF
5932,disgust,data/tess/YAF_disgust/YAF_mode_disgust.wav,tess,tess_YAF
5933,disgust,data/tess/YAF_disgust/YAF_mood_disgust.wav,tess,tess_YAF
5934,disgust,data/tess/YAF_disgust/YAF_moon_disgust.wav,tess,tess_YAF
5935,disgust,data/tess/YAF_disgust/YAF_mop_disgust.wav,tess,tess_YAF
5936,disgust,data/tess/YAF_disgust/YAF_mouse_disgust.wav,tess,tess_YAF
5937,disgust,data/tess/YAF_disgust/YAF_nag_disgust.wav,tess,tess_YAF
5938,disgust,data/tess/YAF_disgust/YAF_name_disgust.wav,tess,tess_YAF
5939,disgust,data/tess/YAF_disgust/YAF_near_disgust.wav,tess,tess_YAF
5940,disgust,data/tess/YAF_disgust/YAF_neat_disgust.wav,tess,tess_YAF
5941,disgust,data/tess/YAF_disgust/YAF_nice_disgust.wav,tess,tess_YAF
5942,disgust,data/tess/YAF_disgust/YAF_note_disgust.wav,tess,tess_YAF
5943,disgust,data/tess/YAF_disgust/YAF_numb_disgust.wav,tess,tess_YAF
5944,disgust,data/tess/YAF_disgust/YAF_pad_disgust.wav,tess,tess_YAF
5945,disgust,data/tess/YAF_disgust/YAF_page_disgust.wav,tess,tess_YAF
5946,disgust,data/tess/YAF_disgust/YAF_pain_disgust.wav,tess,tess_YAF
5947,disgust,data/tess/YAF_disgust/YAF_pass_disgust.wav,tess,tess_YAF
5948,disgust,data/tess/YAF_disgust/YAF_pearl_disgust.wav,tess,tess_YAF
5949,disgust,data/tess/YAF_disgust/YAF_peg_disgust.wav,tess,tess_YAF
5950,disgust,data/tess/YAF_disgust/YAF_perch_disgust.wav,tess,tess_YAF
5951,disgust,data/tess/YAF_disgust/YAF_phone_disgust.wav,tess,tess_YAF
5952,disgust,data/tess/YAF_disgust/YAF_pick_disgust.wav,tess,tess_YAF
5953,disgust,data/tess/YAF_disgust/YAF_pike_disgust.wav,tess,tess_YAF
5954,disgust,data/tess/YAF_disgust/YAF_pole_disgust.wav,tess,tess_YAF
5955,disgust,data/tess/YAF_disgust/YAF_pool_disgust.wav,tess,tess_YAF
5956,disgust,data/tess/YAF_disgust/YAF_puff_disgust.wav,tess,tess_YAF
5957,disgust,data/tess/YAF_disgust/YAF_rag_disgust.wav,tess,tess_YAF
5958,disgust,data/tess/YAF_disgust/YAF_raid_disgust.wav,tess,tess_YAF
5959,disgust,data/tess/YAF_disgust/YAF_rain_disgust.wav,tess,tess_YAF
5960,disgust,data/tess/YAF_disgust/YAF_raise_disgust.wav,tess,tess_YAF
5961,disgust,data/tess/YAF_disgust/YAF_rat_disgust.wav,tess,tess_YAF
5962,disgust,data/tess/YAF_disgust/YAF_reach_disgust.wav,tess,tess_YAF
5963,disgust,data/tess/YAF_disgust/YAF_read_disgust.wav,tess,tess_YAF
5964,disgust,data/tess/YAF_disgust/YAF_red_disgust.wav,tess,tess_YAF
5965,disgust,data/tess/YAF_disgust/YAF_ring_disgust.wav,tess,tess_YAF
5966,disgust,data/tess/YAF_disgust/YAF_ripe_disgust.wav,tess,tess_YAF
5967,disgust,data/tess/YAF_disgust/YAF_road_disgust.wav,tess,tess_YAF
5968,disgust,data/tess/YAF_disgust/YAF_room_disgust.wav,tess,tess_YAF
5969,disgust,data/tess/YAF_disgust/YAF_rose_disgust.wav,tess,tess_YAF
5970,disgust,data/tess/YAF_disgust/YAF_rot_disgust.wav,tess,tess_YAF
5971,disgust,data/tess/YAF_disgust/YAF_rough_disgust.wav,tess,tess_YAF
5972,disgust,data/tess/YAF_disgust/YAF_rush_disgust.wav,tess,tess_YAF
5973,disgust,data/tess/YAF_disgust/YAF_said_disgust.wav,tess,tess_YAF
5974,disgust,data/tess/YAF_disgust/YAF_sail_disgust.wav,tess,tess_YAF
5975,disgust,data/tess/YAF_disgust/YAF_search_disgust.wav,tess,tess_YAF
5976,disgust,data/tess/YAF_disgust/YAF_seize_disgust.wav,tess,tess_YAF
5977,disgust,data/tess/YAF_disgust/YAF_sell_disgust.wav,tess,tess_YAF
5978,disgust,data/tess/YAF_disgust/YAF_shack_disgust.wav,tess,tess_YAF
5979,disgust,data/tess/YAF_disgust/YAF_shall_disgust.wav,tess,tess_YAF
5980,disgust,data/tess/YAF_disgust/YAF_shawl_disgust.wav,tess,tess_YAF
5981,disgust,data/tess/YAF_disgust/YAF_sheep_disgust.wav,tess,tess_YAF
5982,disgust,data/tess/YAF_disgust/YAF_shirt_disgust.wav,tess,tess_YAF
5983,disgust,data/tess/YAF_disgust/YAF_should_disgust.wav,tess,tess_YAF
5984,disgust,data/tess/YAF_disgust/YAF_shout_disgust.wav,tess,tess_YAF
5985,disgust,data/tess/YAF_disgust/YAF_size_disgust.wav,tess,tess_YAF
5986,disgust,data/tess/YAF_disgust/YAF_soap_disgust.wav,tess,tess_YAF
5987,disgust,data/tess/YAF_disgust/YAF_soup_disgust.wav,tess,tess_YAF
5988,disgust,data/tess/YAF_disgust/YAF_sour_disgust.wav,tess,tess_YAF
5989,disgust,data/tess/YAF_disgust/YAF_south_disgust.wav,tess,tess_YAF
5990,disgust,data/tess/YAF_disgust/YAF_sub_disgust.wav,tess,tess_YAF
5991,disgust,data/tess/YAF_disgust/YAF_such_disgust.wav,tess,tess_YAF
5992,disgust,data/tess/YAF_disgust/YAF_sure_disgust.wav,tess,tess_YAF
5993,disgust,data/tess/YAF_disgust/YAF_take_disgust.wav,tess,tess_YAF
5994,disgust,data/tess/YAF_disgust/YAF_talk_disgust.wav,tess,tess_YAF
5995,disgust,data/tess/YAF_disgust/YAF_tape_disgust.wav,tess,tess_YAF
5996,disgust,data/tess/YAF_disgust/YAF_team_disgust.wav,tess,tess_YAF
5997,disgust,data/tess/YAF_disgust/YAF_tell_disgust.wav,tess,tess_YAF
5998,disgust,data/tess/YAF_disgust/YAF_thin_disgust.wav,tess,tess_YAF
5999,disgust,data/tess/YAF_disgust/YAF_third_disgust.wav,tess,tess_YAF
6000,disgust,data/tess/YAF_disgust/YAF_thought_disgust.wav,tess,tess_YAF
6001,disgust,data/tess/YAF_disgust/YAF_thumb_disgust.wav,tess,tess_YAF
6002,disgust,data/tess/YAF_disgust/YAF_time_disgust.wav,tess,tess_YAF
6003,disgust,data/tess/YAF_disgust/YAF_tip_disgust.wav,tess,tess_YAF
6004,disgust,data/tess/YAF_disgust/YAF_tire_disgust.wav,tess,tess_YAF
6005,disgust,data/tess/YAF_disgust/YAF_ton_disgust.wav,tess,tess_YAF
6006,disgust,data/tess/YAF_disgust/YAF_tool_disgust.wav,tess,tess_YAF
6007,disgust,data/tess/YAF_disgust/YAF_tough_disgust.wav,tess,tess_YAF
6008,disgust,data/tess/YAF_disgust/YAF_turn_disgust.wav,tess,tess_YAF
6009,disgust,data/tess/YAF_disgust/YAF_vine_disgust.wav,tess,tess_YAF
6010,disgust,data/tess/YAF_disgust/YAF_voice_disgust.wav,tess,tess_YAF
6011,disgust,data/tess/YAF_disgust/YAF_void_disgust.wav,tess,tess_YAF
6012,disgust,data/tess/YAF_disgust/YAF_vote_disgust.wav,tess,tess_YAF
6013,disgust,data/tess/YAF_disgust/YAF_wag_disgust.wav,tess,tess_YAF
6014,disgust,data/tess/YAF_disgust/YAF_walk_disgust.wav,tess,tess_YAF
6015,disgust,data/tess/YAF_disgust/YAF_wash_disgust.wav,tess,tess_YAF
6016,disgust,data/tess/YAF_disgust/YAF_week_disgust.wav,tess,tess_YAF
6017,disgust,data/tess/YAF_disgust/YAF_wheat_disgust.wav,tess,tess_YAF
6018,disgust,data/tess/YAF_disgust/YAF_when_disgust.wav,tess,tess_YAF
6019,disgust,data/tess/YAF_disgust/YAF_which_disgust.wav,tess,tess_YAF
6020,disgust,data/tess/YAF_disgust/YAF_whip_disgust.wav,tess,tess_YAF
6021,disgust,data/tess/YAF_disgust/YAF_white_disgust.wav,tess,tess_YAF
6022,disgust,data/tess/YAF_disgust/YAF_wife_disgust.wav,tess,tess_YAF
6023,disgust,data/tess/YAF_disgust/YAF_wire_disgust.wav,tess,tess_YAF
6024,disgust,data/tess/YAF_disgust/YAF_witch_disgust.wav,tess,tess_YAF
6025,disgust,data/tess/YAF_disgust/YAF_yearn_disgust.wav,tess,tess_YAF
6026,disgust,data/tess/YAF_disgust/YAF_yes_disgust.wav,tess,tess_YAF
6027,disgust,data/tess/YAF_disgust/YAF_young_disgust.wav,tess,tess_YAF
6028,disgust,data/tess/YAF_disgust/YAF_youth_disgust.wav,tess,tess_YAF
6029,fearful,data/tess/OAF_Fear/OAF_back_fear.wav,tess,tess_OAF
6030,fearful,data/tess/OAF_Fear/OAF_bar_fear.wav,tess,tess_OAF
6031,fearful,data/tess/OAF_Fear/OAF_base_fear.wav,tess,tess_OAF
6032,fearful,data/tess/OAF_Fear/OAF_bath_fear.wav,tess,tess_OAF
6033,fearful,data/tess/OAF_Fear/OAF_bean_fear.wav,tess,tess_OAF
6034,fearful,data/tess/OAF_Fear/OAF_beg_fear.wav,tess,tess_OAF
6035,fearful,data/tess/OAF_Fear/OAF_bite_fear.wav,tess,tess_OAF
6036,fearful,data/tess/OAF_Fear/OAF_boat_fear.wav,tess,tess_OAF
6037,fearful,data/tess/OAF_Fear/OAF_bone_fear.wav,tess,tess_OAF
6038,fearful,data/tess/OAF_Fear/OAF_book_fear.wav,tess,tess_OAF
6039,fearful,data/tess/OAF_Fear/OAF_bought_fear.wav,tess,tess_OAF
6040,fearful,data/tess/OAF_Fear/OAF_burn_fear.wav,tess,tess_OAF
6041,fearful,data/tess/OAF_Fear/OAF_cab_fear.wav,tess,tess_OAF
6042,fearful,data/tess/OAF_Fear/OAF_calm_fear.wav,tess,tess_OAF
6043,fearful,data/tess/OAF_Fear/OAF_came_fear.wav,tess,tess_OAF
6044,fearful,data/tess/OAF_Fear/OAF_cause_fear.wav,tess,tess_OAF
6045,fearful,data/tess/OAF_Fear/OAF_chain_fear.wav,tess,tess_OAF
6046,fearful,data/tess/OAF_Fear/OAF_chair_fear.wav,tess,tess_OAF
6047,fearful,data/tess/OAF_Fear/OAF_chalk_fear.wav,tess,tess_OAF
6048,fearful,data/tess/OAF_Fear/OAF_chat_fear.wav,tess,tess_OAF
6049,fearful,data/tess/OAF_Fear/OAF_check_fear.wav,tess,tess_OAF
6050,fearful,data/tess/OAF_Fear/OAF_cheek_fear.wav,tess,tess_OAF
6051,fearful,data/tess/OAF_Fear/OAF_chief_fear.wav,tess,tess_OAF
6052,fearful,data/tess/OAF_Fear/OAF_choice_fear.wav,tess,tess_OAF
6053,fearful,data/tess/OAF_Fear/OAF_cool_fear.wav,tess,tess_OAF
6054,fearful,data/tess/OAF_Fear/OAF_dab_fear.wav,tess,tess_OAF
6055,fearful,data/tess/OAF_Fear/OAF_date_fear.wav,tess,tess_OAF
6056,fearful,data/tess/OAF_Fear/OAF_dead_fear.wav,tess,tess_OAF
6057,fearful,data/tess/OAF_Fear/OAF_death_fear.wav,tess,tess_OAF
6058,fearful,data/tess/OAF_Fear/OAF_deep_fear.wav,tess,tess_OAF
6059,fearful,data/tess/OAF_Fear/OAF_dime_fear.wav,tess,tess_OAF
6060,fearful,data/tess/OAF_Fear/OAF_dip_fear.wav,tess,tess_OAF
6061,fearful,data/tess/OAF_Fear/OAF_ditch_fear.wav,tess,tess_OAF
6062,fearful,data/tess/OAF_Fear/OAF_dodge_fear.wav,tess,tess_OAF
6063,fearful,data/tess/OAF_Fear/OAF_dog_fear.wav,tess,tess_OAF
6064,fearful,data/tess/OAF_Fear/OAF_doll_fear.wav,tess,tess_OAF
6065,fearful,data/tess/OAF_Fear/OAF_door_fear.wav,tess,tess_OAF
6066,fearful,data/tess/OAF_Fear/OAF_fail_fear.wav,tess,tess_OAF
6067,fearful,data/tess/OAF_Fear/OAF_fall_fear.wav,tess,tess_OAF
6068,fearful,data/tess/OAF_Fear/OAF_far_fear.wav,tess,tess_OAF
6069,fearful,data/tess/OAF_Fear/OAF_fat_fear.wav,tess,tess_OAF
6070,fearful,data/tess/OAF_Fear/OAF_fit_fear.wav,tess,tess_OAF
6071,fearful,data/tess/OAF_Fear/OAF_five_fear.wav,tess,tess_OAF
6072,fearful,data/tess/OAF_Fear/OAF_food_fear.wav,tess,tess_OAF
6073,fearful,data/tess/OAF_Fear/OAF_gap_fear.wav,tess,tess_OAF
6074,fearful,data/tess/OAF_Fear/OAF_gas_fear.wav,tess,tess_OAF
6075,fearful,data/tess/OAF_Fear/OAF_gaze_fear.wav,tess,tess_OAF
6076,fearful,data/tess/OAF_Fear/OAF_germ_fear.wav,tess,tess_OAF
6077,fearful,data/tess/OAF_Fear/OAF_get_fear.wav,tess,tess_OAF
6078,fearful,data/tess/OAF_Fear/OAF_gin_fear.wav,tess,tess_OAF
6079,fearful,data/tess/OAF_Fear/OAF_goal_fear.wav,tess,tess_OAF
6080,fearful,data/tess/OAF_Fear/OAF_good_fear.wav,tess,tess_OAF
6081,fearful,data/tess/OAF_Fear/OAF_goose_fear.wav,tess,tess_OAF
6082,fearful,data/tess/OAF_Fear/OAF_gun_fear.wav,tess,tess_OAF
6083,fearful,data/tess/OAF_Fear/OAF_half_fear.wav,tess,tess_OAF
6084,fearful,data/tess/OAF_Fear/OAF_hall_fear.wav,tess,tess_OAF
6085,fearful,data/tess/OAF_Fear/OAF_hash_fear.wav,tess,tess_OAF
6086,fearful,data/tess/OAF_Fear/OAF_hate_fear.wav,tess,tess_OAF
6087,fearful,data/tess/OAF_Fear/OAF_have_fear.wav,tess,tess_OAF
6088,fearful,data/tess/OAF_Fear/OAF_haze_fear.wav,tess,tess_OAF
6089,fearful,data/tess/OAF_Fear/OAF_hire_fear.wav,tess,tess_OAF
6090,fearful,data/tess/OAF_Fear/OAF_hit_fear.wav,tess,tess_OAF
6091,fearful,data/tess/OAF_Fear/OAF_hole_fear.wav,tess,tess_OAF
6092,fearful,data/tess/OAF_Fear/OAF_home_fear.wav,tess,tess_OAF
6093,fearful,data/tess/OAF_Fear/OAF_hurl_fear.wav,tess,tess_OAF
6094,fearful,data/tess/OAF_Fear/OAF_hush_fear.wav,tess,tess_OAF
6095,fearful,data/tess/OAF_Fear/OAF_jail_fear.wav,tess,tess_OAF
6096,fearful,data/tess/OAF_Fear/OAF_jar_fear.wav,tess,tess_OAF
6097,fearful,data/tess/OAF_Fear/OAF_join_fear.wav,tess,tess_OAF
6098,fearful,data/tess/OAF_Fear/OAF_judge_fear.wav,tess,tess_OAF
6099,fearful,data/tess/OAF_Fear/OAF_jug_fear.wav,tess,tess_OAF
6100,fearful,data/tess/OAF_Fear/OAF_juice_fear.wav,tess,tess_OAF
6101,fearful,data/tess/OAF_Fear/OAF_keen_fear.wav,tess,tess_OAF
6102,fearful,data/tess/OAF_Fear/OAF_keep_fear.wav,tess,tess_OAF
6103,fearful,data/tess/OAF_Fear/OAF_keg_fear.wav,tess,tess_OAF
6104,fearful,data/tess/OAF_Fear/OAF_kick_fear.wav,tess,tess_OAF
6105,fearful,data/tess/OAF_Fear/OAF_kill_fear.wav,tess,tess_OAF
6106,fearful,data/tess/OAF_Fear/OAF_king_fear.wav,tess,tess_OAF
6107,fearful,data/tess/OAF_Fear/OAF_kite_fear.wav,tess,tess_OAF
6108,fearful,data/tess/OAF_Fear/OAF_knock_fear.wav,tess,tess_OAF
6109,fearful,data/tess/OAF_Fear/OAF_late_fear.wav,tess,tess_OAF
6110,fearful,data/tess/OAF_Fear/OAF_laud_fear.wav,tess,tess_OAF
6111,fearful,data/tess/OAF_Fear/OAF_lean_fear.wav,tess,tess_OAF
6112,fearful,data/tess/OAF_Fear/OAF_learn_fear.wav,tess,tess_OAF
6113,fearful,data/tess/OAF_Fear/OAF_lease_fear.wav,tess,tess_OAF
6114,fearful,data/tess/OAF_Fear/OAF_lid_fear.wav,tess,tess_OAF
6115,fearful,data/tess/OAF_Fear/OAF_life_fear.wav,tess,tess_OAF
6116,fearful,data/tess/OAF_Fear/OAF_limb_fear.wav,tess,tess_OAF
6117,fearful,data/tess/OAF_Fear/OAF_live_fear.wav,tess,tess_OAF
6118,fearful,data/tess/OAF_Fear/OAF_loaf_fear.wav,tess,tess_OAF
6119,fearful,data/tess/OAF_Fear/OAF_long_fear.wav,tess,tess_OAF
6120,fearful,data/tess/OAF_Fear/OAF_lore_fear.wav,tess,tess_OAF
6121,fearful,data/tess/OAF_Fear/OAF_lose_fear.wav,tess,tess_OAF
6122,fearful,data/tess/OAF_Fear/OAF_lot_fear.wav,tess,tess_OAF
6123,fearful,data/tess/OAF_Fear/OAF_love_fear.wav,tess,tess_OAF
6124,fearful,data/tess/OAF_Fear/OAF_luck_fear.wav,tess,tess_OAF
6125,fearful,data/tess/OAF_Fear/OAF_make_fear.wav,tess,tess_OAF
6126,fearful,data/tess/OAF_Fear/OAF_match_fear.wav,tess,tess_OAF
6127,fearful,data/tess/OAF_Fear/OAF_merge_fear.wav,tess,tess_OAF
6128,fearful,data/tess/OAF_Fear/OAF_mess_fear.wav,tess,tess_OAF
6129,fearful,data/tess/OAF_Fear/OAF_met_fear.wav,tess,tess_OAF
6130,fearful,data/tess/OAF_Fear/OAF_mill_fear.wav,tess,tess_OAF
6131,fearful,data/tess/OAF_Fear/OAF_mob_fear.wav,tess,tess_OAF
6132,fearful,data/tess/OAF_Fear/OAF_mode_fear.wav,tess,tess_OAF
6133,fearful,data/tess/OAF_Fear/OAF_mood_fear.wav,tess,tess_OAF
6134,fearful,data/tess/OAF_Fear/OAF_moon_fear.wav,tess,tess_OAF
6135,fearful,data/tess/OAF_Fear/OAF_mop_fear.wav,tess,tess_OAF
6136,fearful,data/tess/OAF_Fear/OAF_mouse_fear.wav,tess,tess_OAF
6137,fearful,data/tess/OAF_Fear/OAF_nag_fear.wav,tess,tess_OAF
6138,fearful,data/tess/OAF_Fear/OAF_name_fear.wav,tess,tess_OAF
6139,fearful,data/tess/OAF_Fear/OAF_near_fear.wav,tess,tess_OAF
6140,fearful,data/tess/OAF_Fear/OAF_neat_fear.wav,tess,tess_OAF
6141,fearful,data/tess/OAF_Fear/OAF_nice_fear.wav,tess,tess_OAF
6142,fearful,data/tess/OAF_Fear/OAF_note_fear.wav,tess,tess_OAF
6143,fearful,data/tess/OAF_Fear/OAF_numb_fear.wav,tess,tess_OAF
6144,fearful,data/tess/OAF_Fear/OAF_pad_fear.wav,tess,tess_OAF
6145,fearful,data/tess/OAF_Fear/OAF_page_fear.wav,tess,tess_OAF
6146,fearful,data/tess/OAF_Fear/OAF_pain_fear.wav,tess,tess_OAF
6147,fearful,data/tess/OAF_Fear/OAF_pass_fear.wav,tess,tess_OAF
6148,fearful,data/tess/OAF_Fear/OAF_pearl_fear.wav,tess,tess_OAF
6149,fearful,data/tess/OAF_Fear/OAF_peg_fear.wav,tess,tess_OAF
6150,fearful,data/tess/OAF_Fear/OAF_perch_fear.wav,tess,tess_OAF
6151,fearful,data/tess/OAF_Fear/OAF_phone_fear.wav,tess,tess_OAF
6152,fearful,data/tess/OAF_Fear/OAF_pick_fear.wav,tess,tess_OAF
6153,fearful,data/tess/OAF_Fear/OAF_pike_fear.wav,tess,tess_OAF
6154,fearful,data/tess/OAF_Fear/OAF_pole_fear.wav,tess,tess_OAF
6155,fearful,data/tess/OAF_Fear/OAF_pool_fear.wav,tess,tess_OAF
6156,fearful,data/tess/OAF_Fear/OAF_puff_fear.wav,tess,tess_OAF
6157,fearful,data/tess/OAF_Fear/OAF_rag_fear.wav,tess,tess_OAF
6158,fearful,data/tess/OAF_Fear/OAF_raid_fear.wav,tess,tess_OAF
6159,fearful,data/tess/OAF_Fear/OAF_rain_fear.wav,tess,tess_OAF
6160,fearful,data/tess/OAF_Fear/OAF_raise_fear.wav,tess,tess_OAF
6161,fearful,data/tess/OAF_Fear/OAF_rat_fear.wav,tess,tess_OAF
6162,fearful,data/tess/OAF_Fear/OAF_reach_fear.wav,tess,tess_OAF
6163,fearful,data/tess/OAF_Fear/OAF_read_fear.wav,tess,tess_OAF
6164,fearful,data/tess/OAF_Fear/OAF_red_fear.wav,tess,tess_OAF
6165,fearful,data/tess/OAF_Fear/OAF_ring_fear.wav,tess,tess_OAF
6166,fearful,data/tess/OAF_Fear/OAF_ripe_fear.wav,tess,tess_OAF
6167,fearful,data/tess/OAF_Fear/OAF_road_fear.wav,tess,tess_OAF
6168,fearful,data/tess/OAF_Fear/OAF_room_fear.wav,tess,tess_OAF
6169,fearful,data/tess/OAF_Fear/OAF_rose_fear.wav,tess,tess_OAF
6170,fearful,data/tess/OAF_Fear/OAF_rot_fear.wav,tess,tess_OAF
6171,fearful,data/tess/OAF_Fear/OAF_rough_fear.wav,tess,tess_OAF
6172,fearful,data/tess/OAF_Fear/OAF_rush_fear.wav,tess,tess_OAF
6173,fearful,data/tess/OAF_Fear/OAF_said_fear.wav,tess,tess_OAF
6174,fearful,data/tess/OAF_Fear/OAF_sail_fear.wav,tess,tess_OAF
6175,fearful,data/tess/OAF_Fear/OAF_search_fear.wav,tess,tess_OAF
6176,fearful,data/tess/OAF_Fear/OAF_seize_fear.wav,tess,tess_OAF
6177,fearful,data/tess/OAF_Fear/OAF_sell_fear.wav,tess,tess_OAF
6178,fearful,data/tess/OAF_Fear/OAF_shack_fear.wav,tess,tess_OAF
6179,fearful,data/tess/OAF_Fear/OAF_shall_fear.wav,tess,tess_OAF
6180,fearful,data/tess/OAF_Fear/OAF_shawl_fear.wav,tess,tess_OAF
6181,fearful,data/tess/OAF_Fear/OAF_sheep_fear.wav,tess,tess_OAF
6182,fearful,data/tess/OAF_Fear/OAF_shirt_fear.wav,tess,tess_OAF
6183,fearful,data/tess/OAF_Fear/OAF_should_fear.wav,tess,tess_OAF
6184,fearful,data/tess/OAF_Fear/OAF_shout_fear.wav,tess,tess_OAF
6185,fearful,data/tess/OAF_Fear/OAF_size_fear.wav,tess,tess_OAF
6186,fearful,data/tess/OAF_Fear/OAF_soap_fear.wav,tess,tess_OAF
6187,fearful,data/tess/OAF_Fear/OAF_soup_fear.wav,tess,tess_OAF
6188,fearful,data/tess/OAF_Fear/OAF_sour_fear.wav,tess,tess_OAF
6189,fearful,data/tess/OAF_Fear/OAF_south_fear.wav,tess,tess_OAF
6190,fearful,data/tess/OAF_Fear/OAF_sub_fear.wav,tess,tess_OAF
6191,fearful,data/tess/OAF_Fear/OAF_such_fear.wav,tess,tess_OAF
6192,fearful,data/tess/OAF_Fear/OAF_sure_fear.wav,tess,tess_OAF
6193,fearful,data/tess/OAF_Fear/OAF_take_fear.wav,tess,tess_OAF
6194,fearful,data/tess/OAF_Fear/OAF_talk_fear.wav,tess,tess_OAF
6195,fearful,data/tess/OAF_Fear/OAF_tape_fear.wav,tess,tess_OAF
6196,fearful,data/tess/OAF_Fear/OAF_team_fear.wav,tess,tess_OAF
6197,fearful,data/tess/OAF_Fear/OAF_tell_fear.wav,tess,tess_OAF
6198,fearful,data/tess/OAF_Fear/OAF_thin_fear.wav,tess,tess_OAF
6199,fearful,data/tess/OAF_Fear/OAF_third_fear.wav,tess,tess_OAF
6200,fearful,data/tess/OAF_Fear/OAF_thought_fear.wav,tess,tess_OAF
6201,fearful,data/tess/OAF_Fear/OAF_thumb_fear.wav,tess,tess_OAF
6202,fearful,data/tess/OAF_Fear/OAF_time_fear.wav,tess,tess_OAF
6203,fearful,data/tess/OAF_Fear/OAF_tip_fear.wav,tess,tess_OAF
6204,fearful,data/tess/OAF_Fear/OAF_tire_fear.wav,tess,tess_OAF
6205,fearful,data/tess/OAF_Fear/OAF_ton_fear.wav,tess,tess_OAF
6206,fearful,data/tess/OAF_Fear/OAF_tool_fear.wav,tess,tess_OAF
6207,fearful,data/tess/OAF_Fear/OAF_tough_fear.wav,tess,tess_OAF
6208,fearful,data/tess/OAF_Fear/OAF_turn_fear.wav,tess,tess_OAF
6209,fearful,data/tess/OAF_Fear/OAF_vine_fear.wav,tess,tess_OAF
6210,fearful,data/tess/OAF_Fear/OAF_voice_fear.wav,tess,tess_OAF
6211,fearful,data/tess/OAF_Fear/OAF_void_fear.wav,tess,tess_OAF
6212,fearful,data/tess/OAF_Fear/OAF_vote_fear.wav,tess,tess_OAF
6213,fearful,data/tess/OAF_Fear/OAF_wag_fear.wav,tess,tess_OAF
6214,fearful,data/tess/OAF_Fear/OAF_walk_fear.wav,tess,tess_OAF
6215,fearful,data/tess/OAF_Fear/OAF_wash_fear.wav,tess,tess_OAF
6216,fearful,data/tess/OAF_Fear/OAF_week_fear.wav,tess,tess_OAF
6217,fearful,data/tess/OAF_Fear/OAF_wheat_fear.wav,tess,tess_OAF
6218,fearful,data/tess/OAF_Fear/OAF_when_fear.wav,tess,tess_OAF
6219,fearful,data/tess/OAF_Fear/OAF_which_fear.wav,tess,tess_OAF
6220,fearful,data/tess/OAF_Fear/OAF_whip_fear.wav,tess,tess_OAF
6221,fearful,data/tess/OAF_Fear/OAF_white_fear.wav,tess,tess_OAF
6222,fearful,data/tess/OAF_Fear/OAF_wife_fear.wav,tess,tess_OAF
6223,fearful,data/tess/OAF_Fear/OAF_wire_fear.wav,tess,tess_OAF
6224,fearful,data/tess/OAF_Fear/OAF_witch_fear.wav,tess,tess_OAF
6225,fearful,data/tess/OAF_Fear/OAF_yearn_fear.wav,tess,tess_OAF
6226,fearful,data/tess/OAF_Fear/OAF_yes_fear.wav,tess,tess_OAF
6227,fearful,data/tess/OAF_Fear/OAF_young_fear.wav,tess,tess_OAF
6228,fearful,data/tess/OAF_Fear/OAF_youth_fear.wav,tess,tess_OAF
6229,fearful,data/tess/TESS Toronto emotional speech set data/OAF_Fear/OAF_back_fear.wav,tess,tess_OAF
6230,fearful,data/tess/TESS Toronto emotional speech set data/OAF_Fear/OAF_bar_fear.wav,tess,tess_OAF
6231,fearful,data/tess/TESS Toronto emotional speech set data/OAF_Fear/OAF_base_fear.wav,tess,tess_OAF
6232,fearful,data/tess/TESS Toronto emotional speech set data/OAF_Fear/OAF_bath_fear.wav,tess,tess_OAF
6233,fearful,data/tess/TESS Toronto emotional speech set data/OAF_Fear/OAF_bean_fear.wav,tess,tess_OAF
6234,fearful,data/tess/TESS Toronto emotional speech set data/OAF_Fear/OAF_beg_fear.wav,tess,tess_OAF
6235,fearful,data/tess/TESS Toronto emotional speech set data/OAF_Fear/OAF_bite_fear.wav,tess,tess_OAF
6236,fearful,data/tess/TESS Toronto emotional speech set data/OAF_Fear/OAF_boat_fear.wav,tess,tess_OAF
6237,fearful,data/tess/TESS Toronto emotional speech set data/OAF_Fear/OAF_bone_fear.wav,tess,tess_OAF
6238,fearful,data/tess/TESS Toronto emotional speech set data/OAF_Fear/OAF_book_fear.wav,tess,tess_OAF
6239,fearful,data/tess/TESS Toronto emotional speech set data/OAF_Fear/OAF_bought_fear.wav,tess,tess_OAF
6240,fearful,data/tess/TESS Toronto emotional speech set data/OAF_Fear/OAF_burn_fear.wav,tess,tess_OAF
6241,fearful,data/tess/TESS Toronto emotional speech set data/OAF_Fear/OAF_cab_fear.wav,tess,tess_OAF
6242,fearful,data/tess/TESS Toronto emotional speech set data/OAF_Fear/OAF_calm_fear.wav,tess,tess_OAF
6243,fearful,data/tess/TESS Toronto emotional speech set data/OAF_Fear/OAF_came_fear.wav,tess,tess_OAF
6244,fearful,data/tess/TESS Toronto emotional speech set data/OAF_Fear/OAF_cause_fear.wav,tess,tess_OAF
6245,fearful,data/tess/TESS Toronto emotional speech set data/OAF_Fear/OAF_chain_fear.wav,tess,tess_OAF
6246,fearful,data/tess/TESS Toronto emotional speech set data/OAF_Fear/OAF_chair_fear.wav,tess,tess_OAF
6247,fearful,data/tess/TESS Toronto emotional speech set data/OAF_Fear/OAF_chalk_fear.wav,tess,tess_OAF
6248,fearful,data/tess/TESS Toronto emotional speech set data/OAF_Fear/OAF_chat_fear.wav,tess,tess_OAF
6249,fearful,data/tess/TESS Toronto emotional speech set data/OAF_Fear/OAF_check_fear.wav,tess,tess_OAF
6250,fearful,data/tess/TESS Toronto emotional speech set data/OAF_Fear/OAF_cheek_fear.wav,tess,tess_OAF
6251,fearful,data/tess/TESS Toronto emotional speech set data/OAF_Fear/OAF_chief_fear.wav,tess,tess_OAF
6252,fearful,data/tess/TESS Toronto emotional speech set data/OAF_Fear/OAF_choice_fear.wav,tess,tess_OAF
6253,fearful,data/tess/TESS Toronto emotional speech set data/OAF_Fear/OAF_cool_fear.wav,tess,tess_OAF
6254,fearful,data/tess/TESS Toronto emotional speech set data/OAF_Fear/OAF_dab_fear.wav,tess,tess_OAF
6255,fearful,data/tess/TESS Toronto emotional speech set data/OAF_Fear/OAF_date_fear.wav,tess,tess_OAF
6256,fearful,data/tess/TESS Toronto emotional speech set data/OAF_Fear/OAF_dead_fear.wav,tess,tess_OAF
6257,fearful,data/tess/TESS Toronto emotional speech set data/OAF_Fear/OAF_death_fear.wav,tess,tess_OAF
6258,fearful,data/tess/TESS Toronto emotional speech set data/OAF_Fear/OAF_deep_fear.wav,tess,tess_OAF
6259,fearful,data/tess/TESS Toronto emotional speech set data/OAF_Fear/OAF_dime_fear.wav,tess,tess_OAF
6260,fearful,data/tess/TESS Toronto emotional speech set data/OAF_Fear/OAF_dip_fear.wav,tess,tess_OAF
6261,fearful,data/tess/TESS Toronto emotional speech set data/OAF_Fear/OAF_ditch_fear.wav,tess,tess_OAF
6262,fearful,data/tess/TESS Toronto emotional speech set data/OAF_Fear/OAF_dodge_fear.wav,tess,tess_OAF
6263,fearful,data/tess/TESS Toronto emotional speech set data/OAF_Fear/OAF_dog_fear.wav,tess,tess_OAF
6264,fearful,data/tess/TESS Toronto emotional speech set data/OAF_Fear/OAF_doll_fear.wav,tess,tess_OAF
6265,fearful,data/tess/TESS Toronto emotional speech set data/OAF_Fear/OAF_door_fear.wav,tess,tess_OAF
6266,fearful,data/tess/TESS Toronto emotional speech set data/OAF_Fear/OAF_fail_fear.wav,tess,tess_OAF
6267,fearful,data/tess/TESS Toronto emotional speech set data/OAF_Fear/OAF_fall_fear.wav,tess,tess_OAF
6268,fearful,data/tess/TESS Toronto emotional speech set data/OAF_Fear/OAF_far_fear.wav,tess,tess_OAF
6269,fearful,data/tess/TESS Toronto emotional speech set data/OAF_Fear/OAF_fat_fear.wav,tess,tess_OAF
6270,fearful,data/tess/TESS Toronto emotional speech set data/OAF_Fear/OAF_fit_fear.wav,tess,tess_OAF
6271,fearful,data/tess/TESS Toronto emotional speech set data/OAF_Fear/OAF_five_fear.wav,tess,tess_OAF
6272,fearful,data/tess/TESS Toronto emotional speech set data/OAF_Fear/OAF_food_fear.wav,tess,tess_OAF
6273,fearful,data/tess/TESS Toronto emotional speech set data/OAF_Fear/OAF_gap_fear.wav,tess,tess_OAF
6274,fearful,data/tess/TESS Toronto emotional speech set data/OAF_Fear/OAF_gas_fear.wav,tess,tess_OAF
6275,fearful,data/tess/TESS Toronto emotional speech set data/OAF_Fear/OAF_gaze_fear.wav,tess,tess_OAF
6276,fearful,data/tess/TESS Toronto emotional speech set data/OAF_Fear/OAF_germ_fear.wav,tess,tess_OAF
6277,fearful,data/tess/TESS Toronto emotional speech set data/OAF_Fear/OAF_get_fear.wav,tess,tess_OAF
6278,fearful,data/tess/TESS Toronto emotional speech set data/OAF_Fear/OAF_gin_fear.wav,tess,tess_OAF
6279,fearful,data/tess/TESS Toronto emotional speech set data/OAF_Fear/OAF_goal_fear.wav,tess,tess_OAF
6280,fearful,data/tess/TESS Toronto emotional speech set data/OAF_Fear/OAF_good_fear.wav,tess,tess_OAF
6281,fearful,data/tess/TESS Toronto emotional speech set data/OAF_Fear/OAF_goose_fear.wav,tess,tess_OAF
6282,fearful,data/tess/TESS Toronto emotional speech set data/OAF_Fear/OAF_gun_fear.wav,tess,tess_OAF
6283,fearful,data/tess/TESS Toronto emotional speech set data/OAF_Fear/OAF_half_fear.wav,tess,tess_OAF
6284,fearful,data/tess/TESS Toronto emotional speech set data/OAF_Fear/OAF_hall_fear.wav,tess,tess_OAF
6285,fearful,data/tess/TESS Toronto emotional speech set data/OAF_Fear/OAF_hash_fear.wav,tess,tess_OAF
6286,fearful,data/tess/TESS Toronto emotional speech set data/OAF_Fear/OAF_hate_fear.wav,tess,tess_OAF
6287,fearful,data/tess/TESS Toronto emotional speech set data/OAF_Fear/OAF_have_fear.wav,tess,tess_OAF
6288,fearful,data/tess/TESS Toronto emotional speech set data/OAF_Fear/OAF_haze_fear.wav,tess,tess_OAF
6289,fearful,data/tess/TESS Toronto emotional speech set data/OAF_Fear/OAF_hire_fear.wav,tess,tess_OAF
6290,fearful,data/tess/TESS Toronto emotional speech set data/OAF_Fear/OAF_hit_fear.wav,tess,tess_OAF
6291,fearful,data/tess/TESS Toronto emotional speech set data/OAF_Fear/OAF_hole_fear.wav,tess,tess_OAF
6292,fearful,data/tess/TESS Toronto emotional speech set data/OAF_Fear/OAF_home_fear.wav,tess,tess_OAF
6293,fearful,data/tess/TESS Toronto emotional speech set data/OAF_Fear/OAF_hurl_fear.wav,tess,tess_OAF
6294,fearful,data/tess/TESS Toronto emotional speech set data/OAF_Fear/OAF_hush_fear.wav,tess,tess_OAF
6295,fearful,data/tess/TESS Toronto emotional speech set data/OAF_Fear/OAF_jail_fear.wav,tess,tess_OAF
6296,fearful,data/tess/TESS Toronto emotional speech set data/OAF_Fear/OAF_jar_fear.wav,tess,tess_OAF
6297,fearful,data/tess/TESS Toronto emotional speech set data/OAF_Fear/OAF_join_fear.wav,tess,tess_OAF
6298,fearful,data/tess/TESS Toronto emotional speech set data/OAF_Fear/OAF_judge_fear.wav,tess,tess_OAF
6299,fearful,data/tess/TESS Toronto emotional speech set data/OAF_Fear/OAF_jug_fear.wav,tess,tess_OAF
6300,fearful,data/tess/TESS Toronto emotional speech set data/OAF_Fear/OAF_juice_fear.wav,tess,tess_OAF
6301,fearful,data/tess/TESS Toronto emotional speech set data/OAF_Fear/OAF_keen_fear.wav,tess,tess_OAF
6302,fearful,data/tess/TESS Toronto emotional speech set data/OAF_Fear/OAF_keep_fear.wav,tess,tess_OAF
6303,fearful,data/tess/TESS Toronto emotional speech set data/OAF_Fear/OAF_keg_fear.wav,tess,tess_OAF
6304,fearful,data/tess/TESS Toronto emotional speech set data/OAF_Fear/OAF_kick_fear.wav,tess,tess_OAF
6305,fearful,data/tess/TESS Toronto emotional speech set data/OAF_Fear/OAF_kill_fear.wav,tess,tess_OAF
6306,fearful,data/tess/TESS Toronto emotional speech set data/OAF_Fear/OAF_king_fear.wav,tess,tess_OAF
6307,fearful,data/tess/TESS Toronto emotional speech set data/OAF_Fear/OAF_kite_fear.wav,tess,tess_OAF
6308,fearful,data/tess/TESS Toronto emotional speech set data/OAF_Fear/OAF_knock_fear.wav,tess,tess_OAF
6309,fearful,data/tess/TESS Toronto emotional speech set data/OAF_Fear/OAF_late_fear.wav,tess,tess_OAF
6310,fearful,data/tess/TESS Toronto emotional speech set data/OAF_Fear/OAF_laud_fear.wav,tess,tess_OAF
6311,fearful,data/tess/TESS Toronto emotional speech set data/OAF_Fear/OAF_lean_fear.wav,tess,tess_OAF
6312,fearful,data/tess/TESS Toronto emotional speech set data/OAF_Fear/OAF_learn_fear.wav,tess,tess_OAF
6313,fearful,data/tess/TESS Toronto emotional speech set data/OAF_Fear/OAF_lease_fear.wav,tess,tess_OAF
6314,fearful,data/tess/TESS Toronto emotional speech set data/OAF_Fear/OAF_lid_fear.wav,tess,tess_OAF
6315,fearful,data/tess/TESS Toronto emotional speech set data/OAF_Fear/OAF_life_fear.wav,tess,tess_OAF
6316,fearful,data/tess/TESS Toronto emotional speech set data/OAF_Fear/OAF_limb_fear.wav,tess,tess_OAF
6317,fearful,data/tess/TESS Toronto emotional speech set data/OAF_Fear/OAF_live_fear.wav,tess,tess_OAF
6318,fearful,data/tess/TESS Toronto emotional speech set data/OAF_Fear/OAF_loaf_fear.wav,tess,tess_OAF
6319,fearful,data/tess/TESS Toronto emotional speech set data/OAF_Fear/OAF_long_fear.wav,tess,tess_OAF
6320,fearful,data/tess/TESS Toronto emotional speech set data/OAF_Fear/OAF_lore_fear.wav,tess,tess_OAF
6321,fearful,data/tess/TESS Toronto emotional speech set data/OAF_Fear/OAF_lose_fear.wav,tess,tess_OAF
6322,fearful,data/tess/TESS Toronto emotional speech set data/OAF_Fear/OAF_lot_fear.wav,tess,tess_OAF
6323,fearful,data/tess/TESS Toronto emotional speech set data/OAF_Fear/OAF_love_fear.wav,tess,tess_OAF
6324,fearful,data/tess/TESS Toronto emotional speech set data/OAF_Fear/OAF_luck_fear.wav,tess,tess_OAF
6325,fearful,data/tess/TESS Toronto emotional speech set data/OAF_Fear/OAF_make_fear.wav,tess,tess_OAF
6326,fearful,data/tess/TESS Toronto emotional speech set data/OAF_Fear/OAF_match_fear.wav,tess,tess_OAF
6327,fearful,data/tess/TESS Toronto emotional speech set data/OAF_Fear/OAF_merge_fear.wav,tess,tess_OAF
6328,fearful,data/tess/TESS Toronto emotional speech set data/OAF_Fear/OAF_mess_fear.wav,tess,tess_OAF
6329,fearful,data/tess/TESS Toronto emotional speech set data/OAF_Fear/OAF_met_fear.wav,tess,tess_OAF
6330,fearful,data/tess/TESS Toronto emotional speech set data/OAF_Fear/OAF_mill_fear.wav,tess,tess_OAF
6331,fearful,data/tess/TESS Toronto emotional speech set data/OAF_Fear/OAF_mob_fear.wav,tess,tess_OAF
6332,fearful,data/tess/TESS Toronto emotional speech set data/OAF_Fear/OAF_mode_fear.wav,tess,tess_OAF
6333,fearful,data/tess/TESS Toronto emotional speech set data/OAF_Fear/OAF_mood_fear.wav,tess,tess_OAF
6334,fearful,data/tess/TESS Toronto emotional speech set data/OAF_Fear/OAF_moon_fear.wav,tess,tess_OAF
6335,fearful,data/tess/TESS Toronto emotional speech set data/OAF_Fear/OAF_mop_fear.wav,tess,tess_OAF
6336,fearful,data/tess/TESS Toronto emotional speech set data/OAF_Fear/OAF_mouse_fear.wav,tess,tess_OAF
6337,fearful,data/tess/TESS Toronto emotional speech set data/OAF_Fear/OAF_nag_fear.wav,tess,tess_OAF
6338,fearful,data/tess/TESS Toronto emotional speech set data/OAF_Fear/OAF_name_fear.wav,tess,tess_OAF
6339,fearful,data/tess/TESS Toronto emotional speech set data/OAF_Fear/OAF_near_fear.wav,tess,tess_OAF
6340,fearful,data/tess/TESS Toronto emotional speech set data/OAF_Fear/OAF_neat_fear.wav,tess,tess_OAF
6341,fearful,data/tess/TESS Toronto emotional speech set data/OAF_Fear/OAF_nice_fear.wav,tess,tess_OAF
6342,fearful,data/tess/TESS Toronto emotional speech set data/OAF_Fear/OAF_note_fear.wav,tess,tess_OAF
6343,fearful,data/tess/TESS Toronto emotional speech set data/OAF_Fear/OAF_numb_fear.wav,tess,tess_OAF
6344,fearful,data/tess/TESS Toronto emotional speech set data/OAF_Fear/OAF_pad_fear.wav,tess,tess_OAF
6345,fearful,data/tess/TESS Toronto emotional speech set data/OAF_Fear/OAF_page_fear.wav,tess,tess_OAF
6346,fearful,data/tess/TESS Toronto emotional speech set data/OAF_Fear/OAF_pain_fear.wav,tess,tess_OAF
6347,fearful,data/tess/TESS Toronto emotional speech set data/OAF_Fear/OAF_pass_fear.wav,tess,tess_OAF
6348,fearful,data/tess/TESS Toronto emotional speech set data/OAF_Fear/OAF_pearl_fear.wav,tess,tess_OAF
6349,fearful,data/tess/TESS Toronto emotional speech set data/OAF_Fear/OAF_peg_fear.wav,tess,tess_OAF
6350,fearful,data/tess/TESS Toronto emotional speech set data/OAF_Fear/OAF_perch_fear.wav,tess,tess_OAF
6351,fearful,data/tess/TESS Toronto emotional speech set data/OAF_Fear/OAF_phone_fear.wav,tess,tess_OAF
6352,fearful,data/tess/TESS Toronto emotional speech set data/OAF_Fear/OAF_pick_fear.wav,tess,tess_OAF
6353,fearful,data/tess/TESS Toronto emotional speech set data/OAF_Fear/OAF_pike_fear.wav,tess,tess_OAF
6354,fearful,data/tess/TESS Toronto emotional speech set data/OAF_Fear/OAF_pole_fear.wav,tess,tess_OAF
6355,fearful,data/tess/TESS Toronto emotional speech set data/OAF_Fear/OAF_pool_fear.wav,tess,tess_OAF
6356,fearful,data/tess/TESS Toronto emotional speech set data/OAF_Fear/OAF_puff_fear.wav,tess,tess_OAF
6357,fearful,data/tess/TESS Toronto emotional speech set data/OAF_Fear/OAF_rag_fear.wav,tess,tess_OAF
6358,fearful,data/tess/TESS Toronto emotional speech set data/OAF_Fear/OAF_raid_fear.wav,tess,tess_OAF
6359,fearful,data/tess/TESS Toronto emotional speech set data/OAF_Fear/OAF_rain_fear.wav,tess,tess_OAF
6360,fearful,data/tess/TESS Toronto emotional speech set data/OAF_Fear/OAF_raise_fear.wav,tess,tess_OAF
6361,fearful,data/tess/TESS Toronto emotional speech set data/OAF_Fear/OAF_rat_fear.wav,tess,tess_OAF
6362,fearful,data/tess/TESS Toronto emotional speech set data/OAF_Fear/OAF_reach_fear.wav,tess,tess_OAF
6363,fearful,data/tess/TESS Toronto emotional speech set data/OAF_Fear/OAF_read_fear.wav,tess,tess_OAF
6364,fearful,data/tess/TESS Toronto emotional speech set data/OAF_Fear/OAF_red_fear.wav,tess,tess_OAF
6365,fearful,data/tess/TESS Toronto emotional speech set data/OAF_Fear/OAF_ring_fear.wav,tess,tess_OAF
6366,fearful,data/tess/TESS Toronto emotional speech set data/OAF_Fear/OAF_ripe_fear.wav,tess,tess_OAF
6367,fearful,data/tess/TESS Toronto emotional speech set data/OAF_Fear/OAF_road_fear.wav,tess,tess_OAF
6368,fearful,data/tess/TESS Toronto emotional speech set data/OAF_Fear/OAF_room_fear.wav,tess,tess_OAF
6369,fearful,data/tess/TESS Toronto emotional speech set data/OAF_Fear/OAF_rose_fear.wav,tess,tess_OAF
6370,fearful,data/tess/TESS Toronto emotional speech set data/OAF_Fear/OAF_rot_fear.wav,tess,tess_OAF
6371,fearful,data/tess/TESS Toronto emotional speech set data/OAF_Fear/OAF_rough_fear.wav,tess,tess_OAF
6372,fearful,data/tess/TESS Toronto emotional speech set data/OAF_Fear/OAF_rush_fear.wav,tess,tess_OAF
6373,fearful,data/tess/TESS Toronto emotional speech set data/OAF_Fear/OAF_said_fear.wav,tess,tess_OAF
6374,fearful,data/tess/TESS Toronto emotional speech set data/OAF_Fear/OAF_sail_fear.wav,tess,tess_OAF
6375,fearful,data/tess/TESS Toronto emotional speech set data/OAF_Fear/OAF_search_fear.wav,tess,tess_OAF
6376,fearful,data/tess/TESS Toronto emotional speech set data/OAF_Fear/OAF_seize_fear.wav,tess,tess_OAF
6377,fearful,data/tess/TESS Toronto emotional speech set data/OAF_Fear/OAF_sell_fear.wav,tess,tess_OAF
6378,fearful,data/tess/TESS Toronto emotional speech set data/OAF_Fear/OAF_shack_fear.wav,tess,tess_OAF
6379,fearful,data/tess/TESS Toronto emotional speech set data/OAF_Fear/OAF_shall_fear.wav,tess,tess_OAF
6380,fearful,data/tess/TESS Toronto emotional speech set data/OAF_Fear/OAF_shawl_fear.wav,tess,tess_OAF
6381,fearful,data/tess/TESS Toronto emotional speech set data/OAF_Fear/OAF_sheep_fear.wav,tess,tess_OAF
6382,fearful,data/tess/TESS Toronto emotional speech set data/OAF_Fear/OAF_shirt_fear.wav,tess,tess_OAF
6383,fearful,data/tess/TESS Toronto emotional speech set data/OAF_Fear/OAF_should_fear.wav,tess,tess_OAF
6384,fearful,data/tess/TESS Toronto emotional speech set data/OAF_Fear/OAF_shout_fear.wav,tess,tess_OAF
6385,fearful,data/tess/TESS Toronto emotional speech set data/OAF_Fear/OAF_size_fear.wav,tess,tess_OAF
6386,fearful,data/tess/TESS Toronto emotional speech set data/OAF_Fear/OAF_soap_fear.wav,tess,tess_OAF
6387,fearful,data/tess/TESS Toronto emotional speech set data/OAF_Fear/OAF_soup_fear.wav,tess,tess_OAF
6388,fearful,data/tess/TESS Toronto emotional speech set data/OAF_Fear/OAF_sour_fear.wav,tess,tess_OAF
6389,fearful,data/tess/TESS Toronto emotional speech set data/OAF_Fear/OAF_south_fear.wav,tess,tess_OAF
6390,fearful,data/tess/TESS Toronto emotional speech set data/OAF_Fear/OAF_sub_fear.wav,tess,tess_OAF
6391,fearful,data/tess/TESS Toronto emotional speech set data/OAF_Fear/OAF_such_fear.wav,tess,tess_OAF
6392,fearful,data/tess/TESS Toronto emotional speech set data/OAF_Fear/OAF_sure_fear.wav,tess,tess_OAF
6393,fearful,data/tess/TESS Toronto emotional speech set data/OAF_Fear/OAF_take_fear.wav,tess,tess_OAF
6394,fearful,data/tess/TESS Toronto emotional speech set data/OAF_Fear/OAF_talk_fear.wav,tess,tess_OAF
6395,fearful,data/tess/TESS Toronto emotional speech set data/OAF_Fear/OAF_tape_fear.wav,tess,tess_OAF
6396,fearful,data/tess/TESS Toronto emotional speech set data/OAF_Fear/OAF_team_fear.wav,tess,tess_OAF
6397,fearful,data/tess/TESS Toronto emotional speech set data/OAF_Fear/OAF_tell_fear.wav,tess,tess_OAF
6398,fearful,data/tess/TESS Toronto emotional speech set data/OAF_Fear/OAF_thin_fear.wav,tess,tess_OAF
6399,fearful,data/tess/TESS Toronto emotional speech set data/OAF_Fear/OAF_third_fear.wav,tess,tess_OAF
6400,fearful,data/tess/TESS Toronto emotional speech set data/OAF_Fear/OAF_thought_fear.wav,tess,tess_OAF
6401,fearful,data/tess/TESS Toronto emotional speech set data/OAF_Fear/OAF_thumb_fear.wav,tess,tess_OAF
6402,fearful,data/tess/TESS Toronto emotional speech set data/OAF_Fear/OAF_time_fear.wav,tess,tess_OAF
6403,fearful,data/tess/TESS Toronto emotional speech set data/OAF_Fear/OAF_tip_fear.wav,tess,tess_OAF
6404,fearful,data/tess/TESS Toronto emotional speech set data/OAF_Fear/OAF_tire_fear.wav,tess,tess_OAF
6405,fearful,data/tess/TESS Toronto emotional speech set data/OAF_Fear/OAF_ton_fear.wav,tess,tess_OAF
6406,fearful,data/tess/TESS Toronto emotional speech set data/OAF_Fear/OAF_tool_fear.wav,tess,tess_OAF
6407,fearful,data/tess/TESS Toronto emotional speech set data/OAF_Fear/OAF_tough_fear.wav,tess,tess_OAF
6408,fearful,data/tess/TESS Toronto emotional speech set data/OAF_Fear/OAF_turn_fear.wav,tess,tess_OAF
6409,fearful,data/tess/TESS Toronto emotional speech set data/OAF_Fear/OAF_vine_fear.wav,tess,tess_OAF
6410,fearful,data/tess/TESS Toronto emotional speech set data/OAF_Fear/OAF_voice_fear.wav,tess,tess_OAF
6411,fearful,data/tess/TESS Toronto emotional speech set data/OAF_Fear/OAF_void_fear.wav,tess,tess_OAF
6412,fearful,data/tess/TESS Toronto emotional speech set data/OAF_Fear/OAF_vote_fear.wav,tess,tess_OAF
6413,fearful,data/tess/TESS Toronto emotional speech set data/OAF_Fear/OAF_wag_fear.wav,tess,tess_OAF
6414,fearful,data/tess/TESS Toronto emotional speech set data/OAF_Fear/OAF_walk_fear.wav,tess,tess_OAF
6415,fearful,data/tess/TESS Toronto emotional speech set data/OAF_Fear/OAF_wash_fear.wav,tess,tess_OAF
6416,fearful,data/tess/TESS Toronto emotional speech set data/OAF_Fear/OAF_week_fear.wav,tess,tess_OAF
6417,fearful,data/tess/TESS Toronto emotional speech set data/OAF_Fear/OAF_wheat_fear.wav,tess,tess_OAF
6418,fearful,data/tess/TESS Toronto emotional speech set data/OAF_Fear/OAF_when_fear.wav,tess,tess_OAF
6419,fearful,data/tess/TESS Toronto emotional speech set data/OAF_Fear/OAF_which_fear.wav,tess,tess_OAF
6420,fearful,data/tess/TESS Toronto emotional speech set data/OAF_Fear/OAF_whip_fear.wav,tess,tess_OAF
6421,fearful,data/tess/TESS Toronto emotional speech set data/OAF_Fear/OAF_white_fear.wav,tess,tess_OAF
6422,fearful,data/tess/TESS Toronto emotional speech set data/OAF_Fear/OAF_wife_fear.wav,tess,tess_OAF
6423,fearful,data/tess/TESS Toronto emotional speech set data/OAF_Fear/OAF_wire_fear.wav,tess,tess_OAF
6424,fearful,data/tess/TESS Toronto emotional speech set data/OAF_Fear/OAF_witch_fear.wav,tess,tess_OAF
6425,fearful,data/tess/TESS Toronto emotional speech set data/OAF_Fear/OAF_yearn_fear.wav,tess,tess_OAF
6426,fearful,data/tess/TESS Toronto emotional speech set data/OAF_Fear/OAF_yes_fear.wav,tess,tess_OAF
6427,fearful,data/tess/TESS Toronto emotional speech set data/OAF_Fear/OAF_young_fear.wav,tess,tess_OAF
6428,fearful,data/tess/TESS Toronto emotional speech set data/OAF_Fear/OAF_youth_fear.wav,tess,tess_OAF
6429,fearful,data/tess/TESS Toronto emotional speech set data/YAF_fear/YAF_back_fear.wav,tess,tess_YAF
6430,fearful,data/tess/TESS Toronto emotional speech set data/YAF_fear/YAF_bar_fear.wav,tess,tess_YAF
6431,fearful,data/tess/TESS Toronto emotional speech set data/YAF_fear/YAF_base_fear.wav,tess,tess_YAF
6432,fearful,data/tess/TESS Toronto emotional speech set data/YAF_fear/YAF_bath_fear.wav,tess,tess_YAF
6433,fearful,data/tess/TESS Toronto emotional speech set data/YAF_fear/YAF_bean_fear.wav,tess,tess_YAF
6434,fearful,data/tess/TESS Toronto emotional speech set data/YAF_fear/YAF_beg_fear.wav,tess,tess_YAF
6435,fearful,data/tess/TESS Toronto emotional speech set data/YAF_fear/YAF_bite_fear.wav,tess,tess_YAF
6436,fearful,data/tess/TESS Toronto emotional speech set data/YAF_fear/YAF_boat_fear.wav,tess,tess_YAF
6437,fearful,data/tess/TESS Toronto emotional speech set data/YAF_fear/YAF_bone_fear.wav,tess,tess_YAF
6438,fearful,data/tess/TESS Toronto emotional speech set data/YAF_fear/YAF_book_fear.wav,tess,tess_YAF
6439,fearful,data/tess/TESS Toronto emotional speech set data/YAF_fear/YAF_bought_fear.wav,tess,tess_YAF
6440,fearful,data/tess/TESS Toronto emotional speech set data/YAF_fear/YAF_burn_fear.wav,tess,tess_YAF
6441,fearful,data/tess/TESS Toronto emotional speech set data/YAF_fear/YAF_cab_fear.wav,tess,tess_YAF
6442,fearful,data/tess/TESS Toronto emotional speech set data/YAF_fear/YAF_calm_fear.wav,tess,tess_YAF
6443,fearful,data/tess/TESS Toronto emotional speech set data/YAF_fear/YAF_came_fear.wav,tess,tess_YAF
6444,fearful,data/tess/TESS Toronto emotional speech set data/YAF_fear/YAF_cause_fear.wav,tess,tess_YAF
6445,fearful,data/tess/TESS Toronto emotional speech set data/YAF_fear/YAF_chain_fear.wav,tess,tess_YAF
6446,fearful,data/tess/TESS Toronto emotional speech set data/YAF_fear/YAF_chair_fear.wav,tess,tess_YAF
6447,fearful,data/tess/TESS Toronto emotional speech set data/YAF_fear/YAF_chalk_fear.wav,tess,tess_YAF
6448,fearful,data/tess/TESS Toronto emotional speech set data/YAF_fear/YAF_chat_fear.wav,tess,tess_YAF
6449,fearful,data/tess/TESS Toronto emotional speech set data/YAF_fear/YAF_check_fear.wav,tess,tess_YAF
6450,fearful,data/tess/TESS Toronto emotional speech set data/YAF_fear/YAF_cheek_fear.wav,tess,tess_YAF
6451,fearful,data/tess/TESS Toronto emotional speech set data/YAF_fear/YAF_chief_fear.wav,tess,tess_YAF
6452,fearful,data/tess/TESS Toronto emotional speech set data/YAF_fear/YAF_choice_fear.wav,tess,tess_YAF
6453,fearful,data/tess/TESS Toronto emotional speech set data/YAF_fear/YAF_cool_fear.wav,tess,tess_YAF
6454,fearful,data/tess/TESS Toronto emotional speech set data/YAF_fear/YAF_dab_fear.wav,tess,tess_YAF
6455,fearful,data/tess/TESS Toronto emotional speech set data/YAF_fear/YAF_date_fear.wav,tess,tess_YAF
6456,fearful,data/tess/TESS Toronto emotional speech set data/YAF_fear/YAF_dead_fear.wav,tess,tess_YAF
6457,fearful,data/tess/TESS Toronto emotional speech set data/YAF_fear/YAF_death_fear.wav,tess,tess_YAF
6458,fearful,data/tess/TESS Toronto emotional speech set data/YAF_fear/YAF_deep_fear.wav,tess,tess_YAF
6459,fearful,data/tess/TESS Toronto emotional speech set data/YAF_fear/YAF_dime_fear.wav,tess,tess_YAF
6460,fearful,data/tess/TESS Toronto emotional speech set data/YAF_fear/YAF_dip_fear.wav,tess,tess_YAF
6461,fearful,data/tess/TESS Toronto emotional speech set data/YAF_fear/YAF_ditch_fear.wav,tess,tess_YAF
6462,fearful,data/tess/TESS Toronto emotional speech set data/YAF_fear/YAF_dodge_fear.wav,tess,tess_YAF
6463,fearful,data/tess/TESS Toronto emotional speech set data/YAF_fear/YAF_dog_fear.wav,tess,tess_YAF
6464,fearful,data/tess/TESS Toronto emotional speech set data/YAF_fear/YAF_doll_fear.wav,tess,tess_YAF
6465,fearful,data/tess/TESS Toronto emotional speech set data/YAF_fear/YAF_door_fear.wav,tess,tess_YAF
6466,fearful,data/tess/TESS Toronto emotional speech set data/YAF_fear/YAF_fail_fear.wav,tess,tess_YAF
6467,fearful,data/tess/TESS Toronto emotional speech set data/YAF_fear/YAF_fall_fear.wav,tess,tess_YAF
6468,fearful,data/tess/TESS Toronto emotional speech set data/YAF_fear/YAF_far_fear.wav,tess,tess_YAF
6469,fearful,data/tess/TESS Toronto emotional speech set data/YAF_fear/YAF_fat_fear.wav,tess,tess_YAF
6470,fearful,data/tess/TESS Toronto emotional speech set data/YAF_fear/YAF_fit_fear.wav,tess,tess_YAF
6471,fearful,data/tess/TESS Toronto emotional speech set data/YAF_fear/YAF_five_fear.wav,tess,tess_YAF
6472,fearful,data/tess/TESS Toronto emotional speech set data/YAF_fear/YAF_food_fear.wav,tess,tess_YAF
6473,fearful,data/tess/TESS Toronto emotional speech set data/YAF_fear/YAF_gap_fear.wav,tess,tess_YAF
6474,fearful,data/tess/TESS Toronto emotional speech set data/YAF_fear/YAF_gas_fear.wav,tess,tess_YAF
6475,fearful,data/tess/TESS Toronto emotional speech set data/YAF_fear/YAF_gaze_fear.wav,tess,tess_YAF
6476,fearful,data/tess/TESS Toronto emotional speech set data/YAF_fear/YAF_germ_fear.wav,tess,tess_YAF
6477,fearful,data/tess/TESS Toronto emotional speech set data/YAF_fear/YAF_get_fear.wav,tess,tess_YAF
6478,fearful,data/tess/TESS Toronto emotional speech set data/YAF_fear/YAF_gin_fear.wav,tess,tess_YAF
6479,fearful,data/tess/TESS Toronto emotional speech set data/YAF_fear/YAF_goal_fear.wav,tess,tess_YAF
6480,fearful,data/tess/TESS Toronto emotional speech set data/YAF_fear/YAF_good_fear.wav,tess,tess_YAF
6481,fearful,data/tess/TESS Toronto emotional speech set data/YAF_fear/YAF_goose_fear.wav,tess,tess_YAF
6482,fearful,data/tess/TESS Toronto emotional speech set data/YAF_fear/YAF_gun_fear.wav,tess,tess_YAF
6483,fearful,data/tess/TESS Toronto emotional speech set data/YAF_fear/YAF_half_fear.wav,tess,tess_YAF
6484,fearful,data/tess/TESS Toronto emotional speech set data/YAF_fear/YAF_hall_fear.wav,tess,tess_YAF
6485,fearful,data/tess/TESS Toronto emotional speech set data/YAF_fear/YAF_hash_fear.wav,tess,tess_YAF
6486,fearful,data/tess/TESS Toronto emotional speech set data/YAF_fear/YAF_hate_fear.wav,tess,tess_YAF
6487,fearful,data/tess/TESS Toronto emotional speech set data/YAF_fear/YAF_have_fear.wav,tess,tess_YAF
6488,fearful,data/tess/TESS Toronto emotional speech set data/YAF_fear/YAF_haze_fear.wav,tess,tess_YAF
6489,fearful,data/tess/TESS Toronto emotional speech set data/YAF_fear/YAF_hire_fear.wav,tess,tess_YAF
6490,fearful,data/tess/TESS Toronto emotional speech set data/YAF_fear/YAF_hit_fear.wav,tess,tess_YAF
6491,fearful,data/tess/TESS Toronto emotional speech set data/YAF_fear/YAF_hole_fear.wav,tess,tess_YAF
6492,fearful,data/tess/TESS Toronto emotional speech set data/YAF_fear/YAF_home_fear.wav,tess,tess_YAF
6493,fearful,data/tess/TESS Toronto emotional speech set data/YAF_fear/YAF_hurl_fear.wav,tess,tess_YAF
6494,fearful,data/tess/TESS Toronto emotional speech set data/YAF_fear/YAF_hush_fear.wav,tess,tess_YAF
6495,fearful,data/tess/TESS Toronto emotional speech set data/YAF_fear/YAF_jail_fear.wav,tess,tess_YAF
6496,fearful,data/tess/TESS Toronto emotional speech set data/YAF_fear/YAF_jar_fear.wav,tess,tess_YAF
6497,fearful,data/tess/TESS Toronto emotional speech set data/YAF_fear/YAF_join_fear.wav,tess,tess_YAF
6498,fearful,data/tess/TESS Toronto emotional speech set data/YAF_fear/YAF_judge_fear.wav,tess,tess_YAF
6499,fearful,data/tess/TESS Toronto emotional speech set data/YAF_fear/YAF_jug_fear.wav,tess,tess_YAF
6500,fearful,data/tess/TESS Toronto emotional speech set data/YAF_fear/YAF_juice_fear.wav,tess,tess_YAF
6501,fearful,data/tess/TESS Toronto emotional speech set data/YAF_fear/YAF_keen_fear.wav,tess,tess_YAF
6502,fearful,data/tess/TESS Toronto emotional speech set data/YAF_fear/YAF_keep_fear.wav,tess,tess_YAF
6503,fearful,data/tess/TESS Toronto emotional speech set data/YAF_fear/YAF_keg_fear.wav,tess,tess_YAF
6504,fearful,data/tess/TESS Toronto emotional speech set data/YAF_fear/YAF_kick_fear.wav,tess,tess_YAF
6505,fearful,data/tess/TESS Toronto emotional speech set data/YAF_fear/YAF_kill_fear.wav,tess,tess_YAF
6506,fearful,data/tess/TESS Toronto emotional speech set data/YAF_fear/YAF_king_fear.wav,tess,tess_YAF
6507,fearful,data/tess/TESS Toronto emotional speech set data/YAF_fear/YAF_kite_fear.wav,tess,tess_YAF
6508,fearful,data/tess/TESS Toronto emotional speech set data/YAF_fear/YAF_knock_fear.wav,tess,tess_YAF
6509,fearful,data/tess/TESS Toronto emotional speech set data/YAF_fear/YAF_late_fear.wav,tess,tess_YAF
6510,fearful,data/tess/TESS Toronto emotional speech set data/YAF_fear/YAF_laud_fear.wav,tess,tess_YAF
6511,fearful,data/tess/TESS Toronto emotional speech set data/YAF_fear/YAF_lean_fear.wav,tess,tess_YAF
6512,fearful,data/tess/TESS Toronto emotional speech set data/YAF_fear/YAF_learn_fear.wav,tess,tess_YAF
6513,fearful,data/tess/TESS Toronto emotional speech set data/YAF_fear/YAF_lease_fear.wav,tess,tess_YAF
6514,fearful,data/tess/TESS Toronto emotional speech set data/YAF_fear/YAF_lid_fear.wav,tess,tess_YAF
6515,fearful,data/tess/TESS Toronto emotional speech set data/YAF_fear/YAF_life_fear.wav,tess,tess_YAF
6516,fearful,data/tess/TESS Toronto emotional speech set data/YAF_fear/YAF_limb_fear.wav,tess,tess_YAF
6517,fearful,data/tess/TESS Toronto emotional speech set data/YAF_fear/YAF_live_fear.wav,tess,tess_YAF
6518,fearful,data/tess/TESS Toronto emotional speech set data/YAF_fear/YAF_loaf_fear.wav,tess,tess_YAF
6519,fearful,data/tess/TESS Toronto emotional speech set data/YAF_fear/YAF_long_fear.wav,tess,tess_YAF
6520,fearful,data/tess/TESS Toronto emotional speech set data/YAF_fear/YAF_lore_fear.wav,tess,tess_YAF
6521,fearful,data/tess/TESS Toronto emotional speech set data/YAF_fear/YAF_lose_fear.wav,tess,tess_YAF
6522,fearful,data/tess/TESS Toronto emotional speech set data/YAF_fear/YAF_lot_fear.wav,tess,tess_YAF
6523,fearful,data/tess/TESS Toronto emotional speech set data/YAF_fear/YAF_love_fear.wav,tess,tess_YAF
6524,fearful,data/tess/TESS Toronto emotional speech set data/YAF_fear/YAF_luck_fear.wav,tess,tess_YAF
6525,fearful,data/tess/TESS Toronto emotional speech set data/YAF_fear/YAF_make_fear.wav,tess,tess_YAF
6526,fearful,data/tess/TESS Toronto emotional speech set data/YAF_fear/YAF_match_fear.wav,tess,tess_YAF
6527,fearful,data/tess/TESS Toronto emotional speech set data/YAF_fear/YAF_merge_fear.wav,tess,tess_YAF
6528,fearful,data/tess/TESS Toronto emotional speech set data/YAF_fear/YAF_mess_fear.wav,tess,tess_YAF
6529,fearful,data/tess/TESS Toronto emotional speech set data/YAF_fear/YAF_met_fear.wav,tess,tess_YAF
6530,fearful,data/tess/TESS Toronto emotional speech set data/YAF_fear/YAF_mill_fear.wav,tess,tess_YAF
6531,fearful,data/tess/TESS Toronto emotional speech set data/YAF_fear/YAF_mob_fear.wav,tess,tess_YAF
6532,fearful,data/tess/TESS Toronto emotional speech set data/YAF_fear/YAF_mode_fear.wav,tess,tess_YAF
6533,fearful,data/tess/TESS Toronto emotional speech set data/YAF_fear/YAF_mood_fear.wav,tess,tess_YAF
6534,fearful,data/tess/TESS Toronto emotional speech set data/YAF_fear/YAF_moon_fear.wav,tess,tess_YAF
6535,fearful,data/tess/TESS Toronto emotional speech set data/YAF_fear/YAF_mop_fear.wav,tess,tess_YAF
6536,fearful,data/tess/TESS Toronto emotional speech set data/YAF_fear/YAF_mouse_fear.wav,tess,tess_YAF
6537,fearful,data/tess/TESS Toronto emotional speech set data/YAF_fear/YAF_nag_fear.wav,tess,tess_YAF
6538,fearful,data/tess/TESS Toronto emotional speech set data/YAF_fear/YAF_name_fear.wav,tess,tess_YAF
6539,fearful,data/tess/TESS Toronto emotional speech set data/YAF_fear/YAF_near_fear.wav,tess,tess_YAF
6540,fearful,data/tess/TESS Toronto emotional speech set data/YAF_fear/YAF_neat_fear.wav,tess,tess_YAF
6541,fearful,data/tess/TESS Toronto emotional speech set data/YAF_fear/YAF_nice_fear.wav,tess,tess_YAF
6542,fearful,data/tess/TESS Toronto emotional speech set data/YAF_fear/YAF_note_fear.wav,tess,tess_YAF
6543,fearful,data/tess/TESS Toronto emotional speech set data/YAF_fear/YAF_numb_fear.wav,tess,tess_YAF
6544,fearful,data/tess/TESS Toronto emotional speech set data/YAF_fear/YAF_pad_fear.wav,tess,tess_YAF
6545,fearful,data/tess/TESS Toronto emotional speech set data/YAF_fear/YAF_page_fear.wav,tess,tess_YAF
6546,fearful,data/tess/TESS Toronto emotional speech set data/YAF_fear/YAF_pain_fear.wav,tess,tess_YAF
6547,fearful,data/tess/TESS Toronto emotional speech set data/YAF_fear/YAF_pass_fear.wav,tess,tess_YAF
6548,fearful,data/tess/TESS Toronto emotional speech set data/YAF_fear/YAF_pearl_fear.wav,tess,tess_YAF
6549,fearful,data/tess/TESS Toronto emotional speech set data/YAF_fear/YAF_peg_fear.wav,tess,tess_YAF
6550,fearful,data/tess/TESS Toronto emotional speech set data/YAF_fear/YAF_perch_fear.wav,tess,tess_YAF
6551,fearful,data/tess/TESS Toronto emotional speech set data/YAF_fear/YAF_phone_fear.wav,tess,tess_YAF
6552,fearful,data/tess/TESS Toronto emotional speech set data/YAF_fear/YAF_pick_fear.wav,tess,tess_YAF
6553,fearful,data/tess/TESS Toronto emotional speech set data/YAF_fear/YAF_pike_fear.wav,tess,tess_YAF
6554,fearful,data/tess/TESS Toronto emotional speech set data/YAF_fear/YAF_pole_fear.wav,tess,tess_YAF
6555,fearful,data/tess/TESS Toronto emotional speech set data/YAF_fear/YAF_pool_fear.wav,tess,tess_YAF
6556,fearful,data/tess/TESS Toronto emotional speech set data/YAF_fear/YAF_puff_fear.wav,tess,tess_YAF
6557,fearful,data/tess/TESS Toronto emotional speech set data/YAF_fear/YAF_rag_fear.wav,tess,tess_YAF
6558,fearful,data/tess/TESS Toronto emotional speech set data/YAF_fear/YAF_raid_fear.wav,tess,tess_YAF
6559,fearful,data/tess/TESS Toronto emotional speech set data/YAF_fear/YAF_rain_fear.wav,tess,tess_YAF
6560,fearful,data/tess/TESS Toronto emotional speech set data/YAF_fear/YAF_raise_fear.wav,tess,tess_YAF
6561,fearful,data/tess/TESS Toronto emotional speech set data/YAF_fear/YAF_rat_fear.wav,tess,tess_YAF
6562,fearful,data/tess/TESS Toronto emotional speech set data/YAF_fear/YAF_reach_fear.wav,tess,tess_YAF
6563,fearful,data/tess/TESS Toronto emotional speech set data/YAF_fear/YAF_read_fear.wav,tess,tess_YAF
6564,fearful,data/tess/TESS Toronto emotional speech set data/YAF_fear/YAF_red_fear.wav,tess,tess_YAF
6565,fearful,data/tess/TESS Toronto emotional speech set data/YAF_fear/YAF_ring_fear.wav,tess,tess_YAF
6566,fearful,data/tess/TESS Toronto emotional speech set data/YAF_fear/YAF_ripe_fear.wav,tess,tess_YAF
6567,fearful,data/tess/TESS Toronto emotional speech set data/YAF_fear/YAF_road_fear.wav,tess,tess_YAF
6568,fearful,data/tess/TESS Toronto emotional speech set data/YAF_fear/YAF_room_fear.wav,tess,tess_YAF
6569,fearful,data/tess/TESS Toronto emotional speech set data/YAF_fear/YAF_rose_fear.wav,tess,tess_YAF
6570,fearful,data/tess/TESS Toronto emotional speech set data/YAF_fear/YAF_rot_fear.wav,tess,tess_YAF
6571,fearful,data/tess/TESS Toronto emotional speech set data/YAF_fear/YAF_rough_fear.wav,tess,tess_YAF
6572,fearful,data/tess/TESS Toronto emotional speech set data/YAF_fear/YAF_rush_fear.wav,tess,tess_YAF
6573,fearful,data/tess/TESS Toronto emotional speech set data/YAF_fear/YAF_said_fear.wav,tess,tess_YAF
6574,fearful,data/tess/TESS Toronto emotional speech set data/YAF_fear/YAF_sail_fear.wav,tess,tess_YAF
6575,fearful,data/tess/TESS Toronto emotional speech set data/YAF_fear/YAF_search_fear.wav,tess,tess_YAF
6576,fearful,data/tess/TESS Toronto emotional speech set data/YAF_fear/YAF_seize_fear.wav,tess,tess_YAF
6577,fearful,data/tess/TESS Toronto emotional speech set data/YAF_fear/YAF_sell_fear.wav,tess,tess_YAF
6578,fearful,data/tess/TESS Toronto emotional speech set data/YAF_fear/YAF_shack_fear.wav,tess,tess_YAF
6579,fearful,data/tess/TESS Toronto emotional speech set data/YAF_fear/YAF_shall_fear.wav,tess,tess_YAF
6580,fearful,data/tess/TESS Toronto emotional speech set data/YAF_fear/YAF_shawl_fear.wav,tess,tess_YAF
6581,fearful,data/tess/TESS Toronto emotional speech set data/YAF_fear/YAF_sheep_fear.wav,tess,tess_YAF
6582,fearful,data/tess/TESS Toronto emotional speech set data/YAF_fear/YAF_shirt_fear.wav,tess,tess_YAF
6583,fearful,data/tess/TESS Toronto emotional speech set data/YAF_fear/YAF_should_fear.wav,tess,tess_YAF
6584,fearful,data/tess/TESS Toronto emotional speech set data/YAF_fear/YAF_shout_fear.wav,tess,tess_YAF
6585,fearful,data/tess/TESS Toronto emotional speech set data/YAF_fear/YAF_size_fear.wav,tess,tess_YAF
6586,fearful,data/tess/TESS Toronto emotional speech set data/YAF_fear/YAF_soap_fear.wav,tess,tess_YAF
6587,fearful,data/tess/TESS Toronto emotional speech set data/YAF_fear/YAF_soup_fear.wav,tess,tess_YAF
6588,fearful,data/tess/TESS Toronto emotional speech set data/YAF_fear/YAF_sour_fear.wav,tess,tess_YAF
6589,fearful,data/tess/TESS Toronto emotional speech set data/YAF_fear/YAF_south_fear.wav,tess,tess_YAF
6590,fearful,data/tess/TESS Toronto emotional speech set data/YAF_fear/YAF_sub_fear.wav,tess,tess_YAF
6591,fearful,data/tess/TESS Toronto emotional speech set data/YAF_fear/YAF_such_fear.wav,tess,tess_YAF
6592,fearful,data/tess/TESS Toronto emotional speech set data/YAF_fear/YAF_sure_fear.wav,tess,tess_YAF
6593,fearful,data/tess/TESS Toronto emotional speech set data/YAF_fear/YAF_take_fear.wav,tess,tess_YAF
6594,fearful,data/tess/TESS Toronto emotional speech set data/YAF_fear/YAF_talk_fear.wav,tess,tess_YAF
6595,fearful,data/tess/TESS Toronto emotional speech set data/YAF_fear/YAF_tape_fear.wav,tess,tess_YAF
6596,fearful,data/tess/TESS Toronto emotional speech set data/YAF_fear/YAF_team_fear.wav,tess,tess_YAF
6597,fearful,data/tess/TESS Toronto emotional speech set data/YAF_fear/YAF_tell_fear.wav,tess,tess_YAF
6598,fearful,data/tess/TESS Toronto emotional speech set data/YAF_fear/YAF_thin_fear.wav,tess,tess_YAF
6599,fearful,data/tess/TESS Toronto emotional speech set data/YAF_fear/YAF_third_fear.wav,tess,tess_YAF
6600,fearful,data/tess/TESS Toronto emotional speech set data/YAF_fear/YAF_thought_fear.wav,tess,tess_YAF
6601,fearful,data/tess/TESS Toronto emotional speech set data/YAF_fear/YAF_thumb_fear.wav,tess,tess_YAF
6602,fearful,data/tess/TESS Toronto emotional speech set data/YAF_fear/YAF_time_fear.wav,tess,tess_YAF
6603,fearful,data/tess/TESS Toronto emotional speech set data/YAF_fear/YAF_tip_fear.wav,tess,tess_YAF
6604,fearful,data/tess/TESS Toronto emotional speech set data/YAF_fear/YAF_tire_fear.wav,tess,tess_YAF
6605,fearful,data/tess/TESS Toronto emotional speech set data/YAF_fear/YAF_ton_fear.wav,tess,tess_YAF
6606,fearful,data/tess/TESS Toronto emotional speech set data/YAF_fear/YAF_tool_fear.wav,tess,tess_YAF
6607,fearful,data/tess/TESS Toronto emotional speech set data/YAF_fear/YAF_tough_fear.wav,tess,tess_YAF
6608,fearful,data/tess/TESS Toronto emotional speech set data/YAF_fear/YAF_turn_fear.wav,tess,tess_YAF
6609,fearful,data/tess/TESS Toronto emotional speech set data/YAF_fear/YAF_vine_fear.wav,tess,tess_YAF
6610,fearful,data/tess/TESS Toronto emotional speech set data/YAF_fear/YAF_voice_fear.wav,tess,tess_YAF
6611,fearful,data/tess/TESS Toronto emotional speech set data/YAF_fear/YAF_void_fear.wav,tess,tess_YAF
6612,fearful,data/tess/TESS Toronto emotional speech set data/YAF_fear/YAF_vote_fear.wav,tess,tess_YAF
6613,fearful,data/tess/TESS Toronto emotional speech set data/YAF_fear/YAF_wag_fear.wav,tess,tess_YAF
6614,fearful,data/tess/TESS Toronto emotional speech set data/YAF_fear/YAF_walk_fear.wav,tess,tess_YAF
6615,fearful,data/tess/TESS Toronto emotional speech set data/YAF_fear/YAF_wash_fear.wav,tess,tess_YAF
6616,fearful,data/tess/TESS Toronto emotional speech set data/YAF_fear/YAF_week_fear.wav,tess,tess_YAF
6617,fearful,data/tess/TESS Toronto emotional speech set data/YAF_fear/YAF_wheat_fear.wav,tess,tess_YAF
6618,fearful,data/tess/TESS Toronto emotional speech set data/YAF_fear/YAF_when_fear.wav,tess,tess_YAF
6619,fearful,data/tess/TESS Toronto emotional speech set data/YAF_fear/YAF_which_fear.wav,tess,tess_YAF
6620,fearful,data/tess/TESS Toronto emotional speech set data/YAF_fear/YAF_whip_fear.wav,tess,tess_YAF
6621,fearful,data/tess/TESS Toronto emotional speech set data/YAF_fear/YAF_white_fear.wav,tess,tess_YAF
6622,fearful,data/tess/TESS Toronto emotional speech set data/YAF_fear/YAF_wife_fear.wav,tess,tess_YAF
6623,fearful,data/tess/TESS Toronto emotional speech set data/YAF_fear/YAF_wire_fear.wav,tess,tess_YAF
6624,fearful,data/tess/TESS Toronto emotional speech set data/YAF_fear/YAF_witch_fear.wav,tess,tess_YAF
6625,fearful,data/tess/TESS Toronto emotional speech set data/YAF_fear/YAF_yearn_fear.wav,tess,tess_YAF
6626,fearful,data/tess/TESS Toronto emotional speech set data/YAF_fear/YAF_yes_fear.wav,tess,tess_YAF
6627,fearful,data/tess/TESS Toronto emotional speech set data/YAF_fear/YAF_young_fear.wav,tess,tess_YAF
6628,fearful,data/tess/TESS Toronto emotional speech set data/YAF_fear/YAF_youth_fear.wav,tess,tess_YAF
6629,fearful,data/tess/YAF_fear/YAF_back_fear.wav,tess,tess_YAF
6630,fearful,data/tess/YAF_fear/YAF_bar_fear.wav,tess,tess_YAF
6631,fearful,data/tess/YAF_fear/YAF_base_fear.wav,tess,tess_YAF
6632,fearful,data/tess/YAF_fear/YAF_bath_fear.wav,tess,tess_YAF
6633,fearful,data/tess/YAF_fear/YAF_bean_fear.wav,tess,tess_YAF
6634,fearful,data/tess/YAF_fear/YAF_beg_fear.wav,tess,tess_YAF
6635,fearful,data/tess/YAF_fear/YAF_bite_fear.wav,tess,tess_YAF
6636,fearful,data/tess/YAF_fear/YAF_boat_fear.wav,tess,tess_YAF
6637,fearful,data/tess/YAF_fear/YAF_bone_fear.wav,tess,tess_YAF
6638,fearful,data/tess/YAF_fear/YAF_book_fear.wav,tess,tess_YAF
6639,fearful,data/tess/YAF_fear/YAF_bought_fear.wav,tess,tess_YAF
6640,fearful,data/tess/YAF_fear/YAF_burn_fear.wav,tess,tess_YAF
6641,fearful,data/tess/YAF_fear/YAF_cab_fear.wav,tess,tess_YAF
6642,fearful,data/tess/YAF_fear/YAF_calm_fear.wav,tess,tess_YAF
6643,fearful,data/tess/YAF_fear/YAF_came_fear.wav,tess,tess_YAF
6644,fearful,data/tess/YAF_fear/YAF_cause_fear.wav,tess,tess_YAF
6645,fearful,data/tess/YAF_fear/YAF_chain_fear.wav,tess,tess_YAF
6646,fearful,data/tess/YAF_fear/YAF_chair_fear.wav,tess,tess_YAF
6647,fearful,data/tess/YAF_fear/YAF_chalk_fear.wav,tess,tess_YAF
6648,fearful,data/tess/YAF_fear/YAF_chat_fear.wav,tess,tess_YAF
6649,fearful,data/tess/YAF_fear/YAF_check_fear.wav,tess,tess_YAF
6650,fearful,data/tess/YAF_fear/YAF_cheek_fear.wav,tess,tess_YAF
6651,fearful,data/tess/YAF_fear/YAF_chief_fear.wav,tess,tess_YAF
6652,fearful,data/tess/YAF_fear/YAF_choice_fear.wav,tess,tess_YAF
6653,fearful,data/tess/YAF_fear/YAF_cool_fear.wav,tess,tess_YAF
6654,fearful,data/tess/YAF_fear/YAF_dab_fear.wav,tess,tess_YAF
6655,fearful,data/tess/YAF_fear/YAF_date_fear.wav,tess,tess_YAF
6656,fearful,data/tess/YAF_fear/YAF_dead_fear.wav,tess,tess_YAF
6657,fearful,data/tess/YAF_fear/YAF_death_fear.wav,tess,tess_YAF
6658,fearful,data/tess/YAF_fear/YAF_deep_fear.wav,tess,tess_YAF
6659,fearful,data/tess/YAF_fear/YAF_dime_fear.wav,tess,tess_YAF
6660,fearful,data/tess/YAF_fear/YAF_dip_fear.wav,tess,tess_YAF
6661,fearful,data/tess/YAF_fear/YAF_ditch_fear.wav,tess,tess_YAF
6662,fearful,data/tess/YAF_fear/YAF_dodge_fear.wav,tess,tess_YAF
6663,fearful,data/tess/YAF_fear/YAF_dog_fear.wav,tess,tess_YAF
6664,fearful,data/tess/YAF_fear/YAF_doll_fear.wav,tess,tess_YAF
6665,fearful,data/tess/YAF_fear/YAF_door_fear.wav,tess,tess_YAF
6666,fearful,data/tess/YAF_fear/YAF_fail_fear.wav,tess,tess_YAF
6667,fearful,data/tess/YAF_fear/YAF_fall_fear.wav,tess,tess_YAF
6668,fearful,data/tess/YAF_fear/YAF_far_fear.wav,tess,tess_YAF
6669,fearful,data/tess/YAF_fear/YAF_fat_fear.wav,tess,tess_YAF
6670,fearful,data/tess/YAF_fear/YAF_fit_fear.wav,tess,tess_YAF
6671,fearful,data/tess/YAF_fear/YAF_five_fear.wav,tess,tess_YAF
6672,fearful,data/tess/YAF_fear/YAF_food_fear.wav,tess,tess_YAF
6673,fearful,data/tess/YAF_fear/YAF_gap_fear.wav,tess,tess_YAF
6674,fearful,data/tess/YAF_fear/YAF_gas_fear.wav,tess,tess_YAF
6675,fearful,data/tess/YAF_fear/YAF_gaze_fear.wav,tess,tess_YAF
6676,fearful,data/tess/YAF_fear/YAF_germ_fear.wav,tess,tess_YAF
6677,fearful,data/tess/YAF_fear/YAF_get_fear.wav,tess,tess_YAF
6678,fearful,data/tess/YAF_fear/YAF_gin_fear.wav,tess,tess_YAF
6679,fearful,data/tess/YAF_fear/YAF_goal_fear.wav,tess,tess_YAF
6680,fearful,data/tess/YAF_fear/YAF_good_fear.wav,tess,tess_YAF
6681,fearful,data/tess/YAF_fear/YAF_goose_fear.wav,tess,tess_YAF
6682,fearful,data/tess/YAF_fear/YAF_gun_fear.wav,tess,tess_YAF
6683,fearful,data/tess/YAF_fear/YAF_half_fear.wav,tess,tess_YAF
6684,fearful,data/tess/YAF_fear/YAF_hall_fear.wav,tess,tess_YAF
6685,fearful,data/tess/YAF_fear/YAF_hash_fear.wav,tess,tess_YAF
6686,fearful,data/tess/YAF_fear/YAF_hate_fear.wav,tess,tess_YAF
6687,fearful,data/tess/YAF_fear/YAF_have_fear.wav,tess,tess_YAF
6688,fearful,data/tess/YAF_fear/YAF_haze_fear.wav,tess,tess_YAF
6689,fearful,data/tess/YAF_fear/YAF_hire_fear.wav,tess,tess_YAF
6690,fearful,data/tess/YAF_fear/YAF_hit_fear.wav,tess,tess_YAF
6691,fearful,data/tess/YAF_fear/YAF_hole_fear.wav,tess,tess_YAF
6692,fearful,data/tess/YAF_fear/YAF_home_fear.wav,tess,tess_YAF
6693,fearful,data/tess/YAF_fear/YAF_hurl_fear.wav,tess,tess_YAF
6694,fearful,data/tess/YAF_fear/YAF_hush_fear.wav,tess,tess_YAF
6695,fearful,data/tess/YAF_fear/YAF_jail_fear.wav,tess,tess_YAF
6696,fearful,data/tess/YAF_fear/YAF_jar_fear.wav,tess,tess_YAF
6697,fearful,data/tess/YAF_fear/YAF_join_fear.wav,tess,tess_YAF
6698,fearful,data/tess/YAF_fear/YAF_judge_fear.wav,tess,tess_YAF
6699,fearful,data/tess/YAF_fear/YAF_jug_fear.wav,tess,tess_YAF
6700,fearful,data/tess/YAF_fear/YAF_juice_fear.wav,tess,tess_YAF
6701,fearful,data/tess/YAF_fear/YAF_keen_fear.wav,tess,tess_YAF
6702,fearful,data/tess/YAF_fear/YAF_keep_fear.wav,tess,tess_YAF
6703,fearful,data/tess/YAF_fear/YAF_keg_fear.wav,tess,tess_YAF
6704,fearful,data/tess/YAF_fear/YAF_kick_fear.wav,tess,tess_YAF
6705,fearful,data/tess/YAF_fear/YAF_kill_fear.wav,tess,tess_YAF
6706,fearful,data/tess/YAF_fear/YAF_king_fear.wav,tess,tess_YAF
6707,fearful,data/tess/YAF_fear/YAF_kite_fear.wav,tess,tess_YAF
6708,fearful,data/tess/YAF_fear/YAF_knock_fear.wav,tess,tess_YAF
6709,fearful,data/tess/YAF_fear/YAF_late_fear.wav,tess,tess_YAF
6710,fearful,data/tess/YAF_fear/YAF_laud_fear.wav,tess,tess_YAF
6711,fearful,data/tess/YAF_fear/YAF_lean_fear.wav,tess,tess_YAF
6712,fearful,data/tess/YAF_fear/YAF_learn_fear.wav,tess,tess_YAF
6713,fearful,data/tess/YAF_fear/YAF_lease_fear.wav,tess,tess_YAF
6714,fearful,data/tess/YAF_fear/YAF_lid_fear.wav,tess,tess_YAF
6715,fearful,data/tess/YAF_fear/YAF_life_fear.wav,tess,tess_YAF
6716,fearful,data/tess/YAF_fear/YAF_limb_fear.wav,tess,tess_YAF
6717,fearful,data/tess/YAF_fear/YAF_live_fear.wav,tess,tess_YAF
6718,fearful,data/tess/YAF_fear/YAF_loaf_fear.wav,tess,tess_YAF
6719,fearful,data/tess/YAF_fear/YAF_long_fear.wav,tess,tess_YAF
6720,fearful,data/tess/YAF_fear/YAF_lore_fear.wav,tess,tess_YAF
6721,fearful,data/tess/YAF_fear/YAF_lose_fear.wav,tess,tess_YAF
6722,fearful,data/tess/YAF_fear/YAF_lot_fear.wav,tess,tess_YAF
6723,fearful,data/tess/YAF_fear/YAF_love_fear.wav,tess,tess_YAF
6724,fearful,data/tess/YAF_fear/YAF_luck_fear.wav,tess,tess_YAF
6725,fearful,data/tess/YAF_fear/YAF_make_fear.wav,tess,tess_YAF
6726,fearful,data/tess/YAF_fear/YAF_match_fear.wav,tess,tess_YAF
6727,fearful,data/tess/YAF_fear/YAF_merge_fear.wav,tess,tess_YAF
6728,fearful,data/tess/YAF_fear/YAF_mess_fear.wav,tess,tess_YAF
6729,fearful,data/tess/YAF_fear/YAF_met_fear.wav,tess,tess_YAF
6730,fearful,data/tess/YAF_fear/YAF_mill_fear.wav,tess,tess_YAF
6731,fearful,data/tess/YAF_fear/YAF_mob_fear.wav,tess,tess_YAF
6732,fearful,data/tess/YAF_fear/YAF_mode_fear.wav,tess,tess_YAF
6733,fearful,data/tess/YAF_fear/YAF_mood_fear.wav,tess,tess_YAF
6734,fearful,data/tess/YAF_fear/YAF_moon_fear.wav,tess,tess_YAF
6735,fearful,data/tess/YAF_fear/YAF_mop_fear.wav,tess,tess_YAF
6736,fearful,data/tess/YAF_fear/YAF_mouse_fear.wav,tess,tess_YAF
6737,fearful,data/tess/YAF_fear/YAF_nag_fear.wav,tess,tess_YAF
6738,fearful,data/tess/YAF_fear/YAF_name_fear.wav,tess,tess_YAF
6739,fearful,data/tess/YAF_fear/YAF_near_fear.wav,tess,tess_YAF
6740,fearful,data/tess/YAF_fear/YAF_neat_fear.wav,tess,tess_YAF
6741,fearful,data/tess/YAF_fear/YAF_nice_fear.wav,tess,tess_YAF
6742,fearful,data/tess/YAF_fear/YAF_note_fear.wav,tess,tess_YAF
6743,fearful,data/tess/YAF_fear/YAF_numb_fear.wav,tess,tess_YAF
6744,fearful,data/tess/YAF_fear/YAF_pad_fear.wav,tess,tess_YAF
6745,fearful,data/tess/YAF_fear/YAF_page_fear.wav,tess,tess_YAF
6746,fearful,data/tess/YAF_fear/YAF_pain_fear.wav,tess,tess_YAF
6747,fearful,data/tess/YAF_fear/YAF_pass_fear.wav,tess,tess_YAF
6748,fearful,data/tess/YAF_fear/YAF_pearl_fear.wav,tess,tess_YAF
6749,fearful,data/tess/YAF_fear/YAF_peg_fear.wav,tess,tess_YAF
6750,fearful,data/tess/YAF_fear/YAF_perch_fear.wav,tess,tess_YAF
6751,fearful,data/tess/YAF_fear/YAF_phone_fear.wav,tess,tess_YAF
6752,fearful,data/tess/YAF_fear/YAF_pick_fear.wav,tess,tess_YAF
6753,fearful,data/tess/YAF_fear/YAF_pike_fear.wav,tess,tess_YAF
6754,fearful,data/tess/YAF_fear/YAF_pole_fear.wav,tess,tess_YAF
6755,fearful,data/tess/YAF_fear/YAF_pool_fear.wav,tess,tess_YAF
6756,fearful,data/tess/YAF_fear/YAF_puff_fear.wav,tess,tess_YAF
6757,fearful,data/tess/YAF_fear/YAF_rag_fear.wav,tess,tess_YAF
6758,fearful,data/tess/YAF_fear/YAF_raid_fear.wav,tess,tess_YAF
6759,fearful,data/tess/YAF_fear/YAF_rain_fear.wav,tess,tess_YAF
6760,fearful,data/tess/YAF_fear/YAF_raise_fear.wav,tess,tess_YAF
6761,fearful,data/tess/YAF_fear/YAF_rat_fear.wav,tess,tess_YAF
6762,fearful,data/tess/YAF_fear/YAF_reach_fear.wav,tess,tess_YAF
6763,fearful,data/tess/YAF_fear/YAF_read_fear.wav,tess,tess_YAF
6764,fearful,data/tess/YAF_fear/YAF_red_fear.wav,tess,tess_YAF
6765,fearful,data/tess/YAF_fear/YAF_ring_fear.wav,tess,tess_YAF
6766,fearful,data/tess/YAF_fear/YAF_ripe_fear.wav,tess,tess_YAF
6767,fearful,data/tess/YAF_fear/YAF_road_fear.wav,tess,tess_YAF
6768,fearful,data/tess/YAF_fear/YAF_room_fear.wav,tess,tess_YAF
6769,fearful,data/tess/YAF_fear/YAF_rose_fear.wav,tess,tess_YAF
6770,fearful,data/tess/YAF_fear/YAF_rot_fear.wav,tess,tess_YAF
6771,fearful,data/tess/YAF_fear/YAF_rough_fear.wav,tess,tess_YAF
6772,fearful,data/tess/YAF_fear/YAF_rush_fear.wav,tess,tess_YAF
6773,fearful,data/tess/YAF_fear/YAF_said_fear.wav,tess,tess_YAF
6774,fearful,data/tess/YAF_fear/YAF_sail_fear.wav,tess,tess_YAF
6775,fearful,data/tess/YAF_fear/YAF_search_fear.wav,tess,tess_YAF
6776,fearful,data/tess/YAF_fear/YAF_seize_fear.wav,tess,tess_YAF
6777,fearful,data/tess/YAF_fear/YAF_sell_fear.wav,tess,tess_YAF
6778,fearful,data/tess/YAF_fear/YAF_shack_fear.wav,tess,tess_YAF
6779,fearful,data/tess/YAF_fear/YAF_shall_fear.wav,tess,tess_YAF
6780,fearful,data/tess/YAF_fear/YAF_shawl_fear.wav,tess,tess_YAF
6781,fearful,data/tess/YAF_fear/YAF_sheep_fear.wav,tess,tess_YAF
6782,fearful,data/tess/YAF_fear/YAF_shirt_fear.wav,tess,tess_YAF
6783,fearful,data/tess/YAF_fear/YAF_should_fear.wav,tess,tess_YAF
6784,fearful,data/tess/YAF_fear/YAF_shout_fear.wav,tess,tess_YAF
6785,fearful,data/tess/YAF_fear/YAF_size_fear.wav,tess,tess_YAF
6786,fearful,data/tess/YAF_fear/YAF_soap_fear.wav,tess,tess_YAF
6787,fearful,data/tess/YAF_fear/YAF_soup_fear.wav,tess,tess_YAF
6788,fearful,data/tess/YAF_fear/YAF_sour_fear.wav,tess,tess_YAF
6789,fearful,data/tess/YAF_fear/YAF_south_fear.wav,tess,tess_YAF
6790,fearful,data/tess/YAF_fear/YAF_sub_fear.wav,tess,tess_YAF
6791,fearful,data/tess/YAF_fear/YAF_such_fear.wav,tess,tess_YAF
6792,fearful,data/tess/YAF_fear/YAF_sure_fear.wav,tess,tess_YAF
6793,fearful,data/tess/YAF_fear/YAF_take_fear.wav,tess,tess_YAF
6794,fearful,data/tess/YAF_fear/YAF_talk_fear.wav,tess,tess_YAF
6795,fearful,data/tess/YAF_fear/YAF_tape_fear.wav,tess,tess_YAF
6796,fearful,data/tess/YAF_fear/YAF_team_fear.wav,tess,tess_YAF
6797,fearful,data/tess/YAF_fear/YAF_tell_fear.wav,tess,tess_YAF
6798,fearful,data/tess/YAF_fear/YAF_thin_fear.wav,tess,tess_YAF
6799,fearful,data/tess/YAF_fear/YAF_third_fear.wav,tess,tess_YAF
6800,fearful,data/tess/YAF_fear/YAF_thought_fear.wav,tess,tess_YAF
6801,fearful,data/tess/YAF_fear/YAF_thumb_fear.wav,tess,tess_YAF
6802,fearful,data/tess/YAF_fear/YAF_time_fear.wav,tess,tess_YAF
6803,fearful,data/tess/YAF_fear/YAF_tip_fear.wav,tess,tess_YAF
6804,fearful,data/tess/YAF_fear/YAF_tire_fear.wav,tess,tess_YAF
6805,fearful,data/tess/YAF_fear/YAF_ton_fear.wav,tess,tess_YAF
6806,fearful,data/tess/YAF_fear/YAF_tool_fear.wav,tess,tess_YAF
6807,fearful,data/tess/YAF_fear/YAF_tough_fear.wav,tess,tess_YAF
6808,fearful,data/tess/YAF_fear/YAF_turn_fear.wav,tess,tess_YAF
6809,fearful,data/tess/YAF_fear/YAF_vine_fear.wav,tess,tess_YAF
6810,fearful,data/tess/YAF_fear/YAF_voice_fear.wav,tess,tess_YAF
6811,fearful,data/tess/YAF_fear/YAF_void_fear.wav,tess,tess_YAF
6812,fearful,data/tess/YAF_fear/YAF_vote_fear.wav,tess,tess_YAF
6813,fearful,data/tess/YAF_fear/YAF_wag_fear.wav,tess,tess_YAF
6814,fearful,data/tess/YAF_fear/YAF_walk_fear.wav,tess,tess_YAF
6815,fearful,data/tess/YAF_fear/YAF_wash_fear.wav,tess,tess_YAF
6816,fearful,data/tess/YAF_fear/YAF_week_fear.wav,tess,tess_YAF
6817,fearful,data/tess/YAF_fear/YAF_wheat_fear.wav,tess,tess_YAF
6818,fearful,data/tess/YAF_fear/YAF_when_fear.wav,tess,tess_YAF
6819,fearful,data/tess/YAF_fear/YAF_which_fear.wav,tess,tess_YAF
6820,fearful,data/tess/YAF_fear/YAF_whip_fear.wav,tess,tess_YAF
6821,fearful,data/tess/YAF_fear/YAF_white_fear.wav,tess,tess_YAF
6822,fearful,data/tess/YAF_fear/YAF_wife_fear.wav,tess,tess_YAF
6823,fearful,data/tess/YAF_fear/YAF_wire_fear.wav,tess,tess_YAF
6824,fearful,data/tess/YAF_fear/YAF_witch_fear.wav,tess,tess_YAF
6825,fearful,data/tess/YAF_fear/YAF_yearn_fear.wav,tess,tess_YAF
6826,fearful,data/tess/YAF_fear/YAF_yes_fear.wav,tess,tess_YAF
6827,fearful,data/tess/YAF_fear/YAF_young_fear.wav,tess,tess_YAF
6828,fearful,data/tess/YAF_fear/YAF_youth_fear.wav,tess,tess_YAF
6829,happy,data/tess/OAF_happy/OAF_back_happy.wav,tess,tess_OAF
6830,happy,data/tess/OAF_happy/OAF_bar_happy.wav,tess,tess_OAF
6831,happy,data/tess/OAF_happy/OAF_base_happy.wav,tess,tess_OAF
6832,happy,data/tess/OAF_happy/OAF_bath_happy.wav,tess,tess_OAF
6833,happy,data/tess/OAF_happy/OAF_bean_happy.wav,tess,tess_OAF
6834,happy,data/tess/OAF_happy/OAF_beg_happy.wav,tess,tess_OAF
6835,happy,data/tess/OAF_happy/OAF_bite_happy.wav,tess,tess_OAF
6836,happy,data/tess/OAF_happy/OAF_boat_happy.wav,tess,tess_OAF
6837,happy,data/tess/OAF_happy/OAF_bone_happy.wav,tess,tess_OAF
6838,happy,data/tess/OAF_happy/OAF_book_happy.wav,tess,tess_OAF
6839,happy,data/tess/OAF_happy/OAF_bought_happy.wav,tess,tess_OAF
6840,happy,data/tess/OAF_happy/OAF_burn_happy.wav,tess,tess_OAF
6841,happy,data/tess/OAF_happy/OAF_cab_happy.wav,tess,tess_OAF
6842,happy,data/tess/OAF_happy/OAF_calm_happy.wav,tess,tess_OAF
6843,happy,data/tess/OAF_happy/OAF_came_happy.wav,tess,tess_OAF
6844,happy,data/tess/OAF_happy/OAF_cause_happy.wav,tess,tess_OAF
6845,happy,data/tess/OAF_happy/OAF_chain_happy.wav,tess,tess_OAF
6846,happy,data/tess/OAF_happy/OAF_chair_happy.wav,tess,tess_OAF
6847,happy,data/tess/OAF_happy/OAF_chalk_happy.wav,tess,tess_OAF
6848,happy,data/tess/OAF_happy/OAF_chat_happy.wav,tess,tess_OAF
6849,happy,data/tess/OAF_happy/OAF_check_happy.wav,tess,tess_OAF
6850,happy,data/tess/OAF_happy/OAF_cheek_happy.wav,tess,tess_OAF
6851,happy,data/tess/OAF_happy/OAF_chief_happy.wav,tess,tess_OAF
6852,happy,data/tess/OAF_happy/OAF_choice_happy.wav,tess,tess_OAF
6853,happy,data/tess/OAF_happy/OAF_cool_happy.wav,tess,tess_OAF
6854,happy,data/tess/OAF_happy/OAF_dab_happy.wav,tess,tess_OAF
6855,happy,data/tess/OAF_happy/OAF_date_happy.wav,tess,tess_OAF
6856,happy,data/tess/OAF_happy/OAF_dead_happy.wav,tess,tess_OAF
6857,happy,data/tess/OAF_happy/OAF_death_happy.wav,tess,tess_OAF
6858,happy,data/tess/OAF_happy/OAF_deep_happy.wav,tess,tess_OAF
6859,happy,data/tess/OAF_happy/OAF_dime_happy.wav,tess,tess_OAF
6860,happy,data/tess/OAF_happy/OAF_dip_happy.wav,tess,tess_OAF
6861,happy,data/tess/OAF_happy/OAF_ditch_happy.wav,tess,tess_OAF
6862,happy,data/tess/OAF_happy/OAF_dodge_happy.wav,tess,tess_OAF
6863,happy,data/tess/OAF_happy/OAF_dog_happy.wav,tess,tess_OAF
6864,happy,data/tess/OAF_happy/OAF_doll_happy.wav,tess,tess_OAF
6865,happy,data/tess/OAF_happy/OAF_door_happy.wav,tess,tess_OAF
6866,happy,data/tess/OAF_happy/OAF_fail_happy.wav,tess,tess_OAF
6867,happy,data/tess/OAF_happy/OAF_fall_happy.wav,tess,tess_OAF
6868,happy,data/tess/OAF_happy/OAF_far_happy.wav,tess,tess_OAF
6869,happy,data/tess/OAF_happy/OAF_fat_happy.wav,tess,tess_OAF
6870,happy,data/tess/OAF_happy/OAF_fit_happy.wav,tess,tess_OAF
6871,happy,data/tess/OAF_happy/OAF_five_happy.wav,tess,tess_OAF
6872,happy,data/tess/OAF_happy/OAF_food_happy.wav,tess,tess_OAF
6873,happy,data/tess/OAF_happy/OAF_gap_happy.wav,tess,tess_OAF
6874,happy,data/tess/OAF_happy/OAF_gas_happy.wav,tess,tess_OAF
6875,happy,data/tess/OAF_happy/OAF_gaze_happy.wav,tess,tess_OAF
6876,happy,data/tess/OAF_happy/OAF_germ_happy.wav,tess,tess_OAF
6877,happy,data/tess/OAF_happy/OAF_get_happy.wav,tess,tess_OAF
6878,happy,data/tess/OAF_happy/OAF_gin_happy.wav,tess,tess_OAF
6879,happy,data/tess/OAF_happy/OAF_goal_happy.wav,tess,tess_OAF
6880,happy,data/tess/OAF_happy/OAF_good_happy.wav,tess,tess_OAF
6881,happy,data/tess/OAF_happy/OAF_goose_happy.wav,tess,tess_OAF
6882,happy,data/tess/OAF_happy/OAF_gun_happy.wav,tess,tess_OAF
6883,happy,data/tess/OAF_happy/OAF_half_happy.wav,tess,tess_OAF
6884,happy,data/tess/OAF_happy/OAF_hall_happy.wav,tess,tess_OAF
6885,happy,data/tess/OAF_happy/OAF_hash_happy.wav,tess,tess_OAF
6886,happy,data/tess/OAF_happy/OAF_hate_happy.wav,tess,tess_OAF
6887,happy,data/tess/OAF_happy/OAF_have_happy.wav,tess,tess_OAF
6888,happy,data/tess/OAF_happy/OAF_haze_happy.wav,tess,tess_OAF
6889,happy,data/tess/OAF_happy/OAF_hire_happy.wav,tess,tess_OAF
6890,happy,data/tess/OAF_happy/OAF_hit_happy.wav,tess,tess_OAF
6891,happy,data/tess/OAF_happy/OAF_hole_happy.wav,tess,tess_OAF
6892,happy,data/tess/OAF_happy/OAF_home_happy.wav,tess,tess_OAF
6893,happy,data/tess/OAF_happy/OAF_hurl_happy.wav,tess,tess_OAF
6894,happy,data/tess/OAF_happy/OAF_hush_happy.wav,tess,tess_OAF
6895,happy,data/tess/OAF_happy/OAF_jail_happy.wav,tess,tess_OAF
6896,happy,data/tess/OAF_happy/OAF_jar_happy.wav,tess,tess_OAF
6897,happy,data/tess/OAF_happy/OAF_join_happy.wav,tess,tess_OAF
6898,happy,data/tess/OAF_happy/OAF_judge_happy.wav,tess,tess_OAF
6899,happy,data/tess/OAF_happy/OAF_jug_happy.wav,tess,tess_OAF
6900,happy,data/tess/OAF_happy/OAF_juice_happy.wav,tess,tess_OAF
6901,happy,data/tess/OAF_happy/OAF_keen_happy.wav,tess,tess_OAF
6902,happy,data/tess/OAF_happy/OAF_keep_happy.wav,tess,tess_OAF
6903,happy,data/tess/OAF_happy/OAF_keg_happy.wav,tess,tess_OAF
6904,happy,data/tess/OAF_happy/OAF_kick_happy.wav,tess,tess_OAF
6905,happy,data/tess/OAF_happy/OAF_kill_happy.wav,tess,tess_OAF
6906,happy,data/tess/OAF_happy/OAF_king_happy.wav,tess,tess_OAF
6907,happy,data/tess/OAF_happy/OAF_kite_happy.wav,tess,tess_OAF
6908,happy,data/tess/OAF_happy/OAF_knock_happy.wav,tess,tess_OAF
6909,happy,data/tess/OAF_happy/OAF_late_happy.wav,tess,tess_OAF
6910,happy,data/tess/OAF_happy/OAF_laud_happy.wav,tess,tess_OAF
6911,happy,data/tess/OAF_happy/OAF_lean_happy.wav,tess,tess_OAF
6912,happy,data/tess/OAF_happy/OAF_learn_happy.wav,tess,tess_OAF
6913,happy,data/tess/OAF_happy/OAF_lease_happy.wav,tess,tess_OAF
6914,happy,data/tess/OAF_happy/OAF_lid_happy.wav,tess,tess_OAF
6915,happy,data/tess/OAF_happy/OAF_life_happy.wav,tess,tess_OAF
6916,happy,data/tess/OAF_happy/OAF_limb_happy.wav,tess,tess_OAF
6917,happy,data/tess/OAF_happy/OAF_live_happy.wav,tess,tess_OAF
6918,happy,data/tess/OAF_happy/OAF_loaf_happy.wav,tess,tess_OAF
6919,happy,data/tess/OAF_happy/OAF_long_happy.wav,tess,tess_OAF
6920,happy,data/tess/OAF_happy/OAF_lore_happy.wav,tess,tess_OAF
6921,happy,data/tess/OAF_happy/OAF_lose_happy.wav,tess,tess_OAF
6922,happy,data/tess/OAF_happy/OAF_lot_happy.wav,tess,tess_OAF
6923,happy,data/tess/OAF_happy/OAF_love_happy.wav,tess,tess_OAF
6924,happy,data/tess/OAF_happy/OAF_luck_happy.wav,tess,tess_OAF
6925,happy,data/tess/OAF_happy/OAF_make_happy.wav,tess,tess_OAF
6926,happy,data/tess/OAF_happy/OAF_match_happy.wav,tess,tess_OAF
6927,happy,data/tess/OAF_happy/OAF_merge_happy.wav,tess,tess_OAF
6928,happy,data/tess/OAF_happy/OAF_mess_happy.wav,tess,tess_OAF
6929,happy,data/tess/OAF_happy/OAF_met_happy.wav,tess,tess_OAF
6930,happy,data/tess/OAF_happy/OAF_mill_happy.wav,tess,tess_OAF
6931,happy,data/tess/OAF_happy/OAF_mob_happy.wav,tess,tess_OAF
6932,happy,data/tess/OAF_happy/OAF_mode_happy.wav,tess,tess_OAF
6933,happy,data/tess/OAF_happy/OAF_mood_happy.wav,tess,tess_OAF
6934,happy,data/tess/OAF_happy/OAF_moon_happy.wav,tess,tess_OAF
6935,happy,data/tess/OAF_happy/OAF_mop_happy.wav,tess,tess_OAF
6936,happy,data/tess/OAF_happy/OAF_mouse_happy.wav,tess,tess_OAF
6937,happy,data/tess/OAF_happy/OAF_nag_happy.wav,tess,tess_OAF
6938,happy,data/tess/OAF_happy/OAF_name_happy.wav,tess,tess_OAF
6939,happy,data/tess/OAF_happy/OAF_near_happy.wav,tess,tess_OAF
6940,happy,data/tess/OAF_happy/OAF_neat_happy.wav,tess,tess_OAF
6941,happy,data/tess/OAF_happy/OAF_nice_happy.wav,tess,tess_OAF
6942,happy,data/tess/OAF_happy/OAF_note_happy.wav,tess,tess_OAF
6943,happy,data/tess/OAF_happy/OAF_numb_happy.wav,tess,tess_OAF
6944,happy,data/tess/OAF_happy/OAF_pad_happy.wav,tess,tess_OAF
6945,happy,data/tess/OAF_happy/OAF_page_happy.wav,tess,tess_OAF
6946,happy,data/tess/OAF_happy/OAF_pain_happy.wav,tess,tess_OAF
6947,happy,data/tess/OAF_happy/OAF_pass_happy.wav,tess,tess_OAF
6948,happy,data/tess/OAF_happy/OAF_pearl_happy.wav,tess,tess_OAF
6949,happy,data/tess/OAF_happy/OAF_peg_happy.wav,tess,tess_OAF
6950,happy,data/tess/OAF_happy/OAF_perch_happy.wav,tess,tess_OAF
6951,happy,data/tess/OAF_happy/OAF_phone_happy.wav,tess,tess_OAF
6952,happy,data/tess/OAF_happy/OAF_pick_happy.wav,tess,tess_OAF
6953,happy,data/tess/OAF_happy/OAF_pike_happy.wav,tess,tess_OAF
6954,happy,data/tess/OAF_happy/OAF_pole_happy.wav,tess,tess_OAF
6955,happy,data/tess/OAF_happy/OAF_pool_happy.wav,tess,tess_OAF
6956,happy,data/tess/OAF_happy/OAF_puff_happy.wav,tess,tess_OAF
6957,happy,data/tess/OAF_happy/OAF_rag_happy.wav,tess,tess_OAF
6958,happy,data/tess/OAF_happy/OAF_raid_happy.wav,tess,tess_OAF
6959,happy,data/tess/OAF_happy/OAF_rain_happy.wav,tess,tess_OAF
6960,happy,data/tess/OAF_happy/OAF_raise_happy.wav,tess,tess_OAF
6961,happy,data/tess/OAF_happy/OAF_rat_happy.wav,tess,tess_OAF
6962,happy,data/tess/OAF_happy/OAF_reach_happy.wav,tess,tess_OAF
6963,happy,data/tess/OAF_happy/OAF_read_happy.wav,tess,tess_OAF
6964,happy,data/tess/OAF_happy/OAF_red_happy.wav,tess,tess_OAF
6965,happy,data/tess/OAF_happy/OAF_ring_happy.wav,tess,tess_OAF
6966,happy,data/tess/OAF_happy/OAF_ripe_happy.wav,tess,tess_OAF
6967,happy,data/tess/OAF_happy/OAF_road_happy.wav,tess,tess_OAF
6968,happy,data/tess/OAF_happy/OAF_room_happy.wav,tess,tess_OAF
6969,happy,data/tess/OAF_happy/OAF_rose_happy.wav,tess,tess_OAF
6970,happy,data/tess/OAF_happy/OAF_rot_happy.wav,tess,tess_OAF
6971,happy,data/tess/OAF_happy/OAF_rough_happy.wav,tess,tess_OAF
6972,happy,data/tess/OAF_happy/OAF_rush_happy.wav,tess,tess_OAF
6973,happy,data/tess/OAF_happy/OAF_said_happy.wav,tess,tess_OAF
6974,happy,data/tess/OAF_happy/OAF_sail_happy.wav,tess,tess_OAF
6975,happy,data/tess/OAF_happy/OAF_search_happy.wav,tess,tess_OAF
6976,happy,data/tess/OAF_happy/OAF_seize_happy.wav,tess,tess_OAF
6977,happy,data/tess/OAF_happy/OAF_sell_happy.wav,tess,tess_OAF
6978,happy,data/tess/OAF_happy/OAF_shack_happy.wav,tess,tess_OAF
6979,happy,data/tess/OAF_happy/OAF_shall_happy.wav,tess,tess_OAF
6980,happy,data/tess/OAF_happy/OAF_shawl_happy.wav,tess,tess_OAF
6981,happy,data/tess/OAF_happy/OAF_sheep_happy.wav,tess,tess_OAF
6982,happy,data/tess/OAF_happy/OAF_shirt_happy.wav,tess,tess_OAF
6983,happy,data/tess/OAF_happy/OAF_should_happy.wav,tess,tess_OAF
6984,happy,data/tess/OAF_happy/OAF_shout_happy.wav,tess,tess_OAF
6985,happy,data/tess/OAF_happy/OAF_size_happy.wav,tess,tess_OAF
6986,happy,data/tess/OAF_happy/OAF_soap_happy.wav,tess,tess_OAF
6987,happy,data/tess/OAF_happy/OAF_soup_happy.wav,tess,tess_OAF
6988,happy,data/tess/OAF_happy/OAF_sour_happy.wav,tess,tess_OAF
6989,happy,data/tess/OAF_happy/OAF_south_happy.wav,tess,tess_OAF
6990,happy,data/tess/OAF_happy/OAF_sub_happy.wav,tess,tess_OAF
6991,happy,data/tess/OAF_happy/OAF_such_happy.wav,tess,tess_OAF
6992,happy,data/tess/OAF_happy/OAF_sure_happy.wav,tess,tess_OAF
6993,happy,data/tess/OAF_happy/OAF_take_happy.wav,tess,tess_OAF
6994,happy,data/tess/OAF_happy/OAF_talk_happy.wav,tess,tess_OAF
6995,happy,data/tess/OAF_happy/OAF_tape_happy.wav,tess,tess_OAF
6996,happy,data/tess/OAF_happy/OAF_team_happy.wav,tess,tess_OAF
6997,happy,data/tess/OAF_happy/OAF_tell_happy.wav,tess,tess_OAF
6998,happy,data/tess/OAF_happy/OAF_thin_happy.wav,tess,tess_OAF
6999,happy,data/tess/OAF_happy/OAF_third_happy.wav,tess,tess_OAF
7000,happy,data/tess/OAF_happy/OAF_thought_happy.wav,tess,tess_OAF
7001,happy,data/tess/OAF_happy/OAF_thumb_happy.wav,tess,tess_OAF
7002,happy,data/tess/OAF_happy/OAF_time_happy.wav,tess,tess_OAF
7003,happy,data/tess/OAF_happy/OAF_tip_happy.wav,tess,tess_OAF
7004,happy,data/tess/OAF_happy/OAF_tire_happy.wav,tess,tess_OAF
7005,happy,data/tess/OAF_happy/OAF_ton_happy.wav,tess,tess_OAF
7006,happy,data/tess/OAF_happy/OAF_tool_happy.wav,tess,tess_OAF
7007,happy,data/tess/OAF_happy/OAF_tough_happy.wav,tess,tess_OAF
7008,happy,data/tess/OAF_happy/OAF_turn_happy.wav,tess,tess_OAF
7009,happy,data/tess/OAF_happy/OAF_vine_happy.wav,tess,tess_OAF
7010,happy,data/tess/OAF_happy/OAF_voice_happy.wav,tess,tess_OAF
7011,happy,data/tess/OAF_happy/OAF_void_happy.wav,tess,tess_OAF
7012,happy,data/tess/OAF_happy/OAF_vote_happy.wav,tess,tess_OAF
7013,happy,data/tess/OAF_happy/OAF_wag_happy.wav,tess,tess_OAF
7014,happy,data/tess/OAF_happy/OAF_walk_happy.wav,tess,tess_OAF
7015,happy,data/tess/OAF_happy/OAF_wash_happy.wav,tess,tess_OAF
7016,happy,data/tess/OAF_happy/OAF_week_happy.wav,tess,tess_OAF
7017,happy,data/tess/OAF_happy/OAF_wheat_happy.wav,tess,tess_OAF
7018,happy,data/tess/OAF_happy/OAF_when_happy.wav,tess,tess_OAF
7019,happy,data/tess/OAF_happy/OAF_which_happy.wav,tess,tess_OAF
7020,happy,data/tess/OAF_happy/OAF_whip_happy.wav,tess,tess_OAF
7021,happy,data/tess/OAF_happy/OAF_white_happy.wav,tess,tess_OAF
7022,happy,data/tess/OAF_happy/OAF_wife_happy.wav,tess,tess_OAF
7023,happy,data/tess/OAF_happy/OAF_wire_happy.wav,tess,tess_OAF
7024,happy,data/tess/OAF_happy/OAF_witch_happy.wav,tess,tess_OAF
7025,happy,data/tess/OAF_happy/OAF_yearn_happy.wav,tess,tess_OAF
7026,happy,data/tess/OAF_happy/OAF_yes_happy.wav,tess,tess_OAF
7027,happy,data/tess/OAF_happy/OAF_young_happy.wav,tess,tess_OAF
7028,happy,data/tess/OAF_happy/OAF_youth_happy.wav,tess,tess_OAF
7029,happy,data/tess/TESS Toronto emotional speech set data/OAF_happy/OAF_back_happy.wav,tess,tess_OAF
7030,happy,data/tess/TESS Toronto emotional speech set data/OAF_happy/OAF_bar_happy.wav,tess,tess_OAF
7031,happy,data/tess/TESS Toronto emotional speech set data/OAF_happy/OAF_base_happy.wav,tess,tess_OAF
7032,happy,data/tess/TESS Toronto emotional speech set data/OAF_happy/OAF_bath_happy.wav,tess,tess_OAF
7033,happy,data/tess/TESS Toronto emotional speech set data/OAF_happy/OAF_bean_happy.wav,tess,tess_OAF
7034,happy,data/tess/TESS Toronto emotional speech set data/OAF_happy/OAF_beg_happy.wav,tess,tess_OAF
7035,happy,data/tess/TESS Toronto emotional speech set data/OAF_happy/OAF_bite_happy.wav,tess,tess_OAF
7036,happy,data/tess/TESS Toronto emotional speech set data/OAF_happy/OAF_boat_happy.wav,tess,tess_OAF
7037,happy,data/tess/TESS Toronto emotional speech set data/OAF_happy/OAF_bone_happy.wav,tess,tess_OAF
7038,happy,data/tess/TESS Toronto emotional speech set data/OAF_happy/OAF_book_happy.wav,tess,tess_OAF
7039,happy,data/tess/TESS Toronto emotional speech set data/OAF_happy/OAF_bought_happy.wav,tess,tess_OAF
7040,happy,data/tess/TESS Toronto emotional speech set data/OAF_happy/OAF_burn_happy.wav,tess,tess_OAF
7041,happy,data/tess/TESS Toronto emotional speech set data/OAF_happy/OAF_cab_happy.wav,tess,tess_OAF
7042,happy,data/tess/TESS Toronto emotional speech set data/OAF_happy/OAF_calm_happy.wav,tess,tess_OAF
7043,happy,data/tess/TESS Toronto emotional speech set data/OAF_happy/OAF_came_happy.wav,tess,tess_OAF
7044,happy,data/tess/TESS Toronto emotional speech set data/OAF_happy/OAF_cause_happy.wav,tess,tess_OAF
7045,happy,data/tess/TESS Toronto emotional speech set data/OAF_happy/OAF_chain_happy.wav,tess,tess_OAF
7046,happy,data/tess/TESS Toronto emotional speech set data/OAF_happy/OAF_chair_happy.wav,tess,tess_OAF
7047,happy,data/tess/TESS Toronto emotional speech set data/OAF_happy/OAF_chalk_happy.wav,tess,tess_OAF
7048,happy,data/tess/TESS Toronto emotional speech set data/OAF_happy/OAF_chat_happy.wav,tess,tess_OAF
7049,happy,data/tess/TESS Toronto emotional speech set data/OAF_happy/OAF_check_happy.wav,tess,tess_OAF
7050,happy,data/tess/TESS Toronto emotional speech set data/OAF_happy/OAF_cheek_happy.wav,tess,tess_OAF
7051,happy,data/tess/TESS Toronto emotional speech set data/OAF_happy/OAF_chief_happy.wav,tess,tess_OAF
7052,happy,data/tess/TESS Toronto emotional speech set data/OAF_happy/OAF_choice_happy.wav,tess,tess_OAF
7053,happy,data/tess/TESS Toronto emotional speech set data/OAF_happy/OAF_cool_happy.wav,tess,tess_OAF
7054,happy,data/tess/TESS Toronto emotional speech set data/OAF_happy/OAF_dab_happy.wav,tess,tess_OAF
7055,happy,data/tess/TESS Toronto emotional speech set data/OAF_happy/OAF_date_happy.wav,tess,tess_OAF
7056,happy,data/tess/TESS Toronto emotional speech set data/OAF_happy/OAF_dead_happy.wav,tess,tess_OAF
7057,happy,data/tess/TESS Toronto emotional speech set data/OAF_happy/OAF_death_happy.wav,tess,tess_OAF
7058,happy,data/tess/TESS Toronto emotional speech set data/OAF_happy/OAF_deep_happy.wav,tess,tess_OAF
7059,happy,data/tess/TESS Toronto emotional speech set data/OAF_happy/OAF_dime_happy.wav,tess,tess_OAF
7060,happy,data/tess/TESS Toronto emotional speech set data/OAF_happy/OAF_dip_happy.wav,tess,tess_OAF
7061,happy,data/tess/TESS Toronto emotional speech set data/OAF_happy/OAF_ditch_happy.wav,tess,tess_OAF
7062,happy,data/tess/TESS Toronto emotional speech set data/OAF_happy/OAF_dodge_happy.wav,tess,tess_OAF
7063,happy,data/tess/TESS Toronto emotional speech set data/OAF_happy/OAF_dog_happy.wav,tess,tess_OAF
7064,happy,data/tess/TESS Toronto emotional speech set data/OAF_happy/OAF_doll_happy.wav,tess,tess_OAF
7065,happy,data/tess/TESS Toronto emotional speech set data/OAF_happy/OAF_door_happy.wav,tess,tess_OAF
7066,happy,data/tess/TESS Toronto emotional speech set data/OAF_happy/OAF_fail_happy.wav,tess,tess_OAF
7067,happy,data/tess/TESS Toronto emotional speech set data/OAF_happy/OAF_fall_happy.wav,tess,tess_OAF
7068,happy,data/tess/TESS Toronto emotional speech set data/OAF_happy/OAF_far_happy.wav,tess,tess_OAF
7069,happy,data/tess/TESS Toronto emotional speech set data/OAF_happy/OAF_fat_happy.wav,tess,tess_OAF
7070,happy,data/tess/TESS Toronto emotional speech set data/OAF_happy/OAF_fit_happy.wav,tess,tess_OAF
7071,happy,data/tess/TESS Toronto emotional speech set data/OAF_happy/OAF_five_happy.wav,tess,tess_OAF
7072,happy,data/tess/TESS Toronto emotional speech set data/OAF_happy/OAF_food_happy.wav,tess,tess_OAF
7073,happy,data/tess/TESS Toronto emotional speech set data/OAF_happy/OAF_gap_happy.wav,tess,tess_OAF
7074,happy,data/tess/TESS Toronto emotional speech set data/OAF_happy/OAF_gas_happy.wav,tess,tess_OAF
7075,happy,data/tess/TESS Toronto emotional speech set data/OAF_happy/OAF_gaze_happy.wav,tess,tess_OAF
7076,happy,data/tess/TESS Toronto emotional speech set data/OAF_happy/OAF_germ_happy.wav,tess,tess_OAF
7077,happy,data/tess/TESS Toronto emotional speech set data/OAF_happy/OAF_get_happy.wav,tess,tess_OAF
7078,happy,data/tess/TESS Toronto emotional speech set data/OAF_happy/OAF_gin_happy.wav,tess,tess_OAF
7079,happy,data/tess/TESS Toronto emotional speech set data/OAF_happy/OAF_goal_happy.wav,tess,tess_OAF
7080,happy,data/tess/TESS Toronto emotional speech set data/OAF_happy/OAF_good_happy.wav,tess,tess_OAF
7081,happy,data/tess/TESS Toronto emotional speech set data/OAF_happy/OAF_goose_happy.wav,tess,tess_OAF
7082,happy,data/tess/TESS Toronto emotional speech set data/OAF_happy/OAF_gun_happy.wav,tess,tess_OAF
7083,happy,data/tess/TESS Toronto emotional speech set data/OAF_happy/OAF_half_happy.wav,tess,tess_OAF
7084,happy,data/tess/TESS Toronto emotional speech set data/OAF_happy/OAF_hall_happy.wav,tess,tess_OAF
7085,happy,data/tess/TESS Toronto emotional speech set data/OAF_happy/OAF_hash_happy.wav,tess,tess_OAF
7086,happy,data/tess/TESS Toronto emotional speech set data/OAF_happy/OAF_hate_happy.wav,tess,tess_OAF
7087,happy,data/tess/TESS Toronto emotional speech set data/OAF_happy/OAF_have_happy.wav,tess,tess_OAF
7088,happy,data/tess/TESS Toronto emotional speech set data/OAF_happy/OAF_haze_happy.wav,tess,tess_OAF
7089,happy,data/tess/TESS Toronto emotional speech set data/OAF_happy/OAF_hire_happy.wav,tess,tess_OAF
7090,happy,data/tess/TESS Toronto emotional speech set data/OAF_happy/OAF_hit_happy.wav,tess,tess_OAF
7091,happy,data/tess/TESS Toronto emotional speech set data/OAF_happy/OAF_hole_happy.wav,tess,tess_OAF
7092,happy,data/tess/TESS Toronto emotional speech set data/OAF_happy/OAF_home_happy.wav,tess,tess_OAF
7093,happy,data/tess/TESS Toronto emotional speech set data/OAF_happy/OAF_hurl_happy.wav,tess,tess_OAF
7094,happy,data/tess/TESS Toronto emotional speech set data/OAF_happy/OAF_hush_happy.wav,tess,tess_OAF
7095,happy,data/tess/TESS Toronto emotional speech set data/OAF_happy/OAF_jail_happy.wav,tess,tess_OAF
7096,happy,data/tess/TESS Toronto emotional speech set data/OAF_happy/OAF_jar_happy.wav,tess,tess_OAF
7097,happy,data/tess/TESS Toronto emotional speech set data/OAF_happy/OAF_join_happy.wav,tess,tess_OAF
7098,happy,data/tess/TESS Toronto emotional speech set data/OAF_happy/OAF_judge_happy.wav,tess,tess_OAF
7099,happy,data/tess/TESS Toronto emotional speech set data/OAF_happy/OAF_jug_happy.wav,tess,tess_OAF
7100,happy,data/tess/TESS Toronto emotional speech set data/OAF_happy/OAF_juice_happy.wav,tess,tess_OAF
7101,happy,data/tess/TESS Toronto emotional speech set data/OAF_happy/OAF_keen_happy.wav,tess,tess_OAF
7102,happy,data/tess/TESS Toronto emotional speech set data/OAF_happy/OAF_keep_happy.wav,tess,tess_OAF
7103,happy,data/tess/TESS Toronto emotional speech set data/OAF_happy/OAF_keg_happy.wav,tess,tess_OAF
7104,happy,data/tess/TESS Toronto emotional speech set data/OAF_happy/OAF_kick_happy.wav,tess,tess_OAF
7105,happy,data/tess/TESS Toronto emotional speech set data/OAF_happy/OAF_kill_happy.wav,tess,tess_OAF
7106,happy,data/tess/TESS Toronto emotional speech set data/OAF_happy/OAF_king_happy.wav,tess,tess_OAF
7107,happy,data/tess/TESS Toronto emotional speech set data/OAF_happy/OAF_kite_happy.wav,tess,tess_OAF
7108,happy,data/tess/TESS Toronto emotional speech set data/OAF_happy/OAF_knock_happy.wav,tess,tess_OAF
7109,happy,data/tess/TESS Toronto emotional speech set data/OAF_happy/OAF_late_happy.wav,tess,tess_OAF
7110,happy,data/tess/TESS Toronto emotional speech set data/OAF_happy/OAF_laud_happy.wav,tess,tess_OAF
7111,happy,data/tess/TESS Toronto emotional speech set data/OAF_happy/OAF_lean_happy.wav,tess,tess_OAF
7112,happy,data/tess/TESS Toronto emotional speech set data/OAF_happy/OAF_learn_happy.wav,tess,tess_OAF
7113,happy,data/tess/TESS Toronto emotional speech set data/OAF_happy/OAF_lease_happy.wav,tess,tess_OAF
7114,happy,data/tess/TESS Toronto emotional speech set data/OAF_happy/OAF_lid_happy.wav,tess,tess_OAF
7115,happy,data/tess/TESS Toronto emotional speech set data/OAF_happy/OAF_life_happy.wav,tess,tess_OAF
7116,happy,data/tess/TESS Toronto emotional speech set data/OAF_happy/OAF_limb_happy.wav,tess,tess_OAF
7117,happy,data/tess/TESS Toronto emotional speech set data/OAF_happy/OAF_live_happy.wav,tess,tess_OAF
7118,happy,data/tess/TESS Toronto emotional speech set data/OAF_happy/OAF_loaf_happy.wav,tess,tess_OAF
7119,happy,data/tess/TESS Toronto emotional speech set data/OAF_happy/OAF_long_happy.wav,tess,tess_OAF
7120,happy,data/tess/TESS Toronto emotional speech set data/OAF_happy/OAF_lore_happy.wav,tess,tess_OAF
7121,happy,data/tess/TESS Toronto emotional speech set data/OAF_happy/OAF_lose_happy.wav,tess,tess_OAF
7122,happy,data/tess/TESS Toronto emotional speech set data/OAF_happy/OAF_lot_happy.wav,tess,tess_OAF
7123,happy,data/tess/TESS Toronto emotional speech set data/OAF_happy/OAF_love_happy.wav,tess,tess_OAF
7124,happy,data/tess/TESS Toronto emotional speech set data/OAF_happy/OAF_luck_happy.wav,tess,tess_OAF
7125,happy,data/tess/TESS Toronto emotional speech set data/OAF_happy/OAF_make_happy.wav,tess,tess_OAF
7126,happy,data/tess/TESS Toronto emotional speech set data/OAF_happy/OAF_match_happy.wav,tess,tess_OAF
7127,happy,data/tess/TESS Toronto emotional speech set data/OAF_happy/OAF_merge_happy.wav,tess,tess_OAF
7128,happy,data/tess/TESS Toronto emotional speech set data/OAF_happy/OAF_mess_happy.wav,tess,tess_OAF
7129,happy,data/tess/TESS Toronto emotional speech set data/OAF_happy/OAF_met_happy.wav,tess,tess_OAF
7130,happy,data/tess/TESS Toronto emotional speech set data/OAF_happy/OAF_mill_happy.wav,tess,tess_OAF
7131,happy,data/tess/TESS Toronto emotional speech set data/OAF_happy/OAF_mob_happy.wav,tess,tess_OAF
7132,happy,data/tess/TESS Toronto emotional speech set data/OAF_happy/OAF_mode_happy.wav,tess,tess_OAF
7133,happy,data/tess/TESS Toronto emotional speech set data/OAF_happy/OAF_mood_happy.wav,tess,tess_OAF
7134,happy,data/tess/TESS Toronto emotional speech set data/OAF_happy/OAF_moon_happy.wav,tess,tess_OAF
7135,happy,data/tess/TESS Toronto emotional speech set data/OAF_happy/OAF_mop_happy.wav,tess,tess_OAF
7136,happy,data/tess/TESS Toronto emotional speech set data/OAF_happy/OAF_mouse_happy.wav,tess,tess_OAF
7137,happy,data/tess/TESS Toronto emotional speech set data/OAF_happy/OAF_nag_happy.wav,tess,tess_OAF
7138,happy,data/tess/TESS Toronto emotional speech set data/OAF_happy/OAF_name_happy.wav,tess,tess_OAF
7139,happy,data/tess/TESS Toronto emotional speech set data/OAF_happy/OAF_near_happy.wav,tess,tess_OAF
7140,happy,data/tess/TESS Toronto emotional speech set data/OAF_happy/OAF_neat_happy.wav,tess,tess_OAF
7141,happy,data/tess/TESS Toronto emotional speech set data/OAF_happy/OAF_nice_happy.wav,tess,tess_OAF
7142,happy,data/tess/TESS Toronto emotional speech set data/OAF_happy/OAF_note_happy.wav,tess,tess_OAF
7143,happy,data/tess/TESS Toronto emotional speech set data/OAF_happy/OAF_numb_happy.wav,tess,tess_OAF
7144,happy,data/tess/TESS Toronto emotional speech set data/OAF_happy/OAF_pad_happy.wav,tess,tess_OAF
7145,happy,data/tess/TESS Toronto emotional speech set data/OAF_happy/OAF_page_happy.wav,tess,tess_OAF
7146,happy,data/tess/TESS Toronto emotional speech set data/OAF_happy/OAF_pain_happy.wav,tess,tess_OAF
7147,happy,data/tess/TESS Toronto emotional speech set data/OAF_happy/OAF_pass_happy.wav,tess,tess_OAF
7148,happy,data/tess/TESS Toronto emotional speech set data/OAF_happy/OAF_pearl_happy.wav,tess,tess_OAF
7149,happy,data/tess/TESS Toronto emotional speech set data/OAF_happy/OAF_peg_happy.wav,tess,tess_OAF
7150,happy,data/tess/TESS Toronto emotional speech set data/OAF_happy/OAF_perch_happy.wav,tess,tess_OAF
7151,happy,data/tess/TESS Toronto emotional speech set data/OAF_happy/OAF_phone_happy.wav,tess,tess_OAF
7152,happy,data/tess/TESS Toronto emotional speech set data/OAF_happy/OAF_pick_happy.wav,tess,tess_OAF
7153,happy,data/tess/TESS Toronto emotional speech set data/OAF_happy/OAF_pike_happy.wav,tess,tess_OAF
7154,happy,data/tess/TESS Toronto emotional speech set data/OAF_happy/OAF_pole_happy.wav,tess,tess_OAF
7155,happy,data/tess/TESS Toronto emotional speech set data/OAF_happy/OAF_pool_happy.wav,tess,tess_OAF
7156,happy,data/tess/TESS Toronto emotional speech set data/OAF_happy/OAF_puff_happy.wav,tess,tess_OAF
7157,happy,data/tess/TESS Toronto emotional speech set data/OAF_happy/OAF_rag_happy.wav,tess,tess_OAF
7158,happy,data/tess/TESS Toronto emotional speech set data/OAF_happy/OAF_raid_happy.wav,tess,tess_OAF
7159,happy,data/tess/TESS Toronto emotional speech set data/OAF_happy/OAF_rain_happy.wav,tess,tess_OAF
7160,happy,data/tess/TESS Toronto emotional speech set data/OAF_happy/OAF_raise_happy.wav,tess,tess_OAF
7161,happy,data/tess/TESS Toronto emotional speech set data/OAF_happy/OAF_rat_happy.wav,tess,tess_OAF
7162,happy,data/tess/TESS Toronto emotional speech set data/OAF_happy/OAF_reach_happy.wav,tess,tess_OAF
7163,happy,data/tess/TESS Toronto emotional speech set data/OAF_happy/OAF_read_happy.wav,tess,tess_OAF
7164,happy,data/tess/TESS Toronto emotional speech set data/OAF_happy/OAF_red_happy.wav,tess,tess_OAF
7165,happy,data/tess/TESS Toronto emotional speech set data/OAF_happy/OAF_ring_happy.wav,tess,tess_OAF
7166,happy,data/tess/TESS Toronto emotional speech set data/OAF_happy/OAF_ripe_happy.wav,tess,tess_OAF
7167,happy,data/tess/TESS Toronto emotional speech set data/OAF_happy/OAF_road_happy.wav,tess,tess_OAF
7168,happy,data/tess/TESS Toronto emotional speech set data/OAF_happy/OAF_room_happy.wav,tess,tess_OAF
7169,happy,data/tess/TESS Toronto emotional speech set data/OAF_happy/OAF_rose_happy.wav,tess,tess_OAF
7170,happy,data/tess/TESS Toronto emotional speech set data/OAF_happy/OAF_rot_happy.wav,tess,tess_OAF
7171,happy,data/tess/TESS Toronto emotional speech set data/OAF_happy/OAF_rough_happy.wav,tess,tess_OAF
7172,happy,data/tess/TESS Toronto emotional speech set data/OAF_happy/OAF_rush_happy.wav,tess,tess_OAF
7173,happy,data/tess/TESS Toronto emotional speech set data/OAF_happy/OAF_said_happy.wav,tess,tess_OAF
7174,happy,data/tess/TESS Toronto emotional speech set data/OAF_happy/OAF_sail_happy.wav,tess,tess_OAF
7175,happy,data/tess/TESS Toronto emotional speech set data/OAF_happy/OAF_search_happy.wav,tess,tess_OAF
7176,happy,data/tess/TESS Toronto emotional speech set data/OAF_happy/OAF_seize_happy.wav,tess,tess_OAF
7177,happy,data/tess/TESS Toronto emotional speech set data/OAF_happy/OAF_sell_happy.wav,tess,tess_OAF
7178,happy,data/tess/TESS Toronto emotional speech set data/OAF_happy/OAF_shack_happy.wav,tess,tess_OAF
7179,happy,data/tess/TESS Toronto emotional speech set data/OAF_happy/OAF_shall_happy.wav,tess,tess_OAF
7180,happy,data/tess/TESS Toronto emotional speech set data/OAF_happy/OAF_shawl_happy.wav,tess,tess_OAF
7181,happy,data/tess/TESS Toronto emotional speech set data/OAF_happy/OAF_sheep_happy.wav,tess,tess_OAF
7182,happy,data/tess/TESS Toronto emotional speech set data/OAF_happy/OAF_shirt_happy.wav,tess,tess_OAF
7183,happy,data/tess/TESS Toronto emotional speech set data/OAF_happy/OAF_should_happy.wav,tess,tess_OAF
7184,happy,data/tess/TESS Toronto emotional speech set data/OAF_happy/OAF_shout_happy.wav,tess,tess_OAF
7185,happy,data/tess/TESS Toronto emotional speech set data/OAF_happy/OAF_size_happy.wav,tess,tess_OAF
7186,happy,data/tess/TESS Toronto emotional speech set data/OAF_happy/OAF_soap_happy.wav,tess,tess_OAF
7187,happy,data/tess/TESS Toronto emotional speech set data/OAF_happy/OAF_soup_happy.wav,tess,tess_OAF
7188,happy,data/tess/TESS Toronto emotional speech set data/OAF_happy/OAF_sour_happy.wav,tess,tess_OAF
7189,happy,data/tess/TESS Toronto emotional speech set data/OAF_happy/OAF_south_happy.wav,tess,tess_OAF
7190,happy,data/tess/TESS Toronto emotional speech set data/OAF_happy/OAF_sub_happy.wav,tess,tess_OAF
7191,happy,data/tess/TESS Toronto emotional speech set data/OAF_happy/OAF_such_happy.wav,tess,tess_OAF
7192,happy,data/tess/TESS Toronto emotional speech set data/OAF_happy/OAF_sure_happy.wav,tess,tess_OAF
7193,happy,data/tess/TESS Toronto emotional speech set data/OAF_happy/OAF_take_happy.wav,tess,tess_OAF
7194,happy,data/tess/TESS Toronto emotional speech set data/OAF_happy/OAF_talk_happy.wav,tess,tess_OAF
7195,happy,data/tess/TESS Toronto emotional speech set data/OAF_happy/OAF_tape_happy.wav,tess,tess_OAF
7196,happy,data/tess/TESS Toronto emotional speech set data/OAF_happy/OAF_team_happy.wav,tess,tess_OAF
7197,happy,data/tess/TESS Toronto emotional speech set data/OAF_happy/OAF_tell_happy.wav,tess,tess_OAF
7198,happy,data/tess/TESS Toronto emotional speech set data/OAF_happy/OAF_thin_happy.wav,tess,tess_OAF
7199,happy,data/tess/TESS Toronto emotional speech set data/OAF_happy/OAF_third_happy.wav,tess,tess_OAF
7200,happy,data/tess/TESS Toronto emotional speech set data/OAF_happy/OAF_thought_happy.wav,tess,tess_OAF
7201,happy,data/tess/TESS Toronto emotional speech set data/OAF_happy/OAF_thumb_happy.wav,tess,tess_OAF
7202,happy,data/tess/TESS Toronto emotional speech set data/OAF_happy/OAF_time_happy.wav,tess,tess_OAF
7203,happy,data/tess/TESS Toronto emotional speech set data/OAF_happy/OAF_tip_happy.wav,tess,tess_OAF
7204,happy,data/tess/TESS Toronto emotional speech set data/OAF_happy/OAF_tire_happy.wav,tess,tess_OAF
7205,happy,data/tess/TESS Toronto emotional speech set data/OAF_happy/OAF_ton_happy.wav,tess,tess_OAF
7206,happy,data/tess/TESS Toronto emotional speech set data/OAF_happy/OAF_tool_happy.wav,tess,tess_OAF
7207,happy,data/tess/TESS Toronto emotional speech set data/OAF_happy/OAF_tough_happy.wav,tess,tess_OAF
7208,happy,data/tess/TESS Toronto emotional speech set data/OAF_happy/OAF_turn_happy.wav,tess,tess_OAF
7209,happy,data/tess/TESS Toronto emotional speech set data/OAF_happy/OAF_vine_happy.wav,tess,tess_OAF
7210,happy,data/tess/TESS Toronto emotional speech set data/OAF_happy/OAF_voice_happy.wav,tess,tess_OAF
7211,happy,data/tess/TESS Toronto emotional speech set data/OAF_happy/OAF_void_happy.wav,tess,tess_OAF
7212,happy,data/tess/TESS Toronto emotional speech set data/OAF_happy/OAF_vote_happy.wav,tess,tess_OAF
7213,happy,data/tess/TESS Toronto emotional speech set data/OAF_happy/OAF_wag_happy.wav,tess,tess_OAF
7214,happy,data/tess/TESS Toronto emotional speech set data/OAF_happy/OAF_walk_happy.wav,tess,tess_OAF
7215,happy,data/tess/TESS Toronto emotional speech set data/OAF_happy/OAF_wash_happy.wav,tess,tess_OAF
7216,happy,data/tess/TESS Toronto emotional speech set data/OAF_happy/OAF_week_happy.wav,tess,tess_OAF
7217,happy,data/tess/TESS Toronto emotional speech set data/OAF_happy/OAF_wheat_happy.wav,tess,tess_OAF
7218,happy,data/tess/TESS Toronto emotional speech set data/OAF_happy/OAF_when_happy.wav,tess,tess_OAF
7219,happy,data/tess/TESS Toronto emotional speech set data/OAF_happy/OAF_which_happy.wav,tess,tess_OAF
7220,happy,data/tess/TESS Toronto emotional speech set data/OAF_happy/OAF_whip_happy.wav,tess,tess_OAF
7221,happy,data/tess/TESS Toronto emotional speech set data/OAF_happy/OAF_white_happy.wav,tess,tess_OAF
7222,happy,data/tess/TESS Toronto emotional speech set data/OAF_happy/OAF_wife_happy.wav,tess,tess_OAF
7223,happy,data/tess/TESS Toronto emotional speech set data/OAF_happy/OAF_wire_happy.wav,tess,tess_OAF
7224,happy,data/tess/TESS Toronto emotional speech set data/OAF_happy/OAF_witch_happy.wav,tess,tess_OAF
7225,happy,data/tess/TESS Toronto emotional speech set data/OAF_happy/OAF_yearn_happy.wav,tess,tess_OAF
7226,happy,data/tess/TESS Toronto emotional speech set data/OAF_happy/OAF_yes_happy.wav,tess,tess_OAF
7227,happy,data/tess/TESS Toronto emotional speech set data/OAF_happy/OAF_young_happy.wav,tess,tess_OAF
7228,happy,data/tess/TESS Toronto emotional speech set data/OAF_happy/OAF_youth_happy.wav,tess,tess_OAF
7229,happy,data/tess/TESS Toronto emotional speech set data/YAF_happy/YAF_back_happy.wav,tess,tess_YAF
7230,happy,data/tess/TESS Toronto emotional speech set data/YAF_happy/YAF_bar_happy.wav,tess,tess_YAF
7231,happy,data/tess/TESS Toronto emotional speech set data/YAF_happy/YAF_base_happy.wav,tess,tess_YAF
7232,happy,data/tess/TESS Toronto emotional speech set data/YAF_happy/YAF_bath_happy.wav,tess,tess_YAF
7233,happy,data/tess/TESS Toronto emotional speech set data/YAF_happy/YAF_bean_happy.wav,tess,tess_YAF
7234,happy,data/tess/TESS Toronto emotional speech set data/YAF_happy/YAF_beg_happy.wav,tess,tess_YAF
7235,happy,data/tess/TESS Toronto emotional speech set data/YAF_happy/YAF_bite_happy.wav,tess,tess_YAF
7236,happy,data/tess/TESS Toronto emotional speech set data/YAF_happy/YAF_boat_happy.wav,tess,tess_YAF
7237,happy,data/tess/TESS Toronto emotional speech set data/YAF_happy/YAF_bone_happy.wav,tess,tess_YAF
7238,happy,data/tess/TESS Toronto emotional speech set data/YAF_happy/YAF_book_happy.wav,tess,tess_YAF
7239,happy,data/tess/TESS Toronto emotional speech set data/YAF_happy/YAF_bought_happy.wav,tess,tess_YAF
7240,happy,data/tess/TESS Toronto emotional speech set data/YAF_happy/YAF_burn_happy.wav,tess,tess_YAF
7241,happy,data/tess/TESS Toronto emotional speech set data/YAF_happy/YAF_cab_happy.wav,tess,tess_YAF
7242,happy,data/tess/TESS Toronto emotional speech set data/YAF_happy/YAF_calm_happy.wav,tess,tess_YAF
7243,happy,data/tess/TESS Toronto emotional speech set data/YAF_happy/YAF_came_happy.wav,tess,tess_YAF
7244,happy,data/tess/TESS Toronto emotional speech set data/YAF_happy/YAF_cause_happy.wav,tess,tess_YAF
7245,happy,data/tess/TESS Toronto emotional speech set data/YAF_happy/YAF_chain_happy.wav,tess,tess_YAF
7246,happy,data/tess/TESS Toronto emotional speech set data/YAF_happy/YAF_chair_happy.wav,tess,tess_YAF
7247,happy,data/tess/TESS Toronto emotional speech set data/YAF_happy/YAF_chalk_happy.wav,tess,tess_YAF
7248,happy,data/tess/TESS Toronto emotional speech set data/YAF_happy/YAF_chat_happy.wav,tess,tess_YAF
7249,happy,data/tess/TESS Toronto emotional speech set data/YAF_happy/YAF_check_happy.wav,tess,tess_YAF
7250,happy,data/tess/TESS Toronto emotional speech set data/YAF_happy/YAF_cheek_happy.wav,tess,tess_YAF
7251,happy,data/tess/TESS Toronto emotional speech set data/YAF_happy/YAF_chief_happy.wav,tess,tess_YAF
7252,happy,data/tess/TESS Toronto emotional speech set data/YAF_happy/YAF_choice_happy.wav,tess,tess_YAF
7253,happy,data/tess/TESS Toronto emotional speech set data/YAF_happy/YAF_cool_happy.wav,tess,tess_YAF
7254,happy,data/tess/TESS Toronto emotional speech set data/YAF_happy/YAF_dab_happy.wav,tess,tess_YAF
7255,happy,data/tess/TESS Toronto emotional speech set data/YAF_happy/YAF_date_happy.wav,tess,tess_YAF
7256,happy,data/tess/TESS Toronto emotional speech set data/YAF_happy/YAF_dead_happy.wav,tess,tess_YAF
7257,happy,data/tess/TESS Toronto emotional speech set data/YAF_happy/YAF_death_happy.wav,tess,tess_YAF
7258,happy,data/tess/TESS Toronto emotional speech set data/YAF_happy/YAF_deep_happy.wav,tess,tess_YAF
7259,happy,data/tess/TESS Toronto emotional speech set data/YAF_happy/YAF_dime_happy.wav,tess,tess_YAF
7260,happy,data/tess/TESS Toronto emotional speech set data/YAF_happy/YAF_dip_happy.wav,tess,tess_YAF
7261,happy,data/tess/TESS Toronto emotional speech set data/YAF_happy/YAF_ditch_happy.wav,tess,tess_YAF
7262,happy,data/tess/TESS Toronto emotional speech set data/YAF_happy/YAF_dodge_happy.wav,tess,tess_YAF
7263,happy,data/tess/TESS Toronto emotional speech set data/YAF_happy/YAF_dog_happy.wav,tess,tess_YAF
7264,happy,data/tess/TESS Toronto emotional speech set data/YAF_happy/YAF_doll_happy.wav,tess,tess_YAF
7265,happy,data/tess/TESS Toronto emotional speech set data/YAF_happy/YAF_door_happy.wav,tess,tess_YAF
7266,happy,data/tess/TESS Toronto emotional speech set data/YAF_happy/YAF_fail_happy.wav,tess,tess_YAF
7267,happy,data/tess/TESS Toronto emotional speech set data/YAF_happy/YAF_fall_happy.wav,tess,tess_YAF
7268,happy,data/tess/TESS Toronto emotional speech set data/YAF_happy/YAF_far_happy.wav,tess,tess_YAF
7269,happy,data/tess/TESS Toronto emotional speech set data/YAF_happy/YAF_fat_happy.wav,tess,tess_YAF
7270,happy,data/tess/TESS Toronto emotional speech set data/YAF_happy/YAF_fit_happy.wav,tess,tess_YAF
7271,happy,data/tess/TESS Toronto emotional speech set data/YAF_happy/YAF_five_happy.wav,tess,tess_YAF
7272,happy,data/tess/TESS Toronto emotional speech set data/YAF_happy/YAF_food_happy.wav,tess,tess_YAF
7273,happy,data/tess/TESS Toronto emotional speech set data/YAF_happy/YAF_gap_happy.wav,tess,tess_YAF
7274,happy,data/tess/TESS Toronto emotional speech set data/YAF_happy/YAF_gas_happy.wav,tess,tess_YAF
7275,happy,data/tess/TESS Toronto emotional speech set data/YAF_happy/YAF_gaze_happy.wav,tess,tess_YAF
7276,happy,data/tess/TESS Toronto emotional speech set data/YAF_happy/YAF_germ_happy.wav,tess,tess_YAF
7277,happy,data/tess/TESS Toronto emotional speech set data/YAF_happy/YAF_get_happy.wav,tess,tess_YAF
7278,happy,data/tess/TESS Toronto emotional speech set data/YAF_happy/YAF_gin_happy.wav,tess,tess_YAF
7279,happy,data/tess/TESS Toronto emotional speech set data/YAF_happy/YAF_goal_happy.wav,tess,tess_YAF
7280,happy,data/tess/TESS Toronto emotional speech set data/YAF_happy/YAF_good_happy.wav,tess,tess_YAF
7281,happy,data/tess/TESS Toronto emotional speech set data/YAF_happy/YAF_goose_happy.wav,tess,tess_YAF
7282,happy,data/tess/TESS Toronto emotional speech set data/YAF_happy/YAF_gun_happy.wav,tess,tess_YAF
7283,happy,data/tess/TESS Toronto emotional speech set data/YAF_happy/YAF_half_happy.wav,tess,tess_YAF
7284,happy,data/tess/TESS Toronto emotional speech set data/YAF_happy/YAF_hall_happy.wav,tess,tess_YAF
7285,happy,data/tess/TESS Toronto emotional speech set data/YAF_happy/YAF_hash_happy.wav,tess,tess_YAF
7286,happy,data/tess/TESS Toronto emotional speech set data/YAF_happy/YAF_hate_happy.wav,tess,tess_YAF
7287,happy,data/tess/TESS Toronto emotional speech set data/YAF_happy/YAF_have_happy.wav,tess,tess_YAF
7288,happy,data/tess/TESS Toronto emotional speech set data/YAF_happy/YAF_haze_happy.wav,tess,tess_YAF
7289,happy,data/tess/TESS Toronto emotional speech set data/YAF_happy/YAF_hire_happy.wav,tess,tess_YAF
7290,happy,data/tess/TESS Toronto emotional speech set data/YAF_happy/YAF_hit_happy.wav,tess,tess_YAF
7291,happy,data/tess/TESS Toronto emotional speech set data/YAF_happy/YAF_hole_happy.wav,tess,tess_YAF
7292,happy,data/tess/TESS Toronto emotional speech set data/YAF_happy/YAF_home_happy.wav,tess,tess_YAF
7293,happy,data/tess/TESS Toronto emotional speech set data/YAF_happy/YAF_hurl_happy.wav,tess,tess_YAF
7294,happy,data/tess/TESS Toronto emotional speech set data/YAF_happy/YAF_hush_happy.wav,tess,tess_YAF
7295,happy,data/tess/TESS Toronto emotional speech set data/YAF_happy/YAF_jail_happy.wav,tess,tess_YAF
7296,happy,data/tess/TESS Toronto emotional speech set data/YAF_happy/YAF_jar_happy.wav,tess,tess_YAF
7297,happy,data/tess/TESS Toronto emotional speech set data/YAF_happy/YAF_join_happy.wav,tess,tess_YAF
7298,happy,data/tess/TESS Toronto emotional speech set data/YAF_happy/YAF_judge_happy.wav,tess,tess_YAF
7299,happy,data/tess/TESS Toronto emotional speech set data/YAF_happy/YAF_jug_happy.wav,tess,tess_YAF
7300,happy,data/tess/TESS Toronto emotional speech set data/YAF_happy/YAF_juice_happy.wav,tess,tess_YAF
7301,happy,data/tess/TESS Toronto emotional speech set data/YAF_happy/YAF_keen_happy.wav,tess,tess_YAF
7302,happy,data/tess/TESS Toronto emotional speech set data/YAF_happy/YAF_keep_happy.wav,tess,tess_YAF
7303,happy,data/tess/TESS Toronto emotional speech set data/YAF_happy/YAF_keg_happy.wav,tess,tess_YAF
7304,happy,data/tess/TESS Toronto emotional speech set data/YAF_happy/YAF_kick_happy.wav,tess,tess_YAF
7305,happy,data/tess/TESS Toronto emotional speech set data/YAF_happy/YAF_kill_happy.wav,tess,tess_YAF
7306,happy,data/tess/TESS Toronto emotional speech set data/YAF_happy/YAF_king_happy.wav,tess,tess_YAF
7307,happy,data/tess/TESS Toronto emotional speech set data/YAF_happy/YAF_kite_happy.wav,tess,tess_YAF
7308,happy,data/tess/TESS Toronto emotional speech set data/YAF_happy/YAF_knock_happy.wav,tess,tess_YAF
7309,happy,data/tess/TESS Toronto emotional speech set data/YAF_happy/YAF_late_happy.wav,tess,tess_YAF
7310,happy,data/tess/TESS Toronto emotional speech set data/YAF_happy/YAF_laud_happy.wav,tess,tess_YAF
7311,happy,data/tess/TESS Toronto emotional speech set data/YAF_happy/YAF_lean_happy.wav,tess,tess_YAF
7312,happy,data/tess/TESS Toronto emotional speech set data/YAF_happy/YAF_learn_happy.wav,tess,tess_YAF
7313,happy,data/tess/TESS Toronto emotional speech set data/YAF_happy/YAF_lease_happy.wav,tess,tess_YAF
7314,happy,data/tess/TESS Toronto emotional speech set data/YAF_happy/YAF_lid_happy.wav,tess,tess_YAF
7315,happy,data/tess/TESS Toronto emotional speech set data/YAF_happy/YAF_life_happy.wav,tess,tess_YAF
7316,happy,data/tess/TESS Toronto emotional speech set data/YAF_happy/YAF_limb_happy.wav,tess,tess_YAF
7317,happy,data/tess/TESS Toronto emotional speech set data/YAF_happy/YAF_live_happy.wav,tess,tess_YAF
7318,happy,data/tess/TESS Toronto emotional speech set data/YAF_happy/YAF_loaf_happy.wav,tess,tess_YAF
7319,happy,data/tess/TESS Toronto emotional speech set data/YAF_happy/YAF_long_happy.wav,tess,tess_YAF
7320,happy,data/tess/TESS Toronto emotional speech set data/YAF_happy/YAF_lore_happy.wav,tess,tess_YAF
7321,happy,data/tess/TESS Toronto emotional speech set data/YAF_happy/YAF_lose_happy.wav,tess,tess_YAF
7322,happy,data/tess/TESS Toronto emotional speech set data/YAF_happy/YAF_lot_happy.wav,tess,tess_YAF
7323,happy,data/tess/TESS Toronto emotional speech set data/YAF_happy/YAF_love_happy.wav,tess,tess_YAF
7324,happy,data/tess/TESS Toronto emotional speech set data/YAF_happy/YAF_luck_happy.wav,tess,tess_YAF
7325,happy,data/tess/TESS Toronto emotional speech set data/YAF_happy/YAF_make_happy.wav,tess,tess_YAF
7326,happy,data/tess/TESS Toronto emotional speech set data/YAF_happy/YAF_match_happy.wav,tess,tess_YAF
7327,happy,data/tess/TESS Toronto emotional speech set data/YAF_happy/YAF_merge_happy.wav,tess,tess_YAF
7328,happy,data/tess/TESS Toronto emotional speech set data/YAF_happy/YAF_mess_happy.wav,tess,tess_YAF
7329,happy,data/tess/TESS Toronto emotional speech set data/YAF_happy/YAF_met_happy.wav,tess,tess_YAF
7330,happy,data/tess/TESS Toronto emotional speech set data/YAF_happy/YAF_mill_happy.wav,tess,tess_YAF
7331,happy,data/tess/TESS Toronto emotional speech set data/YAF_happy/YAF_mob_happy.wav,tess,tess_YAF
7332,happy,data/tess/TESS Toronto emotional speech set data/YAF_happy/YAF_mode_happy.wav,tess,tess_YAF
7333,happy,data/tess/TESS Toronto emotional speech set data/YAF_happy/YAF_mood_happy.wav,tess,tess_YAF
7334,happy,data/tess/TESS Toronto emotional speech set data/YAF_happy/YAF_moon_happy.wav,tess,tess_YAF
7335,happy,data/tess/TESS Toronto emotional speech set data/YAF_happy/YAF_mop_happy.wav,tess,tess_YAF
7336,happy,data/tess/TESS Toronto emotional speech set data/YAF_happy/YAF_mouse_happy.wav,tess,tess_YAF
7337,happy,data/tess/TESS Toronto emotional speech set data/YAF_happy/YAF_nag_happy.wav,tess,tess_YAF
7338,happy,data/tess/TESS Toronto emotional speech set data/YAF_happy/YAF_name_happy.wav,tess,tess_YAF
7339,happy,data/tess/TESS Toronto emotional speech set data/YAF_happy/YAF_near_happy.wav,tess,tess_YAF
7340,happy,data/tess/TESS Toronto emotional speech set data/YAF_happy/YAF_neat_happy.wav,tess,tess_YAF
7341,happy,data/tess/TESS Toronto emotional speech set data/YAF_happy/YAF_nice_happy.wav,tess,tess_YAF
7342,happy,data/tess/TESS Toronto emotional speech set data/YAF_happy/YAF_note_happy.wav,tess,tess_YAF
7343,happy,data/tess/TESS Toronto emotional speech set data/YAF_happy/YAF_numb_happy.wav,tess,tess_YAF
7344,happy,data/tess/TESS Toronto emotional speech set data/YAF_happy/YAF_pad_happy.wav,tess,tess_YAF
7345,happy,data/tess/TESS Toronto emotional speech set data/YAF_happy/YAF_page_happy.wav,tess,tess_YAF
7346,happy,data/tess/TESS Toronto emotional speech set data/YAF_happy/YAF_pain_happy.wav,tess,tess_YAF
7347,happy,data/tess/TESS Toronto emotional speech set data/YAF_happy/YAF_pass_happy.wav,tess,tess_YAF
7348,happy,data/tess/TESS Toronto emotional speech set data/YAF_happy/YAF_pearl_happy.wav,tess,tess_YAF
7349,happy,data/tess/TESS Toronto emotional speech set data/YAF_happy/YAF_peg_happy.wav,tess,tess_YAF
7350,happy,data/tess/TESS Toronto emotional speech set data/YAF_happy/YAF_perch_happy.wav,tess,tess_YAF
7351,happy,data/tess/TESS Toronto emotional speech set data/YAF_happy/YAF_phone_happy.wav,tess,tess_YAF
7352,happy,data/tess/TESS Toronto emotional speech set data/YAF_happy/YAF_pick_happy.wav,tess,tess_YAF
7353,happy,data/tess/TESS Toronto emotional speech set data/YAF_happy/YAF_pike_happy.wav,tess,tess_YAF
7354,happy,data/tess/TESS Toronto emotional speech set data/YAF_happy/YAF_pole_happy.wav,tess,tess_YAF
7355,happy,data/tess/TESS Toronto emotional speech set data/YAF_happy/YAF_pool_happy.wav,tess,tess_YAF
7356,happy,data/tess/TESS Toronto emotional speech set data/YAF_happy/YAF_puff_happy.wav,tess,tess_YAF
7357,happy,data/tess/TESS Toronto emotional speech set data/YAF_happy/YAF_rag_happy.wav,tess,tess_YAF
7358,happy,data/tess/TESS Toronto emotional speech set data/YAF_happy/YAF_raid_happy.wav,tess,tess_YAF
7359,happy,data/tess/TESS Toronto emotional speech set data/YAF_happy/YAF_rain_happy.wav,tess,tess_YAF
7360,happy,data/tess/TESS Toronto emotional speech set data/YAF_happy/YAF_raise_happy.wav,tess,tess_YAF
7361,happy,data/tess/TESS Toronto emotional speech set data/YAF_happy/YAF_rat_happy.wav,tess,tess_YAF
7362,happy,data/tess/TESS Toronto emotional speech set data/YAF_happy/YAF_reach_happy.wav,tess,tess_YAF
7363,happy,data/tess/TESS Toronto emotional speech set data/YAF_happy/YAF_read_happy.wav,tess,tess_YAF
7364,happy,data/tess/TESS Toronto emotional speech set data/YAF_happy/YAF_red_happy.wav,tess,tess_YAF
7365,happy,data/tess/TESS Toronto emotional speech set data/YAF_happy/YAF_ring_happy.wav,tess,tess_YAF
7366,happy,data/tess/TESS Toronto emotional speech set data/YAF_happy/YAF_ripe_happy.wav,tess,tess_YAF
7367,happy,data/tess/TESS Toronto emotional speech set data/YAF_happy/YAF_road_happy.wav,tess,tess_YAF
7368,happy,data/tess/TESS Toronto emotional speech set data/YAF_happy/YAF_room_happy.wav,tess,tess_YAF
7369,happy,data/tess/TESS Toronto emotional speech set data/YAF_happy/YAF_rose_happy.wav,tess,tess_YAF
7370,happy,data/tess/TESS Toronto emotional speech set data/YAF_happy/YAF_rot_happy.wav,tess,tess_YAF
7371,happy,data/tess/TESS Toronto emotional speech set data/YAF_happy/YAF_rough_happy.wav,tess,tess_YAF
7372,happy,data/tess/TESS Toronto emotional speech set data/YAF_happy/YAF_rush_happy.wav,tess,tess_YAF
7373,happy,data/tess/TESS Toronto emotional speech set data/YAF_happy/YAF_said_happy.wav,tess,tess_YAF
7374,happy,data/tess/TESS Toronto emotional speech set data/YAF_happy/YAF_sail_happy.wav,tess,tess_YAF
7375,happy,data/tess/TESS Toronto emotional speech set data/YAF_happy/YAF_search_happy.wav,tess,tess_YAF
7376,happy,data/tess/TESS Toronto emotional speech set data/YAF_happy/YAF_seize_happy.wav,tess,tess_YAF
7377,happy,data/tess/TESS Toronto emotional speech set data/YAF_happy/YAF_sell_happy.wav,tess,tess_YAF
7378,happy,data/tess/TESS Toronto emotional speech set data/YAF_happy/YAF_shack_happy.wav,tess,tess_YAF
7379,happy,data/tess/TESS Toronto emotional speech set data/YAF_happy/YAF_shall_happy.wav,tess,tess_YAF
7380,happy,data/tess/TESS Toronto emotional speech set data/YAF_happy/YAF_shawl_happy.wav,tess,tess_YAF
7381,happy,data/tess/TESS Toronto emotional speech set data/YAF_happy/YAF_sheep_happy.wav,tess,tess_YAF
7382,happy,data/tess/TESS Toronto emotional speech set data/YAF_happy/YAF_shirt_happy.wav,tess,tess_YAF
7383,happy,data/tess/TESS Toronto emotional speech set data/YAF_happy/YAF_should_happy.wav,tess,tess_YAF
7384,happy,data/tess/TESS Toronto emotional speech set data/YAF_happy/YAF_shout_happy.wav,tess,tess_YAF
7385,happy,data/tess/TESS Toronto emotional speech set data/YAF_happy/YAF_size_happy.wav,tess,tess_YAF
7386,happy,data/tess/TESS Toronto emotional speech set data/YAF_happy/YAF_soap_happy.wav,tess,tess_YAF
7387,happy,data/tess/TESS Toronto emotional speech set data/YAF_happy/YAF_soup_happy.wav,tess,tess_YAF
7388,happy,data/tess/TESS Toronto emotional speech set data/YAF_happy/YAF_sour_happy.wav,tess,tess_YAF
7389,happy,data/tess/TESS Toronto emotional speech set data/YAF_happy/YAF_south_happy.wav,tess,tess_YAF
7390,happy,data/tess/TESS Toronto emotional speech set data/YAF_happy/YAF_sub_happy.wav,tess,tess_YAF
7391,happy,data/tess/TESS Toronto emotional speech set data/YAF_happy/YAF_such_happy.wav,tess,tess_YAF
7392,happy,data/tess/TESS Toronto emotional speech set data/YAF_happy/YAF_sure_happy.wav,tess,tess_YAF
7393,happy,data/tess/TESS Toronto emotional speech set data/YAF_happy/YAF_take_happy.wav,tess,tess_YAF
7394,happy,data/tess/TESS Toronto emotional speech set data/YAF_happy/YAF_talk_happy.wav,tess,tess_YAF
7395,happy,data/tess/TESS Toronto emotional speech set data/YAF_happy/YAF_tape_happy.wav,tess,tess_YAF
7396,happy,data/tess/TESS Toronto emotional speech set data/YAF_happy/YAF_team_happy.wav,tess,tess_YAF
7397,happy,data/tess/TESS Toronto emotional speech set data/YAF_happy/YAF_tell_happy.wav,tess,tess_YAF
7398,happy,data/tess/TESS Toronto emotional speech set data/YAF_happy/YAF_thin_happy.wav,tess,tess_YAF
7399,happy,data/tess/TESS Toronto emotional speech set data/YAF_happy/YAF_third_happy.wav,tess,tess_YAF
7400,happy,data/tess/TESS Toronto emotional speech set data/YAF_happy/YAF_thought_happy.wav,tess,tess_YAF
7401,happy,data/tess/TESS Toronto emotional speech set data/YAF_happy/YAF_thumb_happy.wav,tess,tess_YAF
7402,happy,data/tess/TESS Toronto emotional speech set data/YAF_happy/YAF_time_happy.wav,tess,tess_YAF
7403,happy,data/tess/TESS Toronto emotional speech set data/YAF_happy/YAF_tip_happy.wav,tess,tess_YAF
7404,happy,data/tess/TESS Toronto emotional speech set data/YAF_happy/YAF_tire_happy.wav,tess,tess_YAF
7405,happy,data/tess/TESS Toronto emotional speech set data/YAF_happy/YAF_ton_happy.wav,tess,tess_YAF
7406,happy,data/tess/TESS Toronto emotional speech set data/YAF_happy/YAF_tool_happy.wav,tess,tess_YAF
7407,happy,data/tess/TESS Toronto emotional speech set data/YAF_happy/YAF_tough_happy.wav,tess,tess_YAF
7408,happy,data/tess/TESS Toronto emotional speech set data/YAF_happy/YAF_turn_happy.wav,tess,tess_YAF
7409,happy,data/tess/TESS Toronto emotional speech set data/YAF_happy/YAF_vine_happy.wav,tess,tess_YAF
7410,happy,data/tess/TESS Toronto emotional speech set data/YAF_happy/YAF_voice_happy.wav,tess,tess_YAF
7411,happy,data/tess/TESS Toronto emotional speech set data/YAF_happy/YAF_void_happy.wav,tess,tess_YAF
7412,happy,data/tess/TESS Toronto emotional speech set data/YAF_happy/YAF_vote_happy.wav,tess,tess_YAF
7413,happy,data/tess/TESS Toronto emotional speech set data/YAF_happy/YAF_wag_happy.wav,tess,tess_YAF
7414,happy,data/tess/TESS Toronto emotional speech set data/YAF_happy/YAF_walk_happy.wav,tess,tess_YAF
7415,happy,data/tess/TESS Toronto emotional speech set data/YAF_happy/YAF_wash_happy.wav,tess,tess_YAF
7416,happy,data/tess/TESS Toronto emotional speech set data/YAF_happy/YAF_week_happy.wav,tess,tess_YAF
7417,happy,data/tess/TESS Toronto emotional speech set data/YAF_happy/YAF_wheat_happy.wav,tess,tess_YAF
7418,happy,data/tess/TESS Toronto emotional speech set data/YAF_happy/YAF_when_happy.wav,tess,tess_YAF
7419,happy,data/tess/TESS Toronto emotional speech set data/YAF_happy/YAF_which_happy.wav,tess,tess_YAF
7420,happy,data/tess/TESS Toronto emotional speech set data/YAF_happy/YAF_whip_happy.wav,tess,tess_YAF
7421,happy,data/tess/TESS Toronto emotional speech set data/YAF_happy/YAF_white_happy.wav,tess,tess_YAF
7422,happy,data/tess/TESS Toronto emotional speech set data/YAF_happy/YAF_wife_happy.wav,tess,tess_YAF
7423,happy,data/tess/TESS Toronto emotional speech set data/YAF_happy/YAF_wire_happy.wav,tess,tess_YAF
7424,happy,data/tess/TESS Toronto emotional speech set data/YAF_happy/YAF_witch_happy.wav,tess,tess_YAF
7425,happy,data/tess/TESS Toronto emotional speech set data/YAF_happy/YAF_yearn_happy.wav,tess,tess_YAF
7426,happy,data/tess/TESS Toronto emotional speech set data/YAF_happy/YAF_yes_happy.wav,tess,tess_YAF
7427,happy,data/tess/TESS Toronto emotional speech set data/YAF_happy/YAF_young_happy.wav,tess,tess_YAF
7428,happy,data/tess/TESS Toronto emotional speech set data/YAF_happy/YAF_youth_happy.wav,tess,tess_YAF
7429,happy,data/tess/YAF_happy/YAF_back_happy.wav,tess,tess_YAF
7430,happy,data/tess/YAF_happy/YAF_bar_happy.wav,tess,tess_YAF
7431,happy,data/tess/YAF_happy/YAF_base_happy.wav,tess,tess_YAF
7432,happy,data/tess/YAF_happy/YAF_bath_happy.wav,tess,tess_YAF
7433,happy,data/tess/YAF_happy/YAF_bean_happy.wav,tess,tess_YAF
7434,happy,data/tess/YAF_happy/YAF_beg_happy.wav,tess,tess_YAF
7435,happy,data/tess/YAF_happy/YAF_bite_happy.wav,tess,tess_YAF
7436,happy,data/tess/YAF_happy/YAF_boat_happy.wav,tess,tess_YAF
7437,happy,data/tess/YAF_happy/YAF_bone_happy.wav,tess,tess_YAF
7438,happy,data/tess/YAF_happy/YAF_book_happy.wav,tess,tess_YAF
7439,happy,data/tess/YAF_happy/YAF_bought_happy.wav,tess,tess_YAF
7440,happy,data/tess/YAF_happy/YAF_burn_happy.wav,tess,tess_YAF
7441,happy,data/tess/YAF_happy/YAF_cab_happy.wav,tess,tess_YAF
7442,happy,data/tess/YAF_happy/YAF_calm_happy.wav,tess,tess_YAF
7443,happy,data/tess/YAF_happy/YAF_came_happy.wav,tess,tess_YAF
7444,happy,data/tess/YAF_happy/YAF_cause_happy.wav,tess,tess_YAF
7445,happy,data/tess/YAF_happy/YAF_chain_happy.wav,tess,tess_YAF
7446,happy,data/tess/YAF_happy/YAF_chair_happy.wav,tess,tess_YAF
7447,happy,data/tess/YAF_happy/YAF_chalk_happy.wav,tess,tess_YAF
7448,happy,data/tess/YAF_happy/YAF_chat_happy.wav,tess,tess_YAF
7449,happy,data/tess/YAF_happy/YAF_check_happy.wav,tess,tess_YAF
7450,happy,data/tess/YAF_happy/YAF_cheek_happy.wav,tess,tess_YAF
7451,happy,data/tess/YAF_happy/YAF_chief_happy.wav,tess,tess_YAF
7452,happy,data/tess/YAF_happy/YAF_choice_happy.wav,tess,tess_YAF
7453,happy,data/tess/YAF_happy/YAF_cool_happy.wav,tess,tess_YAF
7454,happy,data/tess/YAF_happy/YAF_dab_happy.wav,tess,tess_YAF
7455,happy,data/tess/YAF_happy/YAF_date_happy.wav,tess,tess_YAF
7456,happy,data/tess/YAF_happy/YAF_dead_happy.wav,tess,tess_YAF
7457,happy,data/tess/YAF_happy/YAF_death_happy.wav,tess,tess_YAF
7458,happy,data/tess/YAF_happy/YAF_deep_happy.wav,tess,tess_YAF
7459,happy,data/tess/YAF_happy/YAF_dime_happy.wav,tess,tess_YAF
7460,happy,data/tess/YAF_happy/YAF_dip_happy.wav,tess,tess_YAF
7461,happy,data/tess/YAF_happy/YAF_ditch_happy.wav,tess,tess_YAF
7462,happy,data/tess/YAF_happy/YAF_dodge_happy.wav,tess,tess_YAF
7463,happy,data/tess/YAF_happy/YAF_dog_happy.wav,tess,tess_YAF
7464,happy,data/tess/YAF_happy/YAF_doll_happy.wav,tess,tess_YAF
7465,happy,data/tess/YAF_happy/YAF_door_happy.wav,tess,tess_YAF
7466,happy,data/tess/YAF_happy/YAF_fail_happy.wav,tess,tess_YAF
7467,happy,data/tess/YAF_happy/YAF_fall_happy.wav,tess,tess_YAF
7468,happy,data/tess/YAF_happy/YAF_far_happy.wav,tess,tess_YAF
7469,happy,data/tess/YAF_happy/YAF_fat_happy.wav,tess,tess_YAF
7470,happy,data/tess/YAF_happy/YAF_fit_happy.wav,tess,tess_YAF
7471,happy,data/tess/YAF_happy/YAF_five_happy.wav,tess,tess_YAF
7472,happy,data/tess/YAF_happy/YAF_food_happy.wav,tess,tess_YAF
7473,happy,data/tess/YAF_happy/YAF_gap_happy.wav,tess,tess_YAF
7474,happy,data/tess/YAF_happy/YAF_gas_happy.wav,tess,tess_YAF
7475,happy,data/tess/YAF_happy/YAF_gaze_happy.wav,tess,tess_YAF
7476,happy,data/tess/YAF_happy/YAF_germ_happy.wav,tess,tess_YAF
7477,happy,data/tess/YAF_happy/YAF_get_happy.wav,tess,tess_YAF
7478,happy,data/tess/YAF_happy/YAF_gin_happy.wav,tess,tess_YAF
7479,happy,data/tess/YAF_happy/YAF_goal_happy.wav,tess,tess_YAF
7480,happy,data/tess/YAF_happy/YAF_good_happy.wav,tess,tess_YAF
7481,happy,data/tess/YAF_happy/YAF_goose_happy.wav,tess,tess_YAF
7482,happy,data/tess/YAF_happy/YAF_gun_happy.wav,tess,tess_YAF
7483,happy,data/tess/YAF_happy/YAF_half_happy.wav,tess,tess_YAF
7484,happy,data/tess/YAF_happy/YAF_hall_happy.wav,tess,tess_YAF
7485,happy,data/tess/YAF_happy/YAF_hash_happy.wav,tess,tess_YAF
7486,happy,data/tess/YAF_happy/YAF_hate_happy.wav,tess,tess_YAF
7487,happy,data/tess/YAF_happy/YAF_have_happy.wav,tess,tess_YAF
7488,happy,data/tess/YAF_happy/YAF_haze_happy.wav,tess,tess_YAF
7489,happy,data/tess/YAF_happy/YAF_hire_happy.wav,tess,tess_YAF
7490,happy,data/tess/YAF_happy/YAF_hit_happy.wav,tess,tess_YAF
7491,happy,data/tess/YAF_happy/YAF_hole_happy.wav,tess,tess_YAF
7492,happy,data/tess/YAF_happy/YAF_home_happy.wav,tess,tess_YAF
7493,happy,data/tess/YAF_happy/YAF_hurl_happy.wav,tess,tess_YAF
7494,happy,data/tess/YAF_happy/YAF_hush_happy.wav,tess,tess_YAF
7495,happy,data/tess/YAF_happy/YAF_jail_happy.wav,tess,tess_YAF
7496,happy,data/tess/YAF_happy/YAF_jar_happy.wav,tess,tess_YAF
7497,happy,data/tess/YAF_happy/YAF_join_happy.wav,tess,tess_YAF
7498,happy,data/tess/YAF_happy/YAF_judge_happy.wav,tess,tess_YAF
7499,happy,data/tess/YAF_happy/YAF_jug_happy.wav,tess,tess_YAF
7500,happy,data/tess/YAF_happy/YAF_juice_happy.wav,tess,tess_YAF
7501,happy,data/tess/YAF_happy/YAF_keen_happy.wav,tess,tess_YAF
7502,happy,data/tess/YAF_happy/YAF_keep_happy.wav,tess,tess_YAF
7503,happy,data/tess/YAF_happy/YAF_keg_happy.wav,tess,tess_YAF
7504,happy,data/tess/YAF_happy/YAF_kick_happy.wav,tess,tess_YAF
7505,happy,data/tess/YAF_happy/YAF_kill_happy.wav,tess,tess_YAF
7506,happy,data/tess/YAF_happy/YAF_king_happy.wav,tess,tess_YAF
7507,happy,data/tess/YAF_happy/YAF_kite_happy.wav,tess,tess_YAF
7508,happy,data/tess/YAF_happy/YAF_knock_happy.wav,tess,tess_YAF
7509,happy,data/tess/YAF_happy/YAF_late_happy.wav,tess,tess_YAF
7510,happy,data/tess/YAF_happy/YAF_laud_happy.wav,tess,tess_YAF
7511,happy,data/tess/YAF_happy/YAF_lean_happy.wav,tess,tess_YAF
7512,happy,data/tess/YAF_happy/YAF_learn_happy.wav,tess,tess_YAF
7513,happy,data/tess/YAF_happy/YAF_lease_happy.wav,tess,tess_YAF
7514,happy,data/tess/YAF_happy/YAF_lid_happy.wav,tess,tess_YAF
7515,happy,data/tess/YAF_happy/YAF_life_happy.wav,tess,tess_YAF
7516,happy,data/tess/YAF_happy/YAF_limb_happy.wav,tess,tess_YAF
7517,happy,data/tess/YAF_happy/YAF_live_happy.wav,tess,tess_YAF
7518,happy,data/tess/YAF_happy/YAF_loaf_happy.wav,tess,tess_YAF
7519,happy,data/tess/YAF_happy/YAF_long_happy.wav,tess,tess_YAF
7520,happy,data/tess/YAF_happy/YAF_lore_happy.wav,tess,tess_YAF
7521,happy,data/tess/YAF_happy/YAF_lose_happy.wav,tess,tess_YAF
7522,happy,data/tess/YAF_happy/YAF_lot_happy.wav,tess,tess_YAF
7523,happy,data/tess/YAF_happy/YAF_love_happy.wav,tess,tess_YAF
7524,happy,data/tess/YAF_happy/YAF_luck_happy.wav,tess,tess_YAF
7525,happy,data/tess/YAF_happy/YAF_make_happy.wav,tess,tess_YAF
7526,happy,data/tess/YAF_happy/YAF_match_happy.wav,tess,tess_YAF
7527,happy,data/tess/YAF_happy/YAF_merge_happy.wav,tess,tess_YAF
7528,happy,data/tess/YAF_happy/YAF_mess_happy.wav,tess,tess_YAF
7529,happy,data/tess/YAF_happy/YAF_met_happy.wav,tess,tess_YAF
7530,happy,data/tess/YAF_happy/YAF_mill_happy.wav,tess,tess_YAF
7531,happy,data/tess/YAF_happy/YAF_mob_happy.wav,tess,tess_YAF
7532,happy,data/tess/YAF_happy/YAF_mode_happy.wav,tess,tess_YAF
7533,happy,data/tess/YAF_happy/YAF_mood_happy.wav,tess,tess_YAF
7534,happy,data/tess/YAF_happy/YAF_moon_happy.wav,tess,tess_YAF
7535,happy,data/tess/YAF_happy/YAF_mop_happy.wav,tess,tess_YAF
7536,happy,data/tess/YAF_happy/YAF_mouse_happy.wav,tess,tess_YAF
7537,happy,data/tess/YAF_happy/YAF_nag_happy.wav,tess,tess_YAF
7538,happy,data/tess/YAF_happy/YAF_name_happy.wav,tess,tess_YAF
7539,happy,data/tess/YAF_happy/YAF_near_happy.wav,tess,tess_YAF
7540,happy,data/tess/YAF_happy/YAF_neat_happy.wav,tess,tess_YAF
7541,happy,data/tess/YAF_happy/YAF_nice_happy.wav,tess,tess_YAF
7542,happy,data/tess/YAF_happy/YAF_note_happy.wav,tess,tess_YAF
7543,happy,data/tess/YAF_happy/YAF_numb_happy.wav,tess,tess_YAF
7544,happy,data/tess/YAF_happy/YAF_pad_happy.wav,tess,tess_YAF
7545,happy,data/tess/YAF_happy/YAF_page_happy.wav,tess,tess_YAF
7546,happy,data/tess/YAF_happy/YAF_pain_happy.wav,tess,tess_YAF
7547,happy,data/tess/YAF_happy/YAF_pass_happy.wav,tess,tess_YAF
7548,happy,data/tess/YAF_happy/YAF_pearl_happy.wav,tess,tess_YAF
7549,happy,data/tess/YAF_happy/YAF_peg_happy.wav,tess,tess_YAF
7550,happy,data/tess/YAF_happy/YAF_perch_happy.wav,tess,tess_YAF
7551,happy,data/tess/YAF_happy/YAF_phone_happy.wav,tess,tess_YAF
7552,happy,data/tess/YAF_happy/YAF_pick_happy.wav,tess,tess_YAF
7553,happy,data/tess/YAF_happy/YAF_pike_happy.wav,tess,tess_YAF
7554,happy,data/tess/YAF_happy/YAF_pole_happy.wav,tess,tess_YAF
7555,happy,data/tess/YAF_happy/YAF_pool_happy.wav,tess,tess_YAF
7556,happy,data/tess/YAF_happy/YAF_puff_happy.wav,tess,tess_YAF
7557,happy,data/tess/YAF_happy/YAF_rag_happy.wav,tess,tess_YAF
7558,happy,data/tess/YAF_happy/YAF_raid_happy.wav,tess,tess_YAF
7559,happy,data/tess/YAF_happy/YAF_rain_happy.wav,tess,tess_YAF
7560,happy,data/tess/YAF_happy/YAF_raise_happy.wav,tess,tess_YAF
7561,happy,data/tess/YAF_happy/YAF_rat_happy.wav,tess,tess_YAF
7562,happy,data/tess/YAF_happy/YAF_reach_happy.wav,tess,tess_YAF
7563,happy,data/tess/YAF_happy/YAF_read_happy.wav,tess,tess_YAF
7564,happy,data/tess/YAF_happy/YAF_red_happy.wav,tess,tess_YAF
7565,happy,data/tess/YAF_happy/YAF_ring_happy.wav,tess,tess_YAF
7566,happy,data/tess/YAF_happy/YAF_ripe_happy.wav,tess,tess_YAF
7567,happy,data/tess/YAF_happy/YAF_road_happy.wav,tess,tess_YAF
7568,happy,data/tess/YAF_happy/YAF_room_happy.wav,tess,tess_YAF
7569,happy,data/tess/YAF_happy/YAF_rose_happy.wav,tess,tess_YAF
7570,happy,data/tess/YAF_happy/YAF_rot_happy.wav,tess,tess_YAF
7571,happy,data/tess/YAF_happy/YAF_rough_happy.wav,tess,tess_YAF
7572,happy,data/tess/YAF_happy/YAF_rush_happy.wav,tess,tess_YAF
7573,happy,data/tess/YAF_happy/YAF_said_happy.wav,tess,tess_YAF
7574,happy,data/tess/YAF_happy/YAF_sail_happy.wav,tess,tess_YAF
7575,happy,data/tess/YAF_happy/YAF_search_happy.wav,tess,tess_YAF
7576,happy,data/tess/YAF_happy/YAF_seize_happy.wav,tess,tess_YAF
7577,happy,data/tess/YAF_happy/YAF_sell_happy.wav,tess,tess_YAF
7578,happy,data/tess/YAF_happy/YAF_shack_happy.wav,tess,tess_YAF
7579,happy,data/tess/YAF_happy/YAF_shall_happy.wav,tess,tess_YAF
7580,happy,data/tess/YAF_happy/YAF_shawl_happy.wav,tess,tess_YAF
7581,happy,data/tess/YAF_happy/YAF_sheep_happy.wav,tess,tess_YAF
7582,happy,data/tess/YAF_happy/YAF_shirt_happy.wav,tess,tess_YAF
7583,happy,data/tess/YAF_happy/YAF_should_happy.wav,tess,tess_YAF
7584,happy,data/tess/YAF_happy/YAF_shout_happy.wav,tess,tess_YAF
7585,happy,data/tess/YAF_happy/YAF_size_happy.wav,tess,tess_YAF
7586,happy,data/tess/YAF_happy/YAF_soap_happy.wav,tess,tess_YAF
7587,happy,data/tess/YAF_happy/YAF_soup_happy.wav,tess,tess_YAF
7588,happy,data/tess/YAF_happy/YAF_sour_happy.wav,tess,tess_YAF
7589,happy,data/tess/YAF_happy/YAF_south_happy.wav,tess,tess_YAF
7590,happy,data/tess/YAF_happy/YAF_sub_happy.wav,tess,tess_YAF
7591,happy,data/tess/YAF_happy/YAF_such_happy.wav,tess,tess_YAF
7592,happy,data/tess/YAF_happy/YAF_sure_happy.wav,tess,tess_YAF
7593,happy,data/tess/YAF_happy/YAF_take_happy.wav,tess,tess_YAF
7594,happy,data/tess/YAF_happy/YAF_talk_happy.wav,tess,tess_YAF
7595,happy,data/tess/YAF_happy/YAF_tape_happy.wav,tess,tess_YAF
7596,happy,data/tess/YAF_happy/YAF_team_happy.wav,tess,tess_YAF
7597,happy,data/tess/YAF_happy/YAF_tell_happy.wav,tess,tess_YAF
7598,happy,data/tess/YAF_happy/YAF_thin_happy.wav,tess,tess_YAF
7599,happy,data/tess/YAF_happy/YAF_third_happy.wav,tess,tess_YAF
7600,happy,data/tess/YAF_happy/YAF_thought_happy.wav,tess,tess_YAF
7601,happy,data/tess/YAF_happy/YAF_thumb_happy.wav,tess,tess_YAF
7602,happy,data/tess/YAF_happy/YAF_time_happy.wav,tess,tess_YAF
7603,happy,data/tess/YAF_happy/YAF_tip_happy.wav,tess,tess_YAF
7604,happy,data/tess/YAF_happy/YAF_tire_happy.wav,tess,tess_YAF
7605,happy,data/tess/YAF_happy/YAF_ton_happy.wav,tess,tess_YAF
7606,happy,data/tess/YAF_happy/YAF_tool_happy.wav,tess,tess_YAF
7607,happy,data/tess/YAF_happy/YAF_tough_happy.wav,tess,tess_YAF
7608,happy,data/tess/YAF_happy/YAF_turn_happy.wav,tess,tess_YAF
7609,happy,data/tess/YAF_happy/YAF_vine_happy.wav,tess,tess_YAF
7610,happy,data/tess/YAF_happy/YAF_voice_happy.wav,tess,tess_YAF
7611,happy,data/tess/YAF_happy/YAF_void_happy.wav,tess,tess_YAF
7612,happy,data/tess/YAF_happy/YAF_vote_happy.wav,tess,tess_YAF
7613,happy,data/tess/YAF_happy/YAF_wag_happy.wav,tess,tess_YAF
7614,happy,data/tess/YAF_happy/YAF_walk_happy.wav,tess,tess_YAF
7615,happy,data/tess/YAF_happy/YAF_wash_happy.wav,tess,tess_YAF
7616,happy,data/tess/YAF_happy/YAF_week_happy.wav,tess,tess_YAF
7617,happy,data/tess/YAF_happy/YAF_wheat_happy.wav,tess,tess_YAF
7618,happy,data/tess/YAF_happy/YAF_when_happy.wav,tess,tess_YAF
7619,happy,data/tess/YAF_happy/YAF_which_happy.wav,tess,tess_YAF
7620,happy,data/tess/YAF_happy/YAF_whip_happy.wav,tess,tess_YAF
7621,happy,data/tess/YAF_happy/YAF_white_happy.wav,tess,tess_YAF
7622,happy,data/tess/YAF_happy/YAF_wife_happy.wav,tess,tess_YAF
7623,happy,data/tess/YAF_happy/YAF_wire_happy.wav,tess,tess_YAF
7624,happy,data/tess/YAF_happy/YAF_witch_happy.wav,tess,tess_YAF
7625,happy,data/tess/YAF_happy/YAF_yearn_happy.wav,tess,tess_YAF
7626,happy,data/tess/YAF_happy/YAF_yes_happy.wav,tess,tess_YAF
7627,happy,data/tess/YAF_happy/YAF_young_happy.wav,tess,tess_YAF
7628,happy,data/tess/YAF_happy/YAF_youth_happy.wav,tess,tess_YAF
7629,neutral,data/tess/OAF_neutral/OAF_back_neutral.wav,tess,tess_OAF
7630,neutral,data/tess/OAF_neutral/OAF_bar_neutral.wav,tess,tess_OAF
7631,neutral,data/tess/OAF_neutral/OAF_base_neutral.wav,tess,tess_OAF
7632,neutral,data/tess/OAF_neutral/OAF_bath_neutral.wav,tess,tess_OAF
7633,neutral,data/tess/OAF_neutral/OAF_bean_neutral.wav,tess,tess_OAF
7634,neutral,data/tess/OAF_neutral/OAF_beg_neutral.wav,tess,tess_OAF
7635,neutral,data/tess/OAF_neutral/OAF_boat_neutral.wav,tess,tess_OAF
7636,neutral,data/tess/OAF_neutral/OAF_bone_neutral.wav,tess,tess_OAF
7637,neutral,data/tess/OAF_neutral/OAF_book_neutral.wav,tess,tess_OAF
7638,neutral,data/tess/OAF_neutral/OAF_bought_neutral.wav,tess,tess_OAF
7639,neutral,data/tess/OAF_neutral/OAF_burn_neutral.wav,tess,tess_OAF
7640,neutral,data/tess/OAF_neutral/OAF_cab_neutral.wav,tess,tess_OAF
7641,neutral,data/tess/OAF_neutral/OAF_calm_neutral.wav,tess,tess_OAF
7642,neutral,data/tess/OAF_neutral/OAF_came_neutral.wav,tess,tess_OAF
7643,neutral,data/tess/OAF_neutral/OAF_cause_neutral.wav,tess,tess_OAF
7644,neutral,data/tess/OAF_neutral/OAF_chain_neutral.wav,tess,tess_OAF
7645,neutral,data/tess/OAF_neutral/OAF_chair_neutral.wav,tess,tess_OAF
7646,neutral,data/tess/OAF_neutral/OAF_chalk_neutral.wav,tess,tess_OAF
7647,neutral,data/tess/OAF_neutral/OAF_chat_neutral.wav,tess,tess_OAF
7648,neutral,data/tess/OAF_neutral/OAF_check_neutral.wav,tess,tess_OAF
7649,neutral,data/tess/OAF_neutral/OAF_cheek_neutral.wav,tess,tess_OAF
7650,neutral,data/tess/OAF_neutral/OAF_chief_neutral.wav,tess,tess_OAF
7651,neutral,data/tess/OAF_neutral/OAF_choice_neutral.wav,tess,tess_OAF
7652,neutral,data/tess/OAF_neutral/OAF_cool_neutral.wav,tess,tess_OAF
7653,neutral,data/tess/OAF_neutral/OAF_dab_neutral.wav,tess,tess_OAF
7654,neutral,data/tess/OAF_neutral/OAF_date_neutral.wav,tess,tess_OAF
7655,neutral,data/tess/OAF_neutral/OAF_dead_neutral.wav,tess,tess_OAF
7656,neutral,data/tess/OAF_neutral/OAF_death_neutral.wav,tess,tess_OAF
7657,neutral,data/tess/OAF_neutral/OAF_deep_neutral.wav,tess,tess_OAF
7658,neutral,data/tess/OAF_neutral/OAF_dime_neutral.wav,tess,tess_OAF
7659,neutral,data/tess/OAF_neutral/OAF_dip_neutral.wav,tess,tess_OAF
7660,neutral,data/tess/OAF_neutral/OAF_ditch_neutral.wav,tess,tess_OAF
7661,neutral,data/tess/OAF_neutral/OAF_dodge_neutral.wav,tess,tess_OAF
7662,neutral,data/tess/OAF_neutral/OAF_dog_neutral.wav,tess,tess_OAF
7663,neutral,data/tess/OAF_neutral/OAF_doll_neutral.wav,tess,tess_OAF
7664,neutral,data/tess/OAF_neutral/OAF_door_neutral.wav,tess,tess_OAF
7665,neutral,data/tess/OAF_neutral/OAF_fail_neutral.wav,tess,tess_OAF
7666,neutral,data/tess/OAF_neutral/OAF_fall_neutral.wav,tess,tess_OAF
7667,neutral,data/tess/OAF_neutral/OAF_far_neutral.wav,tess,tess_OAF
7668,neutral,data/tess/OAF_neutral/OAF_fat_neutral.wav,tess,tess_OAF
7669,neutral,data/tess/OAF_neutral/OAF_fit_neutral.wav,tess,tess_OAF
7670,neutral,data/tess/OAF_neutral/OAF_five_neutral.wav,tess,tess_OAF
7671,neutral,data/tess/OAF_neutral/OAF_food_neutral.wav,tess,tess_OAF
7672,neutral,data/tess/OAF_neutral/OAF_gap_neutral.wav,tess,tess_OAF
7673,neutral,data/tess/OAF_neutral/OAF_gas_neutral.wav,tess,tess_OAF
7674,neutral,data/tess/OAF_neutral/OAF_gaze_neutral.wav,tess,tess_OAF
7675,neutral,data/tess/OAF_neutral/OAF_germ_neutral.wav,tess,tess_OAF
7676,neutral,data/tess/OAF_neutral/OAF_get_neutral.wav,tess,tess_OAF
7677,neutral,data/tess/OAF_neutral/OAF_gin_neutral.wav,tess,tess_OAF
7678,neutral,data/tess/OAF_neutral/OAF_goal_neutral.wav,tess,tess_OAF
7679,neutral,data/tess/OAF_neutral/OAF_good_neutral.wav,tess,tess_OAF
7680,neutral,data/tess/OAF_neutral/OAF_goose_neutral.wav,tess,tess_OAF
7681,neutral,data/tess/OAF_neutral/OAF_gun_neutral.wav,tess,tess_OAF
7682,neutral,data/tess/OAF_neutral/OAF_half_neutral.wav,tess,tess_OAF
7683,neutral,data/tess/OAF_neutral/OAF_hall_neutral.wav,tess,tess_OAF
7684,neutral,data/tess/OAF_neutral/OAF_hash_neutral.wav,tess,tess_OAF
7685,neutral,data/tess/OAF_neutral/OAF_hate_neutral.wav,tess,tess_OAF
7686,neutral,data/tess/OAF_neutral/OAF_have_neutral.wav,tess,tess_OAF
7687,neutral,data/tess/OAF_neutral/OAF_haze_neutral.wav,tess,tess_OAF
7688,neutral,data/tess/OAF_neutral/OAF_hire_neutral.wav,tess,tess_OAF
7689,neutral,data/tess/OAF_neutral/OAF_hit_neutral.wav,tess,tess_OAF
7690,neutral,data/tess/OAF_neutral/OAF_hole_neutral.wav,tess,tess_OAF
7691,neutral,data/tess/OAF_neutral/OAF_home_neutral.wav,tess,tess_OAF
7692,neutral,data/tess/OAF_neutral/OAF_hurl_neutral.wav,tess,tess_OAF
7693,neutral,data/tess/OAF_neutral/OAF_hush_neutral.wav,tess,tess_OAF
7694,neutral,data/tess/OAF_neutral/OAF_jail_neutral.wav,tess,tess_OAF
7695,neutral,data/tess/OAF_neutral/OAF_jar_neutral.wav,tess,tess_OAF
7696,neutral,data/tess/OAF_neutral/OAF_join_neutral.wav,tess,tess_OAF
7697,neutral,data/tess/OAF_neutral/OAF_judge_neutral.wav,tess,tess_OAF
7698,neutral,data/tess/OAF_neutral/OAF_jug_neutral.wav,tess,tess_OAF
7699,neutral,data/tess/OAF_neutral/OAF_juice_neutral.wav,tess,tess_OAF
7700,neutral,data/tess/OAF_neutral/OAF_keen_neutral.wav,tess,tess_OAF
7701,neutral,data/tess/OAF_neutral/OAF_keep_neutral.wav,tess,tess_OAF
7702,neutral,data/tess/OAF_neutral/OAF_keg_neutral.wav,tess,tess_OAF
7703,neutral,data/tess/OAF_neutral/OAF_kick_neutral.wav,tess,tess_OAF
7704,neutral,data/tess/OAF_neutral/OAF_kill_neutral.wav,tess,tess_OAF
7705,neutral,data/tess/OAF_neutral/OAF_king_neutral.wav,tess,tess_OAF
7706,neutral,data/tess/OAF_neutral/OAF_kite_neutral.wav,tess,tess_OAF
7707,neutral,data/tess/OAF_neutral/OAF_knock_neutral.wav,tess,tess_OAF
7708,neutral,data/tess/OAF_neutral/OAF_late_neutral.wav,tess,tess_OAF
7709,neutral,data/tess/OAF_neutral/OAF_laud_neutral.wav,tess,tess_OAF
7710,neutral,data/tess/OAF_neutral/OAF_lean_neutral.wav,tess,tess_OAF
7711,neutral,data/tess/OAF_neutral/OAF_learn_neutral.wav,tess,tess_OAF
7712,neutral,data/tess/OAF_neutral/OAF_lease_neutral.wav,tess,tess_OAF
7713,neutral,data/tess/OAF_neutral/OAF_lid_neutral.wav,tess,tess_OAF
7714,neutral,data/tess/OAF_neutral/OAF_life_neutral.wav,tess,tess_OAF
7715,neutral,data/tess/OAF_neutral/OAF_limb_neutral.wav,tess,tess_OAF
7716,neutral,data/tess/OAF_neutral/OAF_live_neutral.wav,tess,tess_OAF
7717,neutral,data/tess/OAF_neutral/OAF_loaf_neutral.wav,tess,tess_OAF
7718,neutral,data/tess/OAF_neutral/OAF_long_neutral.wav,tess,tess_OAF
7719,neutral,data/tess/OAF_neutral/OAF_lore_neutral.wav,tess,tess_OAF
7720,neutral,data/tess/OAF_neutral/OAF_lose_neutral.wav,tess,tess_OAF
7721,neutral,data/tess/OAF_neutral/OAF_lot_neutral.wav,tess,tess_OAF
7722,neutral,data/tess/OAF_neutral/OAF_love_neutral.wav,tess,tess_OAF
7723,neutral,data/tess/OAF_neutral/OAF_luck_neutral.wav,tess,tess_OAF
7724,neutral,data/tess/OAF_neutral/OAF_make_neutral.wav,tess,tess_OAF
7725,neutral,data/tess/OAF_neutral/OAF_match_neutral.wav,tess,tess_OAF
7726,neutral,data/tess/OAF_neutral/OAF_merge_neutral.wav,tess,tess_OAF
7727,neutral,data/tess/OAF_neutral/OAF_mess_neutral.wav,tess,tess_OAF
7728,neutral,data/tess/OAF_neutral/OAF_met_neutral.wav,tess,tess_OAF
7729,neutral,data/tess/OAF_neutral/OAF_mill_neutral.wav,tess,tess_OAF
7730,neutral,data/tess/OAF_neutral/OAF_mob_neutral.wav,tess,tess_OAF
7731,neutral,data/tess/OAF_neutral/OAF_mode_neutral.wav,tess,tess_OAF
7732,neutral,data/tess/OAF_neutral/OAF_mood_neutral.wav,tess,tess_OAF
7733,neutral,data/tess/OAF_neutral/OAF_moon_neutral.wav,tess,tess_OAF
7734,neutral,data/tess/OAF_neutral/OAF_mop_neutral.wav,tess,tess_OAF
7735,neutral,data/tess/OAF_neutral/OAF_mouse_neutral.wav,tess,tess_OAF
7736,neutral,data/tess/OAF_neutral/OAF_nag_neutral.wav,tess,tess_OAF
7737,neutral,data/tess/OAF_neutral/OAF_name_neutral.wav,tess,tess_OAF
7738,neutral,data/tess/OAF_neutral/OAF_near_neutral.wav,tess,tess_OAF
7739,neutral,data/tess/OAF_neutral/OAF_neat_neutral.wav,tess,tess_OAF
7740,neutral,data/tess/OAF_neutral/OAF_nice_neutral.wav,tess,tess_OAF
7741,neutral,data/tess/OAF_neutral/OAF_note_neutral.wav,tess,tess_OAF
7742,neutral,data/tess/OAF_neutral/OAF_numb_neutral.wav,tess,tess_OAF
7743,neutral,data/tess/OAF_neutral/OAF_pad_neutral.wav,tess,tess_OAF
7744,neutral,data/tess/OAF_neutral/OAF_page_neutral.wav,tess,tess_OAF
7745,neutral,data/tess/OAF_neutral/OAF_pain_neutral.wav,tess,tess_OAF
7746,neutral,data/tess/OAF_neutral/OAF_pass_neutral.wav,tess,tess_OAF
7747,neutral,data/tess/OAF_neutral/OAF_pearl_neutral.wav,tess,tess_OAF
7748,neutral,data/tess/OAF_neutral/OAF_peg_neutral.wav,tess,tess_OAF
7749,neutral,data/tess/OAF_neutral/OAF_perch_neutral.wav,tess,tess_OAF
7750,neutral,data/tess/OAF_neutral/OAF_phone_neutral.wav,tess,tess_OAF
7751,neutral,data/tess/OAF_neutral/OAF_pick_neutral.wav,tess,tess_OAF
7752,neutral,data/tess/OAF_neutral/OAF_pike_neutral.wav,tess,tess_OAF
7753,neutral,data/tess/OAF_neutral/OAF_pole_neutral.wav,tess,tess_OAF
7754,neutral,data/tess/OAF_neutral/OAF_pool_neutral.wav,tess,tess_OAF
7755,neutral,data/tess/OAF_neutral/OAF_puff_neutral.wav,tess,tess_OAF
7756,neutral,data/tess/OAF_neutral/OAF_rag_neutral.wav,tess,tess_OAF
7757,neutral,data/tess/OAF_neutral/OAF_raid_neutral.wav,tess,tess_OAF
7758,neutral,data/tess/OAF_neutral/OAF_rain_neutral.wav,tess,tess_OAF
7759,neutral,data/tess/OAF_neutral/OAF_raise_neutral.wav,tess,tess_OAF
7760,neutral,data/tess/OAF_neutral/OAF_rat_neutral.wav,tess,tess_OAF
7761,neutral,data/tess/OAF_neutral/OAF_reach_neutral.wav,tess,tess_OAF
7762,neutral,data/tess/OAF_neutral/OAF_read_neutral.wav,tess,tess_OAF
7763,neutral,data/tess/OAF_neutral/OAF_red_neutral.wav,tess,tess_OAF
7764,neutral,data/tess/OAF_neutral/OAF_ring_neutral.wav,tess,tess_OAF
7765,neutral,data/tess/OAF_neutral/OAF_ripe_neutral.wav,tess,tess_OAF
7766,neutral,data/tess/OAF_neutral/OAF_road_neutral.wav,tess,tess_OAF
7767,neutral,data/tess/OAF_neutral/OAF_room_neutral.wav,tess,tess_OAF
7768,neutral,data/tess/OAF_neutral/OAF_rose_neutral.wav,tess,tess_OAF
7769,neutral,data/tess/OAF_neutral/OAF_rot_neutral.wav,tess,tess_OAF
7770,neutral,data/tess/OAF_neutral/OAF_rough_neutral.wav,tess,tess_OAF
7771,neutral,data/tess/OAF_neutral/OAF_rush_neutral.wav,tess,tess_OAF
7772,neutral,data/tess/OAF_neutral/OAF_said_neutral.wav,tess,tess_OAF
7773,neutral,data/tess/OAF_neutral/OAF_sail_neutral.wav,tess,tess_OAF
7774,neutral,data/tess/OAF_neutral/OAF_search_neutral.wav,tess,tess_OAF
7775,neutral,data/tess/OAF_neutral/OAF_seize_neutral.wav,tess,tess_OAF
7776,neutral,data/tess/OAF_neutral/OAF_sell_neutral.wav,tess,tess_OAF
7777,neutral,data/tess/OAF_neutral/OAF_shack_neutral.wav,tess,tess_OAF
7778,neutral,data/tess/OAF_neutral/OAF_shall_neutral.wav,tess,tess_OAF
7779,neutral,data/tess/OAF_neutral/OAF_shawl_neutral.wav,tess,tess_OAF
7780,neutral,data/tess/OAF_neutral/OAF_sheep_neutral.wav,tess,tess_OAF
7781,neutral,data/tess/OAF_neutral/OAF_shirt_neutral.wav,tess,tess_OAF
7782,neutral,data/tess/OAF_neutral/OAF_should_neutral.wav,tess,tess_OAF
7783,neutral,data/tess/OAF_neutral/OAF_shout_neutral.wav,tess,tess_OAF
7784,neutral,data/tess/OAF_neutral/OAF_size_neutral.wav,tess,tess_OAF
7785,neutral,data/tess/OAF_neutral/OAF_soap_neutral.wav,tess,tess_OAF
7786,neutral,data/tess/OAF_neutral/OAF_soup_neutral.wav,tess,tess_OAF
7787,neutral,data/tess/OAF_neutral/OAF_sour_neutral.wav,tess,tess_OAF
7788,neutral,data/tess/OAF_neutral/OAF_south_neutral.wav,tess,tess_OAF
7789,neutral,data/tess/OAF_neutral/OAF_sub_neutral.wav,tess,tess_OAF
7790,neutral,data/tess/OAF_neutral/OAF_such_neutral.wav,tess,tess_OAF
7791,neutral,data/tess/OAF_neutral/OAF_sure_neutral.wav,tess,tess_OAF
7792,neutral,data/tess/OAF_neutral/OAF_take_neutral.wav,tess,tess_OAF
7793,neutral,data/tess/OAF_neutral/OAF_talk_neutral.wav,tess,tess_OAF
7794,neutral,data/tess/OAF_neutral/OAF_tape_neutral.wav,tess,tess_OAF
7795,neutral,data/tess/OAF_neutral/OAF_team_neutral.wav,tess,tess_OAF
7796,neutral,data/tess/OAF_neutral/OAF_tell_neutral.wav,tess,tess_OAF
7797,neutral,data/tess/OAF_neutral/OAF_thin_neutral.wav,tess,tess_OAF
7798,neutral,data/tess/OAF_neutral/OAF_third_neutral.wav,tess,tess_OAF
7799,neutral,data/tess/OAF_neutral/OAF_thought_neutral.wav,tess,tess_OAF
7800,neutral,data/tess/OAF_neutral/OAF_thumb_neutral.wav,tess,tess_OAF
7801,neutral,data/tess/OAF_neutral/OAF_time_neutral.wav,tess,tess_OAF
7802,neutral,data/tess/OAF_neutral/OAF_tip_neutral.wav,tess,tess_OAF
7803,neutral,data/tess/OAF_neutral/OAF_tire_neutral.wav,tess,tess_OAF
7804,neutral,data/tess/OAF_neutral/OAF_ton_neutral.wav,tess,tess_OAF
7805,neutral,data/tess/OAF_neutral/OAF_tool_neutral.wav,tess,tess_OAF
7806,neutral,data/tess/OAF_neutral/OAF_tough_neutral.wav,tess,tess_OAF
7807,neutral,data/tess/OAF_neutral/OAF_turn_neutral.wav,tess,tess_OAF
7808,neutral,data/tess/OAF_neutral/OAF_vine_neutral.wav,tess,tess_OAF
7809,neutral,data/tess/OAF_neutral/OAF_voice_neutral.wav,tess,tess_OAF
7810,neutral,data/tess/OAF_neutral/OAF_void_neutral.wav,tess,tess_OAF
7811,neutral,data/tess/OAF_neutral/OAF_vote_neutral.wav,tess,tess_OAF
7812,neutral,data/tess/OAF_neutral/OAF_wag_neutral.wav,tess,tess_OAF
7813,neutral,data/tess/OAF_neutral/OAF_walk_neutral.wav,tess,tess_OAF
7814,neutral,data/tess/OAF_neutral/OAF_wash_neutral.wav,tess,tess_OAF
7815,neutral,data/tess/OAF_neutral/OAF_week_neutral.wav,tess,tess_OAF
7816,neutral,data/tess/OAF_neutral/OAF_wheat_neutral.wav,tess,tess_OAF
7817,neutral,data/tess/OAF_neutral/OAF_when_neutral.wav,tess,tess_OAF
7818,neutral,data/tess/OAF_neutral/OAF_which_neutral.wav,tess,tess_OAF
7819,neutral,data/tess/OAF_neutral/OAF_whip_neutral.wav,tess,tess_OAF
7820,neutral,data/tess/OAF_neutral/OAF_white_neutral.wav,tess,tess_OAF
7821,neutral,data/tess/OAF_neutral/OAF_wife_neutral.wav,tess,tess_OAF
7822,neutral,data/tess/OAF_neutral/OAF_wire_neutral.wav,tess,tess_OAF
7823,neutral,data/tess/OAF_neutral/OAF_witch_neutral.wav,tess,tess_OAF
7824,neutral,data/tess/OAF_neutral/OAF_yearn_neutral.wav,tess,tess_OAF
7825,neutral,data/tess/OAF_neutral/OAF_yes_neutral.wav,tess,tess_OAF
7826,neutral,data/tess/OAF_neutral/OAF_young_neutral.wav,tess,tess_OAF
7827,neutral,data/tess/OAF_neutral/OAF_youth_neutral.wav,tess,tess_OAF
7828,neutral,data/tess/TESS Toronto emotional speech set data/OAF_neutral/OAF_back_neutral.wav,tess,tess_OAF
7829,neutral,data/tess/TESS Toronto emotional speech set data/OAF_neutral/OAF_bar_neutral.wav,tess,tess_OAF
7830,neutral,data/tess/TESS Toronto emotional speech set data/OAF_neutral/OAF_base_neutral.wav,tess,tess_OAF
7831,neutral,data/tess/TESS Toronto emotional speech set data/OAF_neutral/OAF_bath_neutral.wav,tess,tess_OAF
7832,neutral,data/tess/TESS Toronto emotional speech set data/OAF_neutral/OAF_bean_neutral.wav,tess,tess_OAF
7833,neutral,data/tess/TESS Toronto emotional speech set data/OAF_neutral/OAF_beg_neutral.wav,tess,tess_OAF
7834,neutral,data/tess/TESS Toronto emotional speech set data/OAF_neutral/OAF_boat_neutral.wav,tess,tess_OAF
7835,neutral,data/tess/TESS Toronto emotional speech set data/OAF_neutral/OAF_bone_neutral.wav,tess,tess_OAF
7836,neutral,data/tess/TESS Toronto emotional speech set data/OAF_neutral/OAF_book_neutral.wav,tess,tess_OAF
7837,neutral,data/tess/TESS Toronto emotional speech set data/OAF_neutral/OAF_bought_neutral.wav,tess,tess_OAF
7838,neutral,data/tess/TESS Toronto emotional speech set data/OAF_neutral/OAF_burn_neutral.wav,tess,tess_OAF
7839,neutral,data/tess/TESS Toronto emotional speech set data/OAF_neutral/OAF_cab_neutral.wav,tess,tess_OAF
7840,neutral,data/tess/TESS Toronto emotional speech set data/OAF_neutral/OAF_calm_neutral.wav,tess,tess_OAF
7841,neutral,data/tess/TESS Toronto emotional speech set data/OAF_neutral/OAF_came_neutral.wav,tess,tess_OAF
7842,neutral,data/tess/TESS Toronto emotional speech set data/OAF_neutral/OAF_cause_neutral.wav,tess,tess_OAF
7843,neutral,data/tess/TESS Toronto emotional speech set data/OAF_neutral/OAF_chain_neutral.wav,tess,tess_OAF
7844,neutral,data/tess/TESS Toronto emotional speech set data/OAF_neutral/OAF_chair_neutral.wav,tess,tess_OAF
7845,neutral,data/tess/TESS Toronto emotional speech set data/OAF_neutral/OAF_chalk_neutral.wav,tess,tess_OAF
7846,neutral,data/tess/TESS Toronto emotional speech set data/OAF_neutral/OAF_chat_neutral.wav,tess,tess_OAF
7847,neutral,data/tess/TESS Toronto emotional speech set data/OAF_neutral/OAF_check_neutral.wav,tess,tess_OAF
7848,neutral,data/tess/TESS Toronto emotional speech set data/OAF_neutral/OAF_cheek_neutral.wav,tess,tess_OAF
7849,neutral,data/tess/TESS Toronto emotional speech set data/OAF_neutral/OAF_chief_neutral.wav,tess,tess_OAF
7850,neutral,data/tess/TESS Toronto emotional speech set data/OAF_neutral/OAF_choice_neutral.wav,tess,tess_OAF
7851,neutral,data/tess/TESS Toronto emotional speech set data/OAF_neutral/OAF_cool_neutral.wav,tess,tess_OAF
7852,neutral,data/tess/TESS Toronto emotional speech set data/OAF_neutral/OAF_dab_neutral.wav,tess,tess_OAF
7853,neutral,data/tess/TESS Toronto emotional speech set data/OAF_neutral/OAF_date_neutral.wav,tess,tess_OAF
7854,neutral,data/tess/TESS Toronto emotional speech set data/OAF_neutral/OAF_dead_neutral.wav,tess,tess_OAF
7855,neutral,data/tess/TESS Toronto emotional speech set data/OAF_neutral/OAF_death_neutral.wav,tess,tess_OAF
7856,neutral,data/tess/TESS Toronto emotional speech set data/OAF_neutral/OAF_deep_neutral.wav,tess,tess_OAF
7857,neutral,data/tess/TESS Toronto emotional speech set data/OAF_neutral/OAF_dime_neutral.wav,tess,tess_OAF
7858,neutral,data/tess/TESS Toronto emotional speech set data/OAF_neutral/OAF_dip_neutral.wav,tess,tess_OAF
7859,neutral,data/tess/TESS Toronto emotional speech set data/OAF_neutral/OAF_ditch_neutral.wav,tess,tess_OAF
7860,neutral,data/tess/TESS Toronto emotional speech set data/OAF_neutral/OAF_dodge_neutral.wav,tess,tess_OAF
7861,neutral,data/tess/TESS Toronto emotional speech set data/OAF_neutral/OAF_dog_neutral.wav,tess,tess_OAF
7862,neutral,data/tess/TESS Toronto emotional speech set data/OAF_neutral/OAF_doll_neutral.wav,tess,tess_OAF
7863,neutral,data/tess/TESS Toronto emotional speech set data/OAF_neutral/OAF_door_neutral.wav,tess,tess_OAF
7864,neutral,data/tess/TESS Toronto emotional speech set data/OAF_neutral/OAF_fail_neutral.wav,tess,tess_OAF
7865,neutral,data/tess/TESS Toronto emotional speech set data/OAF_neutral/OAF_fall_neutral.wav,tess,tess_OAF
7866,neutral,data/tess/TESS Toronto emotional speech set data/OAF_neutral/OAF_far_neutral.wav,tess,tess_OAF
7867,neutral,data/tess/TESS Toronto emotional speech set data/OAF_neutral/OAF_fat_neutral.wav,tess,tess_OAF
7868,neutral,data/tess/TESS Toronto emotional speech set data/OAF_neutral/OAF_fit_neutral.wav,tess,tess_OAF
7869,neutral,data/tess/TESS Toronto emotional speech set data/OAF_neutral/OAF_five_neutral.wav,tess,tess_OAF
7870,neutral,data/tess/TESS Toronto emotional speech set data/OAF_neutral/OAF_food_neutral.wav,tess,tess_OAF
7871,neutral,data/tess/TESS Toronto emotional speech set data/OAF_neutral/OAF_gap_neutral.wav,tess,tess_OAF
7872,neutral,data/tess/TESS Toronto emotional speech set data/OAF_neutral/OAF_gas_neutral.wav,tess,tess_OAF
7873,neutral,data/tess/TESS Toronto emotional speech set data/OAF_neutral/OAF_gaze_neutral.wav,tess,tess_OAF
7874,neutral,data/tess/TESS Toronto emotional speech set data/OAF_neutral/OAF_germ_neutral.wav,tess,tess_OAF
7875,neutral,data/tess/TESS Toronto emotional speech set data/OAF_neutral/OAF_get_neutral.wav,tess,tess_OAF
7876,neutral,data/tess/TESS Toronto emotional speech set data/OAF_neutral/OAF_gin_neutral.wav,tess,tess_OAF
7877,neutral,data/tess/TESS Toronto emotional speech set data/OAF_neutral/OAF_goal_neutral.wav,tess,tess_OAF
7878,neutral,data/tess/TESS Toronto emotional speech set data/OAF_neutral/OAF_good_neutral.wav,tess,tess_OAF
7879,neutral,data/tess/TESS Toronto emotional speech set data/OAF_neutral/OAF_goose_neutral.wav,tess,tess_OAF
7880,neutral,data/tess/TESS Toronto emotional speech set data/OAF_neutral/OAF_gun_neutral.wav,tess,tess_OAF
7881,neutral,data/tess/TESS Toronto emotional speech set data/OAF_neutral/OAF_half_neutral.wav,tess,tess_OAF
7882,neutral,data/tess/TESS Toronto emotional speech set data/OAF_neutral/OAF_hall_neutral.wav,tess,tess_OAF
7883,neutral,data/tess/TESS Toronto emotional speech set data/OAF_neutral/OAF_hash_neutral.wav,tess,tess_OAF
7884,neutral,data/tess/TESS Toronto emotional speech set data/OAF_neutral/OAF_hate_neutral.wav,tess,tess_OAF
7885,neutral,data/tess/TESS Toronto emotional speech set data/OAF_neutral/OAF_have_neutral.wav,tess,tess_OAF
7886,neutral,data/tess/TESS Toronto emotional speech set data/OAF_neutral/OAF_haze_neutral.wav,tess,tess_OAF
7887,neutral,data/tess/TESS Toronto emotional speech set data/OAF_neutral/OAF_hire_neutral.wav,tess,tess_OAF
7888,neutral,data/tess/TESS Toronto emotional speech set data/OAF_neutral/OAF_hit_neutral.wav,tess,tess_OAF
7889,neutral,data/tess/TESS Toronto emotional speech set data/OAF_neutral/OAF_hole_neutral.wav,tess,tess_OAF
7890,neutral,data/tess/TESS Toronto emotional speech set data/OAF_neutral/OAF_home_neutral.wav,tess,tess_OAF
7891,neutral,data/tess/TESS Toronto emotional speech set data/OAF_neutral/OAF_hurl_neutral.wav,tess,tess_OAF
7892,neutral,data/tess/TESS Toronto emotional speech set data/OAF_neutral/OAF_hush_neutral.wav,tess,tess_OAF
7893,neutral,data/tess/TESS Toronto emotional speech set data/OAF_neutral/OAF_jail_neutral.wav,tess,tess_OAF
7894,neutral,data/tess/TESS Toronto emotional speech set data/OAF_neutral/OAF_jar_neutral.wav,tess,tess_OAF
7895,neutral,data/tess/TESS Toronto emotional speech set data/OAF_neutral/OAF_join_neutral.wav,tess,tess_OAF
7896,neutral,data/tess/TESS Toronto emotional speech set data/OAF_neutral/OAF_judge_neutral.wav,tess,tess_OAF
7897,neutral,data/tess/TESS Toronto emotional speech set data/OAF_neutral/OAF_jug_neutral.wav,tess,tess_OAF
7898,neutral,data/tess/TESS Toronto emotional speech set data/OAF_neutral/OAF_juice_neutral.wav,tess,tess_OAF
7899,neutral,data/tess/TESS Toronto emotional speech set data/OAF_neutral/OAF_keen_neutral.wav,tess,tess_OAF
7900,neutral,data/tess/TESS Toronto emotional speech set data/OAF_neutral/OAF_keep_neutral.wav,tess,tess_OAF
7901,neutral,data/tess/TESS Toronto emotional speech set data/OAF_neutral/OAF_keg_neutral.wav,tess,tess_OAF
7902,neutral,data/tess/TESS Toronto emotional speech set data/OAF_neutral/OAF_kick_neutral.wav,tess,tess_OAF
7903,neutral,data/tess/TESS Toronto emotional speech set data/OAF_neutral/OAF_kill_neutral.wav,tess,tess_OAF
7904,neutral,data/tess/TESS Toronto emotional speech set data/OAF_neutral/OAF_king_neutral.wav,tess,tess_OAF
7905,neutral,data/tess/TESS Toronto emotional speech set data/OAF_neutral/OAF_kite_neutral.wav,tess,tess_OAF
7906,neutral,data/tess/TESS Toronto emotional speech set data/OAF_neutral/OAF_knock_neutral.wav,tess,tess_OAF
7907,neutral,data/tess/TESS Toronto emotional speech set data/OAF_neutral/OAF_late_neutral.wav,tess,tess_OAF
7908,neutral,data/tess/TESS Toronto emotional speech set data/OAF_neutral/OAF_laud_neutral.wav,tess,tess_OAF
7909,neutral,data/tess/TESS Toronto emotional speech set data/OAF_neutral/OAF_lean_neutral.wav,tess,tess_OAF
7910,neutral,data/tess/TESS Toronto emotional speech set data/OAF_neutral/OAF_learn_neutral.wav,tess,tess_OAF
7911,neutral,data/tess/TESS Toronto emotional speech set data/OAF_neutral/OAF_lease_neutral.wav,tess,tess_OAF
7912,neutral,data/tess/TESS Toronto emotional speech set data/OAF_neutral/OAF_lid_neutral.wav,tess,tess_OAF
7913,neutral,data/tess/TESS Toronto emotional speech set data/OAF_neutral/OAF_life_neutral.wav,tess,tess_OAF
7914,neutral,data/tess/TESS Toronto emotional speech set data/OAF_neutral/OAF_limb_neutral.wav,tess,tess_OAF
7915,neutral,data/tess/TESS Toronto emotional speech set data/OAF_neutral/OAF_live_neutral.wav,tess,tess_OAF
7916,neutral,data/tess/TESS Toronto emotional speech set data/OAF_neutral/OAF_loaf_neutral.wav,tess,tess_OAF
7917,neutral,data/tess/TESS Toronto emotional speech set data/OAF_neutral/OAF_long_neutral.wav,tess,tess_OAF
7918,neutral,data/tess/TESS Toronto emotional speech set data/OAF_neutral/OAF_lore_neutral.wav,tess,tess_OAF
7919,neutral,data/tess/TESS Toronto emotional speech set data/OAF_neutral/OAF_lose_neutral.wav,tess,tess_OAF
7920,neutral,data/tess/TESS Toronto emotional speech set data/OAF_neutral/OAF_lot_neutral.wav,tess,tess_OAF
7921,neutral,data/tess/TESS Toronto emotional speech set data/OAF_neutral/OAF_love_neutral.wav,tess,tess_OAF
7922,neutral,data/tess/TESS Toronto emotional speech set data/OAF_neutral/OAF_luck_neutral.wav,tess,tess_OAF
7923,neutral,data/tess/TESS Toronto emotional speech set data/OAF_neutral/OAF_make_neutral.wav,tess,tess_OAF
7924,neutral,data/tess/TESS Toronto emotional speech set data/OAF_neutral/OAF_match_neutral.wav,tess,tess_OAF
7925,neutral,data/tess/TESS Toronto emotional speech set data/OAF_neutral/OAF_merge_neutral.wav,tess,tess_OAF
7926,neutral,data/tess/TESS Toronto emotional speech set data/OAF_neutral/OAF_mess_neutral.wav,tess,tess_OAF
7927,neutral,data/tess/TESS Toronto emotional speech set data/OAF_neutral/OAF_met_neutral.wav,tess,tess_OAF
7928,neutral,data/tess/TESS Toronto emotional speech set data/OAF_neutral/OAF_mill_neutral.wav,tess,tess_OAF
7929,neutral,data/tess/TESS Toronto emotional speech set data/OAF_neutral/OAF_mob_neutral.wav,tess,tess_OAF
7930,neutral,data/tess/TESS Toronto emotional speech set data/OAF_neutral/OAF_mode_neutral.wav,tess,tess_OAF
7931,neutral,data/tess/TESS Toronto emotional speech set data/OAF_neutral/OAF_mood_neutral.wav,tess,tess_OAF
7932,neutral,data/tess/TESS Toronto emotional speech set data/OAF_neutral/OAF_moon_neutral.wav,tess,tess_OAF
7933,neutral,data/tess/TESS Toronto emotional speech set data/OAF_neutral/OAF_mop_neutral.wav,tess,tess_OAF
7934,neutral,data/tess/TESS Toronto emotional speech set data/OAF_neutral/OAF_mouse_neutral.wav,tess,tess_OAF
7935,neutral,data/tess/TESS Toronto emotional speech set data/OAF_neutral/OAF_nag_neutral.wav,tess,tess_OAF
7936,neutral,data/tess/TESS Toronto emotional speech set data/OAF_neutral/OAF_name_neutral.wav,tess,tess_OAF
7937,neutral,data/tess/TESS Toronto emotional speech set data/OAF_neutral/OAF_near_neutral.wav,tess,tess_OAF
7938,neutral,data/tess/TESS Toronto emotional speech set data/OAF_neutral/OAF_neat_neutral.wav,tess,tess_OAF
7939,neutral,data/tess/TESS Toronto emotional speech set data/OAF_neutral/OAF_nice_neutral.wav,tess,tess_OAF
7940,neutral,data/tess/TESS Toronto emotional speech set data/OAF_neutral/OAF_note_neutral.wav,tess,tess_OAF
7941,neutral,data/tess/TESS Toronto emotional speech set data/OAF_neutral/OAF_numb_neutral.wav,tess,tess_OAF
7942,neutral,data/tess/TESS Toronto emotional speech set data/OAF_neutral/OAF_pad_neutral.wav,tess,tess_OAF
7943,neutral,data/tess/TESS Toronto emotional speech set data/OAF_neutral/OAF_page_neutral.wav,tess,tess_OAF
7944,neutral,data/tess/TESS Toronto emotional speech set data/OAF_neutral/OAF_pain_neutral.wav,tess,tess_OAF
7945,neutral,data/tess/TESS Toronto emotional speech set data/OAF_neutral/OAF_pass_neutral.wav,tess,tess_OAF
7946,neutral,data/tess/TESS Toronto emotional speech set data/OAF_neutral/OAF_pearl_neutral.wav,tess,tess_OAF
7947,neutral,data/tess/TESS Toronto emotional speech set data/OAF_neutral/OAF_peg_neutral.wav,tess,tess_OAF
7948,neutral,data/tess/TESS Toronto emotional speech set data/OAF_neutral/OAF_perch_neutral.wav,tess,tess_OAF
7949,neutral,data/tess/TESS Toronto emotional speech set data/OAF_neutral/OAF_phone_neutral.wav,tess,tess_OAF
7950,neutral,data/tess/TESS Toronto emotional speech set data/OAF_neutral/OAF_pick_neutral.wav,tess,tess_OAF
7951,neutral,data/tess/TESS Toronto emotional speech set data/OAF_neutral/OAF_pike_neutral.wav,tess,tess_OAF
7952,neutral,data/tess/TESS Toronto emotional speech set data/OAF_neutral/OAF_pole_neutral.wav,tess,tess_OAF
7953,neutral,data/tess/TESS Toronto emotional speech set data/OAF_neutral/OAF_pool_neutral.wav,tess,tess_OAF
7954,neutral,data/tess/TESS Toronto emotional speech set data/OAF_neutral/OAF_puff_neutral.wav,tess,tess_OAF
7955,neutral,data/tess/TESS Toronto emotional speech set data/OAF_neutral/OAF_rag_neutral.wav,tess,tess_OAF
7956,neutral,data/tess/TESS Toronto emotional speech set data/OAF_neutral/OAF_raid_neutral.wav,tess,tess_OAF
7957,neutral,data/tess/TESS Toronto emotional speech set data/OAF_neutral/OAF_rain_neutral.wav,tess,tess_OAF
7958,neutral,data/tess/TESS Toronto emotional speech set data/OAF_neutral/OAF_raise_neutral.wav,tess,tess_OAF
7959,neutral,data/tess/TESS Toronto emotional speech set data/OAF_neutral/OAF_rat_neutral.wav,tess,tess_OAF
7960,neutral,data/tess/TESS Toronto emotional speech set data/OAF_neutral/OAF_reach_neutral.wav,tess,tess_OAF
7961,neutral,data/tess/TESS Toronto emotional speech set data/OAF_neutral/OAF_read_neutral.wav,tess,tess_OAF
7962,neutral,data/tess/TESS Toronto emotional speech set data/OAF_neutral/OAF_red_neutral.wav,tess,tess_OAF
7963,neutral,data/tess/TESS Toronto emotional speech set data/OAF_neutral/OAF_ring_neutral.wav,tess,tess_OAF
7964,neutral,data/tess/TESS Toronto emotional speech set data/OAF_neutral/OAF_ripe_neutral.wav,tess,tess_OAF
7965,neutral,data/tess/TESS Toronto emotional speech set data/OAF_neutral/OAF_road_neutral.wav,tess,tess_OAF
7966,neutral,data/tess/TESS Toronto emotional speech set data/OAF_neutral/OAF_room_neutral.wav,tess,tess_OAF
7967,neutral,data/tess/TESS Toronto emotional speech set data/OAF_neutral/OAF_rose_neutral.wav,tess,tess_OAF
7968,neutral,data/tess/TESS Toronto emotional speech set data/OAF_neutral/OAF_rot_neutral.wav,tess,tess_OAF
7969,neutral,data/tess/TESS Toronto emotional speech set data/OAF_neutral/OAF_rough_neutral.wav,tess,tess_OAF
7970,neutral,data/tess/TESS Toronto emotional speech set data/OAF_neutral/OAF_rush_neutral.wav,tess,tess_OAF
7971,neutral,data/tess/TESS Toronto emotional speech set data/OAF_neutral/OAF_said_neutral.wav,tess,tess_OAF
7972,neutral,data/tess/TESS Toronto emotional speech set data/OAF_neutral/OAF_sail_neutral.wav,tess,tess_OAF
7973,neutral,data/tess/TESS Toronto emotional speech set data/OAF_neutral/OAF_search_neutral.wav,tess,tess_OAF
7974,neutral,data/tess/TESS Toronto emotional speech set data/OAF_neutral/OAF_seize_neutral.wav,tess,tess_OAF
7975,neutral,data/tess/TESS Toronto emotional speech set data/OAF_neutral/OAF_sell_neutral.wav,tess,tess_OAF
7976,neutral,data/tess/TESS Toronto emotional speech set data/OAF_neutral/OAF_shack_neutral.wav,tess,tess_OAF
7977,neutral,data/tess/TESS Toronto emotional speech set data/OAF_neutral/OAF_shall_neutral.wav,tess,tess_OAF
7978,neutral,data/tess/TESS Toronto emotional speech set data/OAF_neutral/OAF_shawl_neutral.wav,tess,tess_OAF
7979,neutral,data/tess/TESS Toronto emotional speech set data/OAF_neutral/OAF_sheep_neutral.wav,tess,tess_OAF
7980,neutral,data/tess/TESS Toronto emotional speech set data/OAF_neutral/OAF_shirt_neutral.wav,tess,tess_OAF
7981,neutral,data/tess/TESS Toronto emotional speech set data/OAF_neutral/OAF_should_neutral.wav,tess,tess_OAF
7982,neutral,data/tess/TESS Toronto emotional speech set data/OAF_neutral/OAF_shout_neutral.wav,tess,tess_OAF
7983,neutral,data/tess/TESS Toronto emotional speech set data/OAF_neutral/OAF_size_neutral.wav,tess,tess_OAF
7984,neutral,data/tess/TESS Toronto emotional speech set data/OAF_neutral/OAF_soap_neutral.wav,tess,tess_OAF
7985,neutral,data/tess/TESS Toronto emotional speech set data/OAF_neutral/OAF_soup_neutral.wav,tess,tess_OAF
7986,neutral,data/tess/TESS Toronto emotional speech set data/OAF_neutral/OAF_sour_neutral.wav,tess,tess_OAF
7987,neutral,data/tess/TESS Toronto emotional speech set data/OAF_neutral/OAF_south_neutral.wav,tess,tess_OAF
7988,neutral,data/tess/TESS Toronto emotional speech set data/OAF_neutral/OAF_sub_neutral.wav,tess,tess_OAF
7989,neutral,data/tess/TESS Toronto emotional speech set data/OAF_neutral/OAF_such_neutral.wav,tess,tess_OAF
7990,neutral,data/tess/TESS Toronto emotional speech set data/OAF_neutral/OAF_sure_neutral.wav,tess,tess_OAF
7991,neutral,data/tess/TESS Toronto emotional speech set data/OAF_neutral/OAF_take_neutral.wav,tess,tess_OAF
7992,neutral,data/tess/TESS Toronto emotional speech set data/OAF_neutral/OAF_talk_neutral.wav,tess,tess_OAF
7993,neutral,data/tess/TESS Toronto emotional speech set data/OAF_neutral/OAF_tape_neutral.wav,tess,tess_OAF
7994,neutral,data/tess/TESS Toronto emotional speech set data/OAF_neutral/OAF_team_neutral.wav,tess,tess_OAF
7995,neutral,data/tess/TESS Toronto emotional speech set data/OAF_neutral/OAF_tell_neutral.wav,tess,tess_OAF
7996,neutral,data/tess/TESS Toronto emotional speech set data/OAF_neutral/OAF_thin_neutral.wav,tess,tess_OAF
7997,neutral,data/tess/TESS Toronto emotional speech set data/OAF_neutral/OAF_third_neutral.wav,tess,tess_OAF
7998,neutral,data/tess/TESS Toronto emotional speech set data/OAF_neutral/OAF_thought_neutral.wav,tess,tess_OAF
7999,neutral,data/tess/TESS Toronto emotional speech set data/OAF_neutral/OAF_thumb_neutral.wav,tess,tess_OAF
8000,neutral,data/tess/TESS Toronto emotional speech set data/OAF_neutral/OAF_time_neutral.wav,tess,tess_OAF
8001,neutral,data/tess/TESS Toronto emotional speech set data/OAF_neutral/OAF_tip_neutral.wav,tess,tess_OAF
8002,neutral,data/tess/TESS Toronto emotional speech set data/OAF_neutral/OAF_tire_neutral.wav,tess,tess_OAF
8003,neutral,data/tess/TESS Toronto emotional speech set data/OAF_neutral/OAF_ton_neutral.wav,tess,tess_OAF
8004,neutral,data/tess/TESS Toronto emotional speech set data/OAF_neutral/OAF_tool_neutral.wav,tess,tess_OAF
8005,neutral,data/tess/TESS Toronto emotional speech set data/OAF_neutral/OAF_tough_neutral.wav,tess,tess_OAF
8006,neutral,data/tess/TESS Toronto emotional speech set data/OAF_neutral/OAF_turn_neutral.wav,tess,tess_OAF
8007,neutral,data/tess/TESS Toronto emotional speech set data/OAF_neutral/OAF_vine_neutral.wav,tess,tess_OAF
8008,neutral,data/tess/TESS Toronto emotional speech set data/OAF_neutral/OAF_voice_neutral.wav,tess,tess_OAF
8009,neutral,data/tess/TESS Toronto emotional speech set data/OAF_neutral/OAF_void_neutral.wav,tess,tess_OAF
8010,neutral,data/tess/TESS Toronto emotional speech set data/OAF_neutral/OAF_vote_neutral.wav,tess,tess_OAF
8011,neutral,data/tess/TESS Toronto emotional speech set data/OAF_neutral/OAF_wag_neutral.wav,tess,tess_OAF
8012,neutral,data/tess/TESS Toronto emotional speech set data/OAF_neutral/OAF_walk_neutral.wav,tess,tess_OAF
8013,neutral,data/tess/TESS Toronto emotional speech set data/OAF_neutral/OAF_wash_neutral.wav,tess,tess_OAF
8014,neutral,data/tess/TESS Toronto emotional speech set data/OAF_neutral/OAF_week_neutral.wav,tess,tess_OAF
8015,neutral,data/tess/TESS Toronto emotional speech set data/OAF_neutral/OAF_wheat_neutral.wav,tess,tess_OAF
8016,neutral,data/tess/TESS Toronto emotional speech set data/OAF_neutral/OAF_when_neutral.wav,tess,tess_OAF
8017,neutral,data/tess/TESS Toronto emotional speech set data/OAF_neutral/OAF_which_neutral.wav,tess,tess_OAF
8018,neutral,data/tess/TESS Toronto emotional speech set data/OAF_neutral/OAF_whip_neutral.wav,tess,tess_OAF
8019,neutral,data/tess/TESS Toronto emotional speech set data/OAF_neutral/OAF_white_neutral.wav,tess,tess_OAF
8020,neutral,data/tess/TESS Toronto emotional speech set data/OAF_neutral/OAF_wife_neutral.wav,tess,tess_OAF
8021,neutral,data/tess/TESS Toronto emotional speech set data/OAF_neutral/OAF_wire_neutral.wav,tess,tess_OAF
8022,neutral,data/tess/TESS Toronto emotional speech set data/OAF_neutral/OAF_witch_neutral.wav,tess,tess_OAF
8023,neutral,data/tess/TESS Toronto emotional speech set data/OAF_neutral/OAF_yearn_neutral.wav,tess,tess_OAF
8024,neutral,data/tess/TESS Toronto emotional speech set data/OAF_neutral/OAF_yes_neutral.wav,tess,tess_OAF
8025,neutral,data/tess/TESS Toronto emotional speech set data/OAF_neutral/OAF_young_neutral.wav,tess,tess_OAF
8026,neutral,data/tess/TESS Toronto emotional speech set data/OAF_neutral/OAF_youth_neutral.wav,tess,tess_OAF
8027,neutral,data/tess/TESS Toronto emotional speech set data/YAF_neutral/YAF_back_neutral.wav,tess,tess_YAF
8028,neutral,data/tess/TESS Toronto emotional speech set data/YAF_neutral/YAF_bar_neutral.wav,tess,tess_YAF
8029,neutral,data/tess/TESS Toronto emotional speech set data/YAF_neutral/YAF_base_neutral.wav,tess,tess_YAF
8030,neutral,data/tess/TESS Toronto emotional speech set data/YAF_neutral/YAF_bath_neutral.wav,tess,tess_YAF
8031,neutral,data/tess/TESS Toronto emotional speech set data/YAF_neutral/YAF_bean_neutral.wav,tess,tess_YAF
8032,neutral,data/tess/TESS Toronto emotional speech set data/YAF_neutral/YAF_beg_neutral.wav,tess,tess_YAF
8033,neutral,data/tess/TESS Toronto emotional speech set data/YAF_neutral/YAF_bite_neutral.wav,tess,tess_YAF
8034,neutral,data/tess/TESS Toronto emotional speech set data/YAF_neutral/YAF_boat_neutral.wav,tess,tess_YAF
8035,neutral,data/tess/TESS Toronto emotional speech set data/YAF_neutral/YAF_bone_neutral.wav,tess,tess_YAF
8036,neutral,data/tess/TESS Toronto emotional speech set data/YAF_neutral/YAF_book_neutral.wav,tess,tess_YAF
8037,neutral,data/tess/TESS Toronto emotional speech set data/YAF_neutral/YAF_bought_neutral.wav,tess,tess_YAF
8038,neutral,data/tess/TESS Toronto emotional speech set data/YAF_neutral/YAF_burn_neutral.wav,tess,tess_YAF
8039,neutral,data/tess/TESS Toronto emotional speech set data/YAF_neutral/YAF_cab_neutral.wav,tess,tess_YAF
8040,neutral,data/tess/TESS Toronto emotional speech set data/YAF_neutral/YAF_calm_neutral.wav,tess,tess_YAF
8041,neutral,data/tess/TESS Toronto emotional speech set data/YAF_neutral/YAF_came_neutral.wav,tess,tess_YAF
8042,neutral,data/tess/TESS Toronto emotional speech set data/YAF_neutral/YAF_cause_neutral.wav,tess,tess_YAF
8043,neutral,data/tess/TESS Toronto emotional speech set data/YAF_neutral/YAF_chain_neutral.wav,tess,tess_YAF
8044,neutral,data/tess/TESS Toronto emotional speech set data/YAF_neutral/YAF_chair_neutral.wav,tess,tess_YAF
8045,neutral,data/tess/TESS Toronto emotional speech set data/YAF_neutral/YAF_chalk_neutral.wav,tess,tess_YAF
8046,neutral,data/tess/TESS Toronto emotional speech set data/YAF_neutral/YAF_chat_neutral.wav,tess,tess_YAF
8047,neutral,data/tess/TESS Toronto emotional speech set data/YAF_neutral/YAF_check_neutral.wav,tess,tess_YAF
8048,neutral,data/tess/TESS Toronto emotional speech set data/YAF_neutral/YAF_cheek_neutral.wav,tess,tess_YAF
8049,neutral,data/tess/TESS Toronto emotional speech set data/YAF_neutral/YAF_chief_neutral.wav,tess,tess_YAF
8050,neutral,data/tess/TESS Toronto emotional speech set data/YAF_neutral/YAF_choice_neutral.wav,tess,tess_YAF
8051,neutral,data/tess/TESS Toronto emotional speech set data/YAF_neutral/YAF_cool_neutral.wav,tess,tess_YAF
8052,neutral,data/tess/TESS Toronto emotional speech set data/YAF_neutral/YAF_dab_neutral.wav,tess,tess_YAF
8053,neutral,data/tess/TESS Toronto emotional speech set data/YAF_neutral/YAF_date_neutral.wav,tess,tess_YAF
8054,neutral,data/tess/TESS Toronto emotional speech set data/YAF_neutral/YAF_dead_neutral.wav,tess,tess_YAF
8055,neutral,data/tess/TESS Toronto emotional speech set data/YAF_neutral/YAF_death_neutral.wav,tess,tess_YAF
8056,neutral,data/tess/TESS Toronto emotional speech set data/YAF_neutral/YAF_deep_neutral.wav,tess,tess_YAF
8057,neutral,data/tess/TESS Toronto emotional speech set data/YAF_neutral/YAF_dime_neutral.wav,tess,tess_YAF
8058,neutral,data/tess/TESS Toronto emotional speech set data/YAF_neutral/YAF_dip_neutral.wav,tess,tess_YAF
8059,neutral,data/tess/TESS Toronto emotional speech set data/YAF_neutral/YAF_ditch_neutral.wav,tess,tess_YAF
8060,neutral,data/tess/TESS Toronto emotional speech set data/YAF_neutral/YAF_dodge_neutral.wav,tess,tess_YAF
8061,neutral,data/tess/TESS Toronto emotional speech set data/YAF_neutral/YAF_dog_neutral.wav,tess,tess_YAF
8062,neutral,data/tess/TESS Toronto emotional speech set data/YAF_neutral/YAF_doll_neutral.wav,tess,tess_YAF
8063,neutral,data/tess/TESS Toronto emotional speech set data/YAF_neutral/YAF_door_neutral.wav,tess,tess_YAF
8064,neutral,data/tess/TESS Toronto emotional speech set data/YAF_neutral/YAF_fail_neutral.wav,tess,tess_YAF
8065,neutral,data/tess/TESS Toronto emotional speech set data/YAF_neutral/YAF_fall_neutral.wav,tess,tess_YAF
8066,neutral,data/tess/TESS Toronto emotional speech set data/YAF_neutral/YAF_far_neutral.wav,tess,tess_YAF
8067,neutral,data/tess/TESS Toronto emotional speech set data/YAF_neutral/YAF_fat_neutral.wav,tess,tess_YAF
8068,neutral,data/tess/TESS Toronto emotional speech set data/YAF_neutral/YAF_fit_neutral.wav,tess,tess_YAF
8069,neutral,data/tess/TESS Toronto emotional speech set data/YAF_neutral/YAF_five_neutral.wav,tess,tess_YAF
8070,neutral,data/tess/TESS Toronto emotional speech set data/YAF_neutral/YAF_food_neutral.wav,tess,tess_YAF
8071,neutral,data/tess/TESS Toronto emotional speech set data/YAF_neutral/YAF_gap_neutral.wav,tess,tess_YAF
8072,neutral,data/tess/TESS Toronto emotional speech set data/YAF_neutral/YAF_gas_neutral.wav,tess,tess_YAF
8073,neutral,data/tess/TESS Toronto emotional speech set data/YAF_neutral/YAF_gaze_neutral.wav,tess,tess_YAF
8074,neutral,data/tess/TESS Toronto emotional speech set data/YAF_neutral/YAF_germ_neutral.wav,tess,tess_YAF
8075,neutral,data/tess/TESS Toronto emotional speech set data/YAF_neutral/YAF_get_neutral.wav,tess,tess_YAF
8076,neutral,data/tess/TESS Toronto emotional speech set data/YAF_neutral/YAF_gin_neutral.wav,tess,tess_YAF
8077,neutral,data/tess/TESS Toronto emotional speech set data/YAF_neutral/YAF_goal_neutral.wav,tess,tess_YAF
8078,neutral,data/tess/TESS Toronto emotional speech set data/YAF_neutral/YAF_good_neutral.wav,tess,tess_YAF
8079,neutral,data/tess/TESS Toronto emotional speech set data/YAF_neutral/YAF_goose_neutral.wav,tess,tess_YAF
8080,neutral,data/tess/TESS Toronto emotional speech set data/YAF_neutral/YAF_gun_neutral.wav,tess,tess_YAF
8081,neutral,data/tess/TESS Toronto emotional speech set data/YAF_neutral/YAF_half_neutral.wav,tess,tess_YAF
8082,neutral,data/tess/TESS Toronto emotional speech set data/YAF_neutral/YAF_hall_neutral.wav,tess,tess_YAF
8083,neutral,data/tess/TESS Toronto emotional speech set data/YAF_neutral/YAF_hash_neutral.wav,tess,tess_YAF
8084,neutral,data/tess/TESS Toronto emotional speech set data/YAF_neutral/YAF_hate_neutral.wav,tess,tess_YAF
8085,neutral,data/tess/TESS Toronto emotional speech set data/YAF_neutral/YAF_have_neutral.wav,tess,tess_YAF
8086,neutral,data/tess/TESS Toronto emotional speech set data/YAF_neutral/YAF_haze_neutral.wav,tess,tess_YAF
8087,neutral,data/tess/TESS Toronto emotional speech set data/YAF_neutral/YAF_hire_neutral.wav,tess,tess_YAF
8088,neutral,data/tess/TESS Toronto emotional speech set data/YAF_neutral/YAF_hit_neutral.wav,tess,tess_YAF
8089,neutral,data/tess/TESS Toronto emotional speech set data/YAF_neutral/YAF_hole_neutral.wav,tess,tess_YAF
8090,neutral,data/tess/TESS Toronto emotional speech set data/YAF_neutral/YAF_home_neutral.wav,tess,tess_YAF
8091,neutral,data/tess/TESS Toronto emotional speech set data/YAF_neutral/YAF_hurl_neutral.wav,tess,tess_YAF
8092,neutral,data/tess/TESS Toronto emotional speech set data/YAF_neutral/YAF_hush_neutral.wav,tess,tess_YAF
8093,neutral,data/tess/TESS Toronto emotional speech set data/YAF_neutral/YAF_jail_neutral.wav,tess,tess_YAF
8094,neutral,data/tess/TESS Toronto emotional speech set data/YAF_neutral/YAF_jar_neutral.wav,tess,tess_YAF
8095,neutral,data/tess/TESS Toronto emotional speech set data/YAF_neutral/YAF_join_neutral.wav,tess,tess_YAF
8096,neutral,data/tess/TESS Toronto emotional speech set data/YAF_neutral/YAF_judge_neutral.wav,tess,tess_YAF
8097,neutral,data/tess/TESS Toronto emotional speech set data/YAF_neutral/YAF_jug_neutral.wav,tess,tess_YAF
8098,neutral,data/tess/TESS Toronto emotional speech set data/YAF_neutral/YAF_juice_neutral.wav,tess,tess_YAF
8099,neutral,data/tess/TESS Toronto emotional speech set data/YAF_neutral/YAF_keen_neutral.wav,tess,tess_YAF
8100,neutral,data/tess/TESS Toronto emotional speech set data/YAF_neutral/YAF_keep_neutral.wav,tess,tess_YAF
8101,neutral,data/tess/TESS Toronto emotional speech set data/YAF_neutral/YAF_keg_neutral.wav,tess,tess_YAF
8102,neutral,data/tess/TESS Toronto emotional speech set data/YAF_neutral/YAF_kick_neutral.wav,tess,tess_YAF
8103,neutral,data/tess/TESS Toronto emotional speech set data/YAF_neutral/YAF_kill_neutral.wav,tess,tess_YAF
8104,neutral,data/tess/TESS Toronto emotional speech set data/YAF_neutral/YAF_king_neutral.wav,tess,tess_YAF
8105,neutral,data/tess/TESS Toronto emotional speech set data/YAF_neutral/YAF_kite_neutral.wav,tess,tess_YAF
8106,neutral,data/tess/TESS Toronto emotional speech set data/YAF_neutral/YAF_knock_neutral.wav,tess,tess_YAF
8107,neutral,data/tess/TESS Toronto emotional speech set data/YAF_neutral/YAF_late_neutral.wav,tess,tess_YAF
8108,neutral,data/tess/TESS Toronto emotional speech set data/YAF_neutral/YAF_laud_neutral.wav,tess,tess_YAF
8109,neutral,data/tess/TESS Toronto emotional speech set data/YAF_neutral/YAF_lean_neutral.wav,tess,tess_YAF
8110,neutral,data/tess/TESS Toronto emotional speech set data/YAF_neutral/YAF_learn_neutral.wav,tess,tess_YAF
8111,neutral,data/tess/TESS Toronto emotional speech set data/YAF_neutral/YAF_lease_neutral.wav,tess,tess_YAF
8112,neutral,data/tess/TESS Toronto emotional speech set data/YAF_neutral/YAF_lid_neutral.wav,tess,tess_YAF
8113,neutral,data/tess/TESS Toronto emotional speech set data/YAF_neutral/YAF_life_neutral.wav,tess,tess_YAF
8114,neutral,data/tess/TESS Toronto emotional speech set data/YAF_neutral/YAF_limb_neutral.wav,tess,tess_YAF
8115,neutral,data/tess/TESS Toronto emotional speech set data/YAF_neutral/YAF_live_neutral.wav,tess,tess_YAF
8116,neutral,data/tess/TESS Toronto emotional speech set data/YAF_neutral/YAF_loaf_neutral.wav,tess,tess_YAF
8117,neutral,data/tess/TESS Toronto emotional speech set data/YAF_neutral/YAF_long_neutral.wav,tess,tess_YAF
8118,neutral,data/tess/TESS Toronto emotional speech set data/YAF_neutral/YAF_lore_neutral.wav,tess,tess_YAF
8119,neutral,data/tess/TESS Toronto emotional speech set data/YAF_neutral/YAF_lose_neutral.wav,tess,tess_YAF
8120,neutral,data/tess/TESS Toronto emotional speech set data/YAF_neutral/YAF_lot_neutral.wav,tess,tess_YAF
8121,neutral,data/tess/TESS Toronto emotional speech set data/YAF_neutral/YAF_love_neutral.wav,tess,tess_YAF
8122,neutral,data/tess/TESS Toronto emotional speech set data/YAF_neutral/YAF_luck_neutral.wav,tess,tess_YAF
8123,neutral,data/tess/TESS Toronto emotional speech set data/YAF_neutral/YAF_make_neutral.wav,tess,tess_YAF
8124,neutral,data/tess/TESS Toronto emotional speech set data/YAF_neutral/YAF_match_neutral.wav,tess,tess_YAF
8125,neutral,data/tess/TESS Toronto emotional speech set data/YAF_neutral/YAF_merge_neutral.wav,tess,tess_YAF
8126,neutral,data/tess/TESS Toronto emotional speech set data/YAF_neutral/YAF_mess_neutral.wav,tess,tess_YAF
8127,neutral,data/tess/TESS Toronto emotional speech set data/YAF_neutral/YAF_met_neutral.wav,tess,tess_YAF
8128,neutral,data/tess/TESS Toronto emotional speech set data/YAF_neutral/YAF_mill_neutral.wav,tess,tess_YAF
8129,neutral,data/tess/TESS Toronto emotional speech set data/YAF_neutral/YAF_mob_neutral.wav,tess,tess_YAF
8130,neutral,data/tess/TESS Toronto emotional speech set data/YAF_neutral/YAF_mode_neutral.wav,tess,tess_YAF
8131,neutral,data/tess/TESS Toronto emotional speech set data/YAF_neutral/YAF_mood_neutral.wav,tess,tess_YAF
8132,neutral,data/tess/TESS Toronto emotional speech set data/YAF_neutral/YAF_moon_neutral.wav,tess,tess_YAF
8133,neutral,data/tess/TESS Toronto emotional speech set data/YAF_neutral/YAF_mop_neutral.wav,tess,tess_YAF
8134,neutral,data/tess/TESS Toronto emotional speech set data/YAF_neutral/YAF_mouse_neutral.wav,tess,tess_YAF
8135,neutral,data/tess/TESS Toronto emotional speech set data/YAF_neutral/YAF_nag_neutral.wav,tess,tess_YAF
8136,neutral,data/tess/TESS Toronto emotional speech set data/YAF_neutral/YAF_name_neutral.wav,tess,tess_YAF
8137,neutral,data/tess/TESS Toronto emotional speech set data/YAF_neutral/YAF_near_neutral.wav,tess,tess_YAF
8138,neutral,data/tess/TESS Toronto emotional speech set data/YAF_neutral/YAF_neat_neutral.wav,tess,tess_YAF
8139,neutral,data/tess/TESS Toronto emotional speech set data/YAF_neutral/YAF_nice_neutral.wav,tess,tess_YAF
8140,neutral,data/tess/TESS Toronto emotional speech set data/YAF_neutral/YAF_note_neutral.wav,tess,tess_YAF
8141,neutral,data/tess/TESS Toronto emotional speech set data/YAF_neutral/YAF_numb_neutral.wav,tess,tess_YAF
8142,neutral,data/tess/TESS Toronto emotional speech set data/YAF_neutral/YAF_pad_neutral.wav,tess,tess_YAF
8143,neutral,data/tess/TESS Toronto emotional speech set data/YAF_neutral/YAF_page_neutral.wav,tess,tess_YAF
8144,neutral,data/tess/TESS Toronto emotional speech set data/YAF_neutral/YAF_pain_neutral.wav,tess,tess_YAF
8145,neutral,data/tess/TESS Toronto emotional speech set data/YAF_neutral/YAF_pass_neutral.wav,tess,tess_YAF
8146,neutral,data/tess/TESS Toronto emotional speech set data/YAF_neutral/YAF_pearl_neutral.wav,tess,tess_YAF
8147,neutral,data/tess/TESS Toronto emotional speech set data/YAF_neutral/YAF_peg_neutral.wav,tess,tess_YAF
8148,neutral,data/tess/TESS Toronto emotional speech set data/YAF_neutral/YAF_perch_neutral.wav,tess,tess_YAF
8149,neutral,data/tess/TESS Toronto emotional speech set data/YAF_neutral/YAF_phone_neutral.wav,tess,tess_YAF
8150,neutral,data/tess/TESS Toronto emotional speech set data/YAF_neutral/YAF_pick_neutral.wav,tess,tess_YAF
8151,neutral,data/tess/TESS Toronto emotional speech set data/YAF_neutral/YAF_pike_neutral.wav,tess,tess_YAF
8152,neutral,data/tess/TESS Toronto emotional speech set data/YAF_neutral/YAF_pole_neutral.wav,tess,tess_YAF
8153,neutral,data/tess/TESS Toronto emotional speech set data/YAF_neutral/YAF_pool_neutral.wav,tess,tess_YAF
8154,neutral,data/tess/TESS Toronto emotional speech set data/YAF_neutral/YAF_puff_neutral.wav,tess,tess_YAF
8155,neutral,data/tess/TESS Toronto emotional speech set data/YAF_neutral/YAF_rag_neutral.wav,tess,tess_YAF
8156,neutral,data/tess/TESS Toronto emotional speech set data/YAF_neutral/YAF_raid_neutral.wav,tess,tess_YAF
8157,neutral,data/tess/TESS Toronto emotional speech set data/YAF_neutral/YAF_rain_neutral.wav,tess,tess_YAF
8158,neutral,data/tess/TESS Toronto emotional speech set data/YAF_neutral/YAF_raise_neutral.wav,tess,tess_YAF
8159,neutral,data/tess/TESS Toronto emotional speech set data/YAF_neutral/YAF_rat_neutral.wav,tess,tess_YAF
8160,neutral,data/tess/TESS Toronto emotional speech set data/YAF_neutral/YAF_reach_neutral.wav,tess,tess_YAF
8161,neutral,data/tess/TESS Toronto emotional speech set data/YAF_neutral/YAF_read_neutral.wav,tess,tess_YAF
8162,neutral,data/tess/TESS Toronto emotional speech set data/YAF_neutral/YAF_red_neutral.wav,tess,tess_YAF
8163,neutral,data/tess/TESS Toronto emotional speech set data/YAF_neutral/YAF_ring_neutral.wav,tess,tess_YAF
8164,neutral,data/tess/TESS Toronto emotional speech set data/YAF_neutral/YAF_ripe_neutral.wav,tess,tess_YAF
8165,neutral,data/tess/TESS Toronto emotional speech set data/YAF_neutral/YAF_road_neutral.wav,tess,tess_YAF
8166,neutral,data/tess/TESS Toronto emotional speech set data/YAF_neutral/YAF_room_neutral.wav,tess,tess_YAF
8167,neutral,data/tess/TESS Toronto emotional speech set data/YAF_neutral/YAF_rose_neutral.wav,tess,tess_YAF
8168,neutral,data/tess/TESS Toronto emotional speech set data/YAF_neutral/YAF_rot_neutral.wav,tess,tess_YAF
8169,neutral,data/tess/TESS Toronto emotional speech set data/YAF_neutral/YAF_rough_neutral.wav,tess,tess_YAF
8170,neutral,data/tess/TESS Toronto emotional speech set data/YAF_neutral/YAF_rush_neutral.wav,tess,tess_YAF
8171,neutral,data/tess/TESS Toronto emotional speech set data/YAF_neutral/YAF_said_neutral.wav,tess,tess_YAF
8172,neutral,data/tess/TESS Toronto emotional speech set data/YAF_neutral/YAF_sail_neutral.wav,tess,tess_YAF
8173,neutral,data/tess/TESS Toronto emotional speech set data/YAF_neutral/YAF_search_neutral.wav,tess,tess_YAF
8174,neutral,data/tess/TESS Toronto emotional speech set data/YAF_neutral/YAF_seize_neutral.wav,tess,tess_YAF
8175,neutral,data/tess/TESS Toronto emotional speech set data/YAF_neutral/YAF_sell_neutral.wav,tess,tess_YAF
8176,neutral,data/tess/TESS Toronto emotional speech set data/YAF_neutral/YAF_shack_neutral.wav,tess,tess_YAF
8177,neutral,data/tess/TESS Toronto emotional speech set data/YAF_neutral/YAF_shall_neutral.wav,tess,tess_YAF
8178,neutral,data/tess/TESS Toronto emotional speech set data/YAF_neutral/YAF_shawl_neutral.wav,tess,tess_YAF
8179,neutral,data/tess/TESS Toronto emotional speech set data/YAF_neutral/YAF_sheep_neutral.wav,tess,tess_YAF
8180,neutral,data/tess/TESS Toronto emotional speech set data/YAF_neutral/YAF_shirt_neutral.wav,tess,tess_YAF
8181,neutral,data/tess/TESS Toronto emotional speech set data/YAF_neutral/YAF_should_neutral.wav,tess,tess_YAF
8182,neutral,data/tess/TESS Toronto emotional speech set data/YAF_neutral/YAF_shout_neutral.wav,tess,tess_YAF
8183,neutral,data/tess/TESS Toronto emotional speech set data/YAF_neutral/YAF_size_neutral.wav,tess,tess_YAF
8184,neutral,data/tess/TESS Toronto emotional speech set data/YAF_neutral/YAF_soap_neutral.wav,tess,tess_YAF
8185,neutral,data/tess/TESS Toronto emotional speech set data/YAF_neutral/YAF_soup_neutral.wav,tess,tess_YAF
8186,neutral,data/tess/TESS Toronto emotional speech set data/YAF_neutral/YAF_sour_neutral.wav,tess,tess_YAF
8187,neutral,data/tess/TESS Toronto emotional speech set data/YAF_neutral/YAF_south_neutral.wav,tess,tess_YAF
8188,neutral,data/tess/TESS Toronto emotional speech set data/YAF_neutral/YAF_sub_neutral.wav,tess,tess_YAF
8189,neutral,data/tess/TESS Toronto emotional speech set data/YAF_neutral/YAF_such_neutral.wav,tess,tess_YAF
8190,neutral,data/tess/TESS Toronto emotional speech set data/YAF_neutral/YAF_sure_neutral.wav,tess,tess_YAF
8191,neutral,data/tess/TESS Toronto emotional speech set data/YAF_neutral/YAF_take_neutral.wav,tess,tess_YAF
8192,neutral,data/tess/TESS Toronto emotional speech set data/YAF_neutral/YAF_talk_neutral.wav,tess,tess_YAF
8193,neutral,data/tess/TESS Toronto emotional speech set data/YAF_neutral/YAF_tape_neutral.wav,tess,tess_YAF
8194,neutral,data/tess/TESS Toronto emotional speech set data/YAF_neutral/YAF_team_neutral.wav,tess,tess_YAF
8195,neutral,data/tess/TESS Toronto emotional speech set data/YAF_neutral/YAF_tell_neutral.wav,tess,tess_YAF
8196,neutral,data/tess/TESS Toronto emotional speech set data/YAF_neutral/YAF_thin_neutral.wav,tess,tess_YAF
8197,neutral,data/tess/TESS Toronto emotional speech set data/YAF_neutral/YAF_third_neutral.wav,tess,tess_YAF
8198,neutral,data/tess/TESS Toronto emotional speech set data/YAF_neutral/YAF_thought_neutral.wav,tess,tess_YAF
8199,neutral,data/tess/TESS Toronto emotional speech set data/YAF_neutral/YAF_thumb_neutral.wav,tess,tess_YAF
8200,neutral,data/tess/TESS Toronto emotional speech set data/YAF_neutral/YAF_time_neutral.wav,tess,tess_YAF
8201,neutral,data/tess/TESS Toronto emotional speech set data/YAF_neutral/YAF_tip_neutral.wav,tess,tess_YAF
8202,neutral,data/tess/TESS Toronto emotional speech set data/YAF_neutral/YAF_tire_neutral.wav,tess,tess_YAF
8203,neutral,data/tess/TESS Toronto emotional speech set data/YAF_neutral/YAF_ton_neutral.wav,tess,tess_YAF
8204,neutral,data/tess/TESS Toronto emotional speech set data/YAF_neutral/YAF_tool_neutral.wav,tess,tess_YAF
8205,neutral,data/tess/TESS Toronto emotional speech set data/YAF_neutral/YAF_tough_neutral.wav,tess,tess_YAF
8206,neutral,data/tess/TESS Toronto emotional speech set data/YAF_neutral/YAF_turn_neutral.wav,tess,tess_YAF
8207,neutral,data/tess/TESS Toronto emotional speech set data/YAF_neutral/YAF_vine_neutral.wav,tess,tess_YAF
8208,neutral,data/tess/TESS Toronto emotional speech set data/YAF_neutral/YAF_voice_neutral.wav,tess,tess_YAF
8209,neutral,data/tess/TESS Toronto emotional speech set data/YAF_neutral/YAF_void_neutral.wav,tess,tess_YAF
8210,neutral,data/tess/TESS Toronto emotional speech set data/YAF_neutral/YAF_vote_neutral.wav,tess,tess_YAF
8211,neutral,data/tess/TESS Toronto emotional speech set data/YAF_neutral/YAF_wag_neutral.wav,tess,tess_YAF
8212,neutral,data/tess/TESS Toronto emotional speech set data/YAF_neutral/YAF_walk_neutral.wav,tess,tess_YAF
8213,neutral,data/tess/TESS Toronto emotional speech set data/YAF_neutral/YAF_wash_neutral.wav,tess,tess_YAF
8214,neutral,data/tess/TESS Toronto emotional speech set data/YAF_neutral/YAF_week_neutral.wav,tess,tess_YAF
8215,neutral,data/tess/TESS Toronto emotional speech set data/YAF_neutral/YAF_wheat_neutral.wav,tess,tess_YAF
8216,neutral,data/tess/TESS Toronto emotional speech set data/YAF_neutral/YAF_when_neutral.wav,tess,tess_YAF
8217,neutral,data/tess/TESS Toronto emotional speech set data/YAF_neutral/YAF_which_neutral.wav,tess,tess_YAF
8218,neutral,data/tess/TESS Toronto emotional speech set data/YAF_neutral/YAF_whip_neutral.wav,tess,tess_YAF
8219,neutral,data/tess/TESS Toronto emotional speech set data/YAF_neutral/YAF_white_neutral.wav,tess,tess_YAF
8220,neutral,data/tess/TESS Toronto emotional speech set data/YAF_neutral/YAF_wife_neutral.wav,tess,tess_YAF
8221,neutral,data/tess/TESS Toronto emotional speech set data/YAF_neutral/YAF_wire_neutral.wav,tess,tess_YAF
8222,neutral,data/tess/TESS Toronto emotional speech set data/YAF_neutral/YAF_witch_neutral.wav,tess,tess_YAF
8223,neutral,data/tess/TESS Toronto emotional speech set data/YAF_neutral/YAF_yearn_neutral.wav,tess,tess_YAF
8224,neutral,data/tess/TESS Toronto emotional speech set data/YAF_neutral/YAF_yes_neutral.wav,tess,tess_YAF
8225,neutral,data/tess/TESS Toronto emotional speech set data/YAF_neutral/YAF_young_neutral.wav,tess,tess_YAF
8226,neutral,data/tess/TESS Toronto emotional speech set data/YAF_neutral/YAF_youth_neutral.wav,tess,tess_YAF
8227,neutral,data/tess/YAF_neutral/YAF_back_neutral.wav,tess,tess_YAF
8228,neutral,data/tess/YAF_neutral/YAF_bar_neutral.wav,tess,tess_YAF
8229,neutral,data/tess/YAF_neutral/YAF_base_neutral.wav,tess,tess_YAF
8230,neutral,data/tess/YAF_neutral/YAF_bath_neutral.wav,tess,tess_YAF
8231,neutral,data/tess/YAF_neutral/YAF_bean_neutral.wav,tess,tess_YAF
8232,neutral,data/tess/YAF_neutral/YAF_beg_neutral.wav,tess,tess_YAF
8233,neutral,data/tess/YAF_neutral/YAF_bite_neutral.wav,tess,tess_YAF
8234,neutral,data/tess/YAF_neutral/YAF_boat_neutral.wav,tess,tess_YAF
8235,neutral,data/tess/YAF_neutral/YAF_bone_neutral.wav,tess,tess_YAF
8236,neutral,data/tess/YAF_neutral/YAF_book_neutral.wav,tess,tess_YAF
8237,neutral,data/tess/YAF_neutral/YAF_bought_neutral.wav,tess,tess_YAF
8238,neutral,data/tess/YAF_neutral/YAF_burn_neutral.wav,tess,tess_YAF
8239,neutral,data/tess/YAF_neutral/YAF_cab_neutral.wav,tess,tess_YAF
8240,neutral,data/tess/YAF_neutral/YAF_calm_neutral.wav,tess,tess_YAF
8241,neutral,data/tess/YAF_neutral/YAF_came_neutral.wav,tess,tess_YAF
8242,neutral,data/tess/YAF_neutral/YAF_cause_neutral.wav,tess,tess_YAF
8243,neutral,data/tess/YAF_neutral/YAF_chain_neutral.wav,tess,tess_YAF
8244,neutral,data/tess/YAF_neutral/YAF_chair_neutral.wav,tess,tess_YAF
8245,neutral,data/tess/YAF_neutral/YAF_chalk_neutral.wav,tess,tess_YAF
8246,neutral,data/tess/YAF_neutral/YAF_chat_neutral.wav,tess,tess_YAF
8247,neutral,data/tess/YAF_neutral/YAF_check_neutral.wav,tess,tess_YAF
8248,neutral,data/tess/YAF_neutral/YAF_cheek_neutral.wav,tess,tess_YAF
8249,neutral,data/tess/YAF_neutral/YAF_chief_neutral.wav,tess,tess_YAF
8250,neutral,data/tess/YAF_neutral/YAF_choice_neutral.wav,tess,tess_YAF
8251,neutral,data/tess/YAF_neutral/YAF_cool_neutral.wav,tess,tess_YAF
8252,neutral,data/tess/YAF_neutral/YAF_dab_neutral.wav,tess,tess_YAF
8253,neutral,data/tess/YAF_neutral/YAF_date_neutral.wav,tess,tess_YAF
8254,neutral,data/tess/YAF_neutral/YAF_dead_neutral.wav,tess,tess_YAF
8255,neutral,data/tess/YAF_neutral/YAF_death_neutral.wav,tess,tess_YAF
8256,neutral,data/tess/YAF_neutral/YAF_deep_neutral.wav,tess,tess_YAF
8257,neutral,data/tess/YAF_neutral/YAF_dime_neutral.wav,tess,tess_YAF
8258,neutral,data/tess/YAF_neutral/YAF_dip_neutral.wav,tess,tess_YAF
8259,neutral,data/tess/YAF_neutral/YAF_ditch_neutral.wav,tess,tess_YAF
8260,neutral,data/tess/YAF_neutral/YAF_dodge_neutral.wav,tess,tess_YAF
8261,neutral,data/tess/YAF_neutral/YAF_dog_neutral.wav,tess,tess_YAF
8262,neutral,data/tess/YAF_neutral/YAF_doll_neutral.wav,tess,tess_YAF
8263,neutral,data/tess/YAF_neutral/YAF_door_neutral.wav,tess,tess_YAF
8264,neutral,data/tess/YAF_neutral/YAF_fail_neutral.wav,tess,tess_YAF
8265,neutral,data/tess/YAF_neutral/YAF_fall_neutral.wav,tess,tess_YAF
8266,neutral,data/tess/YAF_neutral/YAF_far_neutral.wav,tess,tess_YAF
8267,neutral,data/tess/YAF_neutral/YAF_fat_neutral.wav,tess,tess_YAF
8268,neutral,data/tess/YAF_neutral/YAF_fit_neutral.wav,tess,tess_YAF
8269,neutral,data/tess/YAF_neutral/YAF_five_neutral.wav,tess,tess_YAF
8270,neutral,data/tess/YAF_neutral/YAF_food_neutral.wav,tess,tess_YAF
8271,neutral,data/tess/YAF_neutral/YAF_gap_neutral.wav,tess,tess_YAF
8272,neutral,data/tess/YAF_neutral/YAF_gas_neutral.wav,tess,tess_YAF
8273,neutral,data/tess/YAF_neutral/YAF_gaze_neutral.wav,tess,tess_YAF
8274,neutral,data/tess/YAF_neutral/YAF_germ_neutral.wav,tess,tess_YAF
8275,neutral,data/tess/YAF_neutral/YAF_get_neutral.wav,tess,tess_YAF
8276,neutral,data/tess/YAF_neutral/YAF_gin_neutral.wav,tess,tess_YAF
8277,neutral,data/tess/YAF_neutral/YAF_goal_neutral.wav,tess,tess_YAF
8278,neutral,data/tess/YAF_neutral/YAF_good_neutral.wav,tess,tess_YAF
8279,neutral,data/tess/YAF_neutral/YAF_goose_neutral.wav,tess,tess_YAF
8280,neutral,data/tess/YAF_neutral/YAF_gun_neutral.wav,tess,tess_YAF
8281,neutral,data/tess/YAF_neutral/YAF_half_neutral.wav,tess,tess_YAF
8282,neutral,data/tess/YAF_neutral/YAF_hall_neutral.wav,tess,tess_YAF
8283,neutral,data/tess/YAF_neutral/YAF_hash_neutral.wav,tess,tess_YAF
8284,neutral,data/tess/YAF_neutral/YAF_hate_neutral.wav,tess,tess_YAF
8285,neutral,data/tess/YAF_neutral/YAF_have_neutral.wav,tess,tess_YAF
8286,neutral,data/tess/YAF_neutral/YAF_haze_neutral.wav,tess,tess_YAF
8287,neutral,data/tess/YAF_neutral/YAF_hire_neutral.wav,tess,tess_YAF
8288,neutral,data/tess/YAF_neutral/YAF_hit_neutral.wav,tess,tess_YAF
8289,neutral,data/tess/YAF_neutral/YAF_hole_neutral.wav,tess,tess_YAF
8290,neutral,data/tess/YAF_neutral/YAF_home_neutral.wav,tess,tess_YAF
8291,neutral,data/tess/YAF_neutral/YAF_hurl_neutral.wav,tess,tess_YAF
8292,neutral,data/tess/YAF_neutral/YAF_hush_neutral.wav,tess,tess_YAF
8293,neutral,data/tess/YAF_neutral/YAF_jail_neutral.wav,tess,tess_YAF
8294,neutral,data/tess/YAF_neutral/YAF_jar_neutral.wav,tess,tess_YAF
8295,neutral,data/tess/YAF_neutral/YAF_join_neutral.wav,tess,tess_YAF
8296,neutral,data/tess/YAF_neutral/YAF_judge_neutral.wav,tess,tess_YAF
8297,neutral,data/tess/YAF_neutral/YAF_jug_neutral.wav,tess,tess_YAF
8298,neutral,data/tess/YAF_neutral/YAF_juice_neutral.wav,tess,tess_YAF
8299,neutral,data/tess/YAF_neutral/YAF_keen_neutral.wav,tess,tess_YAF
8300,neutral,data/tess/YAF_neutral/YAF_keep_neutral.wav,tess,tess_YAF
8301,neutral,data/tess/YAF_neutral/YAF_keg_neutral.wav,tess,tess_YAF
8302,neutral,data/tess/YAF_neutral/YAF_kick_neutral.wav,tess,tess_YAF
8303,neutral,data/tess/YAF_neutral/YAF_kill_neutral.wav,tess,tess_YAF
8304,neutral,data/tess/YAF_neutral/YAF_king_neutral.wav,tess,tess_YAF
8305,neutral,data/tess/YAF_neutral/YAF_kite_neutral.wav,tess,tess_YAF
8306,neutral,data/tess/YAF_neutral/YAF_knock_neutral.wav,tess,tess_YAF
8307,neutral,data/tess/YAF_neutral/YAF_late_neutral.wav,tess,tess_YAF
8308,neutral,data/tess/YAF_neutral/YAF_laud_neutral.wav,tess,tess_YAF
8309,neutral,data/tess/YAF_neutral/YAF_lean_neutral.wav,tess,tess_YAF
8310,neutral,data/tess/YAF_neutral/YAF_learn_neutral.wav,tess,tess_YAF
8311,neutral,data/tess/YAF_neutral/YAF_lease_neutral.wav,tess,tess_YAF
8312,neutral,data/tess/YAF_neutral/YAF_lid_neutral.wav,tess,tess_YAF
8313,neutral,data/tess/YAF_neutral/YAF_life_neutral.wav,tess,tess_YAF
8314,neutral,data/tess/YAF_neutral/YAF_limb_neutral.wav,tess,tess_YAF
8315,neutral,data/tess/YAF_neutral/YAF_live_neutral.wav,tess,tess_YAF
8316,neutral,data/tess/YAF_neutral/YAF_loaf_neutral.wav,tess,tess_YAF
8317,neutral,data/tess/YAF_neutral/YAF_long_neutral.wav,tess,tess_YAF
8318,neutral,data/tess/YAF_neutral/YAF_lore_neutral.wav,tess,tess_YAF
8319,neutral,data/tess/YAF_neutral/YAF_lose_neutral.wav,tess,tess_YAF
8320,neutral,data/tess/YAF_neutral/YAF_lot_neutral.wav,tess,tess_YAF
8321,neutral,data/tess/YAF_neutral/YAF_love_neutral.wav,tess,tess_YAF
8322,neutral,data/tess/YAF_neutral/YAF_luck_neutral.wav,tess,tess_YAF
8323,neutral,data/tess/YAF_neutral/YAF_make_neutral.wav,tess,tess_YAF
8324,neutral,data/tess/YAF_neutral/YAF_match_neutral.wav,tess,tess_YAF
8325,neutral,data/tess/YAF_neutral/YAF_merge_neutral.wav,tess,tess_YAF
8326,neutral,data/tess/YAF_neutral/YAF_mess_neutral.wav,tess,tess_YAF
8327,neutral,data/tess/YAF_neutral/YAF_met_neutral.wav,tess,tess_YAF
8328,neutral,data/tess/YAF_neutral/YAF_mill_neutral.wav,tess,tess_YAF
8329,neutral,data/tess/YAF_neutral/YAF_mob_neutral.wav,tess,tess_YAF
8330,neutral,data/tess/YAF_neutral/YAF_mode_neutral.wav,tess,tess_YAF
8331,neutral,data/tess/YAF_neutral/YAF_mood_neutral.wav,tess,tess_YAF
8332,neutral,data/tess/YAF_neutral/YAF_moon_neutral.wav,tess,tess_YAF
8333,neutral,data/tess/YAF_neutral/YAF_mop_neutral.wav,tess,tess_YAF
8334,neutral,data/tess/YAF_neutral/YAF_mouse_neutral.wav,tess,tess_YAF
8335,neutral,data/tess/YAF_neutral/YAF_nag_neutral.wav,tess,tess_YAF
8336,neutral,data/tess/YAF_neutral/YAF_name_neutral.wav,tess,tess_YAF
8337,neutral,data/tess/YAF_neutral/YAF_near_neutral.wav,tess,tess_YAF
8338,neutral,data/tess/YAF_neutral/YAF_neat_neutral.wav,tess,tess_YAF
8339,neutral,data/tess/YAF_neutral/YAF_nice_neutral.wav,tess,tess_YAF
8340,neutral,data/tess/YAF_neutral/YAF_note_neutral.wav,tess,tess_YAF
8341,neutral,data/tess/YAF_neutral/YAF_numb_neutral.wav,tess,tess_YAF
8342,neutral,data/tess/YAF_neutral/YAF_pad_neutral.wav,tess,tess_YAF
8343,neutral,data/tess/YAF_neutral/YAF_page_neutral.wav,tess,tess_YAF
8344,neutral,data/tess/YAF_neutral/YAF_pain_neutral.wav,tess,tess_YAF
8345,neutral,data/tess/YAF_neutral/YAF_pass_neutral.wav,tess,tess_YAF
8346,neutral,data/tess/YAF_neutral/YAF_pearl_neutral.wav,tess,tess_YAF
8347,neutral,data/tess/YAF_neutral/YAF_peg_neutral.wav,tess,tess_YAF
8348,neutral,data/tess/YAF_neutral/YAF_perch_neutral.wav,tess,tess_YAF
8349,neutral,data/tess/YAF_neutral/YAF_phone_neutral.wav,tess,tess_YAF
8350,neutral,data/tess/YAF_neutral/YAF_pick_neutral.wav,tess,tess_YAF
8351,neutral,data/tess/YAF_neutral/YAF_pike_neutral.wav,tess,tess_YAF
8352,neutral,data/tess/YAF_neutral/YAF_pole_neutral.wav,tess,tess_YAF
8353,neutral,data/tess/YAF_neutral/YAF_pool_neutral.wav,tess,tess_YAF
8354,neutral,data/tess/YAF_neutral/YAF_puff_neutral.wav,tess,tess_YAF
8355,neutral,data/tess/YAF_neutral/YAF_rag_neutral.wav,tess,tess_YAF
8356,neutral,data/tess/YAF_neutral/YAF_raid_neutral.wav,tess,tess_YAF
8357,neutral,data/tess/YAF_neutral/YAF_rain_neutral.wav,tess,tess_YAF
8358,neutral,data/tess/YAF_neutral/YAF_raise_neutral.wav,tess,tess_YAF
8359,neutral,data/tess/YAF_neutral/YAF_rat_neutral.wav,tess,tess_YAF
8360,neutral,data/tess/YAF_neutral/YAF_reach_neutral.wav,tess,tess_YAF
8361,neutral,data/tess/YAF_neutral/YAF_read_neutral.wav,tess,tess_YAF
8362,neutral,data/tess/YAF_neutral/YAF_red_neutral.wav,tess,tess_YAF
8363,neutral,data/tess/YAF_neutral/YAF_ring_neutral.wav,tess,tess_YAF
8364,neutral,data/tess/YAF_neutral/YAF_ripe_neutral.wav,tess,tess_YAF
8365,neutral,data/tess/YAF_neutral/YAF_road_neutral.wav,tess,tess_YAF
8366,neutral,data/tess/YAF_neutral/YAF_room_neutral.wav,tess,tess_YAF
8367,neutral,data/tess/YAF_neutral/YAF_rose_neutral.wav,tess,tess_YAF
8368,neutral,data/tess/YAF_neutral/YAF_rot_neutral.wav,tess,tess_YAF
8369,neutral,data/tess/YAF_neutral/YAF_rough_neutral.wav,tess,tess_YAF
8370,neutral,data/tess/YAF_neutral/YAF_rush_neutral.wav,tess,tess_YAF
8371,neutral,data/tess/YAF_neutral/YAF_said_neutral.wav,tess,tess_YAF
8372,neutral,data/tess/YAF_neutral/YAF_sail_neutral.wav,tess,tess_YAF
8373,neutral,data/tess/YAF_neutral/YAF_search_neutral.wav,tess,tess_YAF
8374,neutral,data/tess/YAF_neutral/YAF_seize_neutral.wav,tess,tess_YAF
8375,neutral,data/tess/YAF_neutral/YAF_sell_neutral.wav,tess,tess_YAF
8376,neutral,data/tess/YAF_neutral/YAF_shack_neutral.wav,tess,tess_YAF
8377,neutral,data/tess/YAF_neutral/YAF_shall_neutral.wav,tess,tess_YAF
8378,neutral,data/tess/YAF_neutral/YAF_shawl_neutral.wav,tess,tess_YAF
8379,neutral,data/tess/YAF_neutral/YAF_sheep_neutral.wav,tess,tess_YAF
8380,neutral,data/tess/YAF_neutral/YAF_shirt_neutral.wav,tess,tess_YAF
8381,neutral,data/tess/YAF_neutral/YAF_should_neutral.wav,tess,tess_YAF
8382,neutral,data/tess/YAF_neutral/YAF_shout_neutral.wav,tess,tess_YAF
8383,neutral,data/tess/YAF_neutral/YAF_size_neutral.wav,tess,tess_YAF
8384,neutral,data/tess/YAF_neutral/YAF_soap_neutral.wav,tess,tess_YAF
8385,neutral,data/tess/YAF_neutral/YAF_soup_neutral.wav,tess,tess_YAF
8386,neutral,data/tess/YAF_neutral/YAF_sour_neutral.wav,tess,tess_YAF
8387,neutral,data/tess/YAF_neutral/YAF_south_neutral.wav,tess,tess_YAF
8388,neutral,data/tess/YAF_neutral/YAF_sub_neutral.wav,tess,tess_YAF
8389,neutral,data/tess/YAF_neutral/YAF_such_neutral.wav,tess,tess_YAF
8390,neutral,data/tess/YAF_neutral/YAF_sure_neutral.wav,tess,tess_YAF
8391,neutral,data/tess/YAF_neutral/YAF_take_neutral.wav,tess,tess_YAF
8392,neutral,data/tess/YAF_neutral/YAF_talk_neutral.wav,tess,tess_YAF
8393,neutral,data/tess/YAF_neutral/YAF_tape_neutral.wav,tess,tess_YAF
8394,neutral,data/tess/YAF_neutral/YAF_team_neutral.wav,tess,tess_YAF
8395,neutral,data/tess/YAF_neutral/YAF_tell_neutral.wav,tess,tess_YAF
8396,neutral,data/tess/YAF_neutral/YAF_thin_neutral.wav,tess,tess_YAF
8397,neutral,data/tess/YAF_neutral/YAF_third_neutral.wav,tess,tess_YAF
8398,neutral,data/tess/YAF_neutral/YAF_thought_neutral.wav,tess,tess_YAF
8399,neutral,data/tess/YAF_neutral/YAF_thumb_neutral.wav,tess,tess_YAF
8400,neutral,data/tess/YAF_neutral/YAF_time_neutral.wav,tess,tess_YAF
8401,neutral,data/tess/YAF_neutral/YAF_tip_neutral.wav,tess,tess_YAF
8402,neutral,data/tess/YAF_neutral/YAF_tire_neutral.wav,tess,tess_YAF
8403,neutral,data/tess/YAF_neutral/YAF_ton_neutral.wav,tess,tess_YAF
8404,neutral,data/tess/YAF_neutral/YAF_tool_neutral.wav,tess,tess_YAF
8405,neutral,data/tess/YAF_neutral/YAF_tough_neutral.wav,tess,tess_YAF
8406,neutral,data/tess/YAF_neutral/YAF_turn_neutral.wav,tess,tess_YAF
8407,neutral,data/tess/YAF_neutral/YAF_vine_neutral.wav,tess,tess_YAF
8408,neutral,data/tess/YAF_neutral/YAF_voice_neutral.wav,tess,tess_YAF
8409,neutral,data/tess/YAF_neutral/YAF_void_neutral.wav,tess,tess_YAF
8410,neutral,data/tess/YAF_neutral/YAF_vote_neutral.wav,tess,tess_YAF
8411,neutral,data/tess/YAF_neutral/YAF_wag_neutral.wav,tess,tess_YAF
8412,neutral,data/tess/YAF_neutral/YAF_walk_neutral.wav,tess,tess_YAF
8413,neutral,data/tess/YAF_neutral/YAF_wash_neutral.wav,tess,tess_YAF
8414,neutral,data/tess/YAF_neutral/YAF_week_neutral.wav,tess,tess_YAF
8415,neutral,data/tess/YAF_neutral/YAF_wheat_neutral.wav,tess,tess_YAF
8416,neutral,data/tess/YAF_neutral/YAF_when_neutral.wav,tess,tess_YAF
8417,neutral,data/tess/YAF_neutral/YAF_which_neutral.wav,tess,tess_YAF
8418,neutral,data/tess/YAF_neutral/YAF_whip_neutral.wav,tess,tess_YAF
8419,neutral,data/tess/YAF_neutral/YAF_white_neutral.wav,tess,tess_YAF
8420,neutral,data/tess/YAF_neutral/YAF_wife_neutral.wav,tess,tess_YAF
8421,neutral,data/tess/YAF_neutral/YAF_wire_neutral.wav,tess,tess_YAF
8422,neutral,data/tess/YAF_neutral/YAF_witch_neutral.wav,tess,tess_YAF
8423,neutral,data/tess/YAF_neutral/YAF_yearn_neutral.wav,tess,tess_YAF
8424,neutral,data/tess/YAF_neutral/YAF_yes_neutral.wav,tess,tess_YAF
8425,neutral,data/tess/YAF_neutral/YAF_young_neutral.wav,tess,tess_YAF
8426,neutral,data/tess/YAF_neutral/YAF_youth_neutral.wav,tess,tess_YAF
8427,sad,data/tess/OAF_Sad/OAF_back_sad.wav,tess,tess_OAF
8428,sad,data/tess/OAF_Sad/OAF_bar_sad.wav,tess,tess_OAF
8429,sad,data/tess/OAF_Sad/OAF_base_sad.wav,tess,tess_OAF
8430,sad,data/tess/OAF_Sad/OAF_bath_sad.wav,tess,tess_OAF
8431,sad,data/tess/OAF_Sad/OAF_bean_sad.wav,tess,tess_OAF
8432,sad,data/tess/OAF_Sad/OAF_beg_sad.wav,tess,tess_OAF
8433,sad,data/tess/OAF_Sad/OAF_bite_sad.wav,tess,tess_OAF
8434,sad,data/tess/OAF_Sad/OAF_boat_sad.wav,tess,tess_OAF
8435,sad,data/tess/OAF_Sad/OAF_bone_sad.wav,tess,tess_OAF
8436,sad,data/tess/OAF_Sad/OAF_book_sad.wav,tess,tess_OAF
8437,sad,data/tess/OAF_Sad/OAF_bought_sad.wav,tess,tess_OAF
8438,sad,data/tess/OAF_Sad/OAF_burn_sad.wav,tess,tess_OAF
8439,sad,data/tess/OAF_Sad/OAF_cab_sad.wav,tess,tess_OAF
8440,sad,data/tess/OAF_Sad/OAF_calm_sad.wav,tess,tess_OAF
8441,sad,data/tess/OAF_Sad/OAF_came_sad.wav,tess,tess_OAF
8442,sad,data/tess/OAF_Sad/OAF_cause_sad.wav,tess,tess_OAF
8443,sad,data/tess/OAF_Sad/OAF_chain_sad.wav,tess,tess_OAF
8444,sad,data/tess/OAF_Sad/OAF_chair_sad.wav,tess,tess_OAF
8445,sad,data/tess/OAF_Sad/OAF_chalk_sad.wav,tess,tess_OAF
8446,sad,data/tess/OAF_Sad/OAF_chat_sad.wav,tess,tess_OAF
8447,sad,data/tess/OAF_Sad/OAF_check_sad.wav,tess,tess_OAF
8448,sad,data/tess/OAF_Sad/OAF_cheek_sad.wav,tess,tess_OAF
8449,sad,data/tess/OAF_Sad/OAF_chief_sad.wav,tess,tess_OAF
8450,sad,data/tess/OAF_Sad/OAF_choice_sad.wav,tess,tess_OAF
8451,sad,data/tess/OAF_Sad/OAF_cool_sad.wav,tess,tess_OAF
8452,sad,data/tess/OAF_Sad/OAF_dab_sad.wav,tess,tess_OAF
8453,sad,data/tess/OAF_Sad/OAF_date_sad.wav,tess,tess_OAF
8454,sad,data/tess/OAF_Sad/OAF_dead_sad.wav,tess,tess_OAF
8455,sad,data/tess/OAF_Sad/OAF_death_sad.wav,tess,tess_OAF
8456,sad,data/tess/OAF_Sad/OAF_deep_sad.wav,tess,tess_OAF
8457,sad,data/tess/OAF_Sad/OAF_dime_sad.wav,tess,tess_OAF
8458,sad,data/tess/OAF_Sad/OAF_dip_sad.wav,tess,tess_OAF
8459,sad,data/tess/OAF_Sad/OAF_ditch_sad.wav,tess,tess_OAF
8460,sad,data/tess/OAF_Sad/OAF_dodge_sad.wav,tess,tess_OAF
8461,sad,data/tess/OAF_Sad/OAF_dog_sad.wav,tess,tess_OAF
8462,sad,data/tess/OAF_Sad/OAF_doll_sad.wav,tess,tess_OAF
8463,sad,data/tess/OAF_Sad/OAF_door_sad.wav,tess,tess_OAF
8464,sad,data/tess/OAF_Sad/OAF_fail_sad.wav,tess,tess_OAF
8465,sad,data/tess/OAF_Sad/OAF_fall_sad.wav,tess,tess_OAF
8466,sad,data/tess/OAF_Sad/OAF_far_sad.wav,tess,tess_OAF
8467,sad,data/tess/OAF_Sad/OAF_fat_sad.wav,tess,tess_OAF
8468,sad,data/tess/OAF_Sad/OAF_fit_sad.wav,tess,tess_OAF
8469,sad,data/tess/OAF_Sad/OAF_five_sad.wav,tess,tess_OAF
8470,sad,data/tess/OAF_Sad/OAF_food_sad.wav,tess,tess_OAF
8471,sad,data/tess/OAF_Sad/OAF_gap_sad.wav,tess,tess_OAF
8472,sad,data/tess/OAF_Sad/OAF_gas_sad.wav,tess,tess_OAF
8473,sad,data/tess/OAF_Sad/OAF_gaze_sad.wav,tess,tess_OAF
8474,sad,data/tess/OAF_Sad/OAF_germ_sad.wav,tess,tess_OAF
8475,sad,data/tess/OAF_Sad/OAF_get_sad.wav,tess,tess_OAF
8476,sad,data/tess/OAF_Sad/OAF_gin_sad.wav,tess,tess_OAF
8477,sad,data/tess/OAF_Sad/OAF_goal_sad.wav,tess,tess_OAF
8478,sad,data/tess/OAF_Sad/OAF_good_sad.wav,tess,tess_OAF
8479,sad,data/tess/OAF_Sad/OAF_goose_sad.wav,tess,tess_OAF
8480,sad,data/tess/OAF_Sad/OAF_gun_sad.wav,tess,tess_OAF
8481,sad,data/tess/OAF_Sad/OAF_half_sad.wav,tess,tess_OAF
8482,sad,data/tess/OAF_Sad/OAF_hall_sad.wav,tess,tess_OAF
8483,sad,data/tess/OAF_Sad/OAF_hash_sad.wav,tess,tess_OAF
8484,sad,data/tess/OAF_Sad/OAF_hate_sad.wav,tess,tess_OAF
8485,sad,data/tess/OAF_Sad/OAF_have_sad.wav,tess,tess_OAF
8486,sad,data/tess/OAF_Sad/OAF_haze_sad.wav,tess,tess_OAF
8487,sad,data/tess/OAF_Sad/OAF_hire_sad.wav,tess,tess_OAF
8488,sad,data/tess/OAF_Sad/OAF_hit_sad.wav,tess,tess_OAF
8489,sad,data/tess/OAF_Sad/OAF_hole_sad.wav,tess,tess_OAF
8490,sad,data/tess/OAF_Sad/OAF_home_sad.wav,tess,tess_OAF
8491,sad,data/tess/OAF_Sad/OAF_hurl_sad.wav,tess,tess_OAF
8492,sad,data/tess/OAF_Sad/OAF_hush_sad.wav,tess,tess_OAF
8493,sad,data/tess/OAF_Sad/OAF_jail_sad.wav,tess,tess_OAF
8494,sad,data/tess/OAF_Sad/OAF_jar_sad.wav,tess,tess_OAF
8495,sad,data/tess/OAF_Sad/OAF_join_sad.wav,tess,tess_OAF
8496,sad,data/tess/OAF_Sad/OAF_judge_sad.wav,tess,tess_OAF
8497,sad,data/tess/OAF_Sad/OAF_jug_sad.wav,tess,tess_OAF
8498,sad,data/tess/OAF_Sad/OAF_juice_sad.wav,tess,tess_OAF
8499,sad,data/tess/OAF_Sad/OAF_keen_sad.wav,tess,tess_OAF
8500,sad,data/tess/OAF_Sad/OAF_keep_sad.wav,tess,tess_OAF
8501,sad,data/tess/OAF_Sad/OAF_keg_sad.wav,tess,tess_OAF
8502,sad,data/tess/OAF_Sad/OAF_kick_sad.wav,tess,tess_OAF
8503,sad,data/tess/OAF_Sad/OAF_kill_sad.wav,tess,tess_OAF
8504,sad,data/tess/OAF_Sad/OAF_king_sad.wav,tess,tess_OAF
8505,sad,data/tess/OAF_Sad/OAF_kite_sad.wav,tess,tess_OAF
8506,sad,data/tess/OAF_Sad/OAF_knock_sad.wav,tess,tess_OAF
8507,sad,data/tess/OAF_Sad/OAF_late_sad.wav,tess,tess_OAF
8508,sad,data/tess/OAF_Sad/OAF_laud_sad.wav,tess,tess_OAF
8509,sad,data/tess/OAF_Sad/OAF_lean_sad.wav,tess,tess_OAF
8510,sad,data/tess/OAF_Sad/OAF_learn_sad.wav,tess,tess_OAF
8511,sad,data/tess/OAF_Sad/OAF_lease_sad.wav,tess,tess_OAF
8512,sad,data/tess/OAF_Sad/OAF_lid_sad.wav,tess,tess_OAF
8513,sad,data/tess/OAF_Sad/OAF_life_sad.wav,tess,tess_OAF
8514,sad,data/tess/OAF_Sad/OAF_limb_sad.wav,tess,tess_OAF
8515,sad,data/tess/OAF_Sad/OAF_live_sad.wav,tess,tess_OAF
8516,sad,data/tess/OAF_Sad/OAF_loaf_sad.wav,tess,tess_OAF
8517,sad,data/tess/OAF_Sad/OAF_long_sad.wav,tess,tess_OAF
8518,sad,data/tess/OAF_Sad/OAF_lore_sad.wav,tess,tess_OAF
8519,sad,data/tess/OAF_Sad/OAF_lose_sad.wav,tess,tess_OAF
8520,sad,data/tess/OAF_Sad/OAF_lot_sad.wav,tess,tess_OAF
8521,sad,data/tess/OAF_Sad/OAF_love_sad.wav,tess,tess_OAF
8522,sad,data/tess/OAF_Sad/OAF_luck_sad.wav,tess,tess_OAF
8523,sad,data/tess/OAF_Sad/OAF_make_sad.wav,tess,tess_OAF
8524,sad,data/tess/OAF_Sad/OAF_match_sad.wav,tess,tess_OAF
8525,sad,data/tess/OAF_Sad/OAF_merge_sad.wav,tess,tess_OAF
8526,sad,data/tess/OAF_Sad/OAF_mess_sad.wav,tess,tess_OAF
8527,sad,data/tess/OAF_Sad/OAF_met_sad.wav,tess,tess_OAF
8528,sad,data/tess/OAF_Sad/OAF_mill_sad.wav,tess,tess_OAF
8529,sad,data/tess/OAF_Sad/OAF_mob_sad.wav,tess,tess_OAF
8530,sad,data/tess/OAF_Sad/OAF_mode_sad.wav,tess,tess_OAF
8531,sad,data/tess/OAF_Sad/OAF_mood_sad.wav,tess,tess_OAF
8532,sad,data/tess/OAF_Sad/OAF_moon_sad.wav,tess,tess_OAF
8533,sad,data/tess/OAF_Sad/OAF_mop_sad.wav,tess,tess_OAF
8534,sad,data/tess/OAF_Sad/OAF_mouse_sad.wav,tess,tess_OAF
8535,sad,data/tess/OAF_Sad/OAF_nag_sad.wav,tess,tess_OAF
8536,sad,data/tess/OAF_Sad/OAF_name_sad.wav,tess,tess_OAF
8537,sad,data/tess/OAF_Sad/OAF_near_sad.wav,tess,tess_OAF
8538,sad,data/tess/OAF_Sad/OAF_neat_sad.wav,tess,tess_OAF
8539,sad,data/tess/OAF_Sad/OAF_nice_sad.wav,tess,tess_OAF
8540,sad,data/tess/OAF_Sad/OAF_note_sad.wav,tess,tess_OAF
8541,sad,data/tess/OAF_Sad/OAF_numb_sad.wav,tess,tess_OAF
8542,sad,data/tess/OAF_Sad/OAF_pad_sad.wav,tess,tess_OAF
8543,sad,data/tess/OAF_Sad/OAF_page_sad.wav,tess,tess_OAF
8544,sad,data/tess/OAF_Sad/OAF_pain_sad.wav,tess,tess_OAF
8545,sad,data/tess/OAF_Sad/OAF_pass_sad.wav,tess,tess_OAF
8546,sad,data/tess/OAF_Sad/OAF_pearl_sad.wav,tess,tess_OAF
8547,sad,data/tess/OAF_Sad/OAF_peg_sad.wav,tess,tess_OAF
8548,sad,data/tess/OAF_Sad/OAF_perch_sad.wav,tess,tess_OAF
8549,sad,data/tess/OAF_Sad/OAF_phone_sad.wav,tess,tess_OAF
8550,sad,data/tess/OAF_Sad/OAF_pick_sad.wav,tess,tess_OAF
8551,sad,data/tess/OAF_Sad/OAF_pike_sad.wav,tess,tess_OAF
8552,sad,data/tess/OAF_Sad/OAF_pole_sad.wav,tess,tess_OAF
8553,sad,data/tess/OAF_Sad/OAF_pool_sad.wav,tess,tess_OAF
8554,sad,data/tess/OAF_Sad/OAF_puff_sad.wav,tess,tess_OAF
8555,sad,data/tess/OAF_Sad/OAF_rag_sad.wav,tess,tess_OAF
8556,sad,data/tess/OAF_Sad/OAF_raid_sad.wav,tess,tess_OAF
8557,sad,data/tess/OAF_Sad/OAF_rain_sad.wav,tess,tess_OAF
8558,sad,data/tess/OAF_Sad/OAF_raise_sad.wav,tess,tess_OAF
8559,sad,data/tess/OAF_Sad/OAF_rat_sad.wav,tess,tess_OAF
8560,sad,data/tess/OAF_Sad/OAF_reach_sad.wav,tess,tess_OAF
8561,sad,data/tess/OAF_Sad/OAF_read_sad.wav,tess,tess_OAF
8562,sad,data/tess/OAF_Sad/OAF_red_sad.wav,tess,tess_OAF
8563,sad,data/tess/OAF_Sad/OAF_ring_sad.wav,tess,tess_OAF
8564,sad,data/tess/OAF_Sad/OAF_ripe_sad.wav,tess,tess_OAF
8565,sad,data/tess/OAF_Sad/OAF_road_sad.wav,tess,tess_OAF
8566,sad,data/tess/OAF_Sad/OAF_room_sad.wav,tess,tess_OAF
8567,sad,data/tess/OAF_Sad/OAF_rose_sad.wav,tess,tess_OAF
8568,sad,data/tess/OAF_Sad/OAF_rot_sad.wav,tess,tess_OAF
8569,sad,data/tess/OAF_Sad/OAF_rough_sad.wav,tess,tess_OAF
8570,sad,data/tess/OAF_Sad/OAF_rush_sad.wav,tess,tess_OAF
8571,sad,data/tess/OAF_Sad/OAF_said_sad.wav,tess,tess_OAF
8572,sad,data/tess/OAF_Sad/OAF_sail_sad.wav,tess,tess_OAF
8573,sad,data/tess/OAF_Sad/OAF_search_sad.wav,tess,tess_OAF
8574,sad,data/tess/OAF_Sad/OAF_seize_sad.wav,tess,tess_OAF
8575,sad,data/tess/OAF_Sad/OAF_sell_sad.wav,tess,tess_OAF
8576,sad,data/tess/OAF_Sad/OAF_shack_sad.wav,tess,tess_OAF
8577,sad,data/tess/OAF_Sad/OAF_shall_sad.wav,tess,tess_OAF
8578,sad,data/tess/OAF_Sad/OAF_shawl_sad.wav,tess,tess_OAF
8579,sad,data/tess/OAF_Sad/OAF_sheep_sad.wav,tess,tess_OAF
8580,sad,data/tess/OAF_Sad/OAF_shirt_sad.wav,tess,tess_OAF
8581,sad,data/tess/OAF_Sad/OAF_should_sad.wav,tess,tess_OAF
8582,sad,data/tess/OAF_Sad/OAF_shout_sad.wav,tess,tess_OAF
8583,sad,data/tess/OAF_Sad/OAF_size_sad.wav,tess,tess_OAF
8584,sad,data/tess/OAF_Sad/OAF_soap_sad.wav,tess,tess_OAF
8585,sad,data/tess/OAF_Sad/OAF_soup_sad.wav,tess,tess_OAF
8586,sad,data/tess/OAF_Sad/OAF_sour_sad.wav,tess,tess_OAF
8587,sad,data/tess/OAF_Sad/OAF_south_sad.wav,tess,tess_OAF
8588,sad,data/tess/OAF_Sad/OAF_sub_sad.wav,tess,tess_OAF
8589,sad,data/tess/OAF_Sad/OAF_such_sad.wav,tess,tess_OAF
8590,sad,data/tess/OAF_Sad/OAF_sure_sad.wav,tess,tess_OAF
8591,sad,data/tess/OAF_Sad/OAF_take_sad.wav,tess,tess_OAF
8592,sad,data/tess/OAF_Sad/OAF_talk_sad.wav,tess,tess_OAF
8593,sad,data/tess/OAF_Sad/OAF_tape_sad.wav,tess,tess_OAF
8594,sad,data/tess/OAF_Sad/OAF_team_sad.wav,tess,tess_OAF
8595,sad,data/tess/OAF_Sad/OAF_tell_sad.wav,tess,tess_OAF
8596,sad,data/tess/OAF_Sad/OAF_thin_sad.wav,tess,tess_OAF
8597,sad,data/tess/OAF_Sad/OAF_third_sad.wav,tess,tess_OAF
8598,sad,data/tess/OAF_Sad/OAF_thought_sad.wav,tess,tess_OAF
8599,sad,data/tess/OAF_Sad/OAF_thumb_sad.wav,tess,tess_OAF
8600,sad,data/tess/OAF_Sad/OAF_time_sad.wav,tess,tess_OAF
8601,sad,data/tess/OAF_Sad/OAF_tip_sad.wav,tess,tess_OAF
8602,sad,data/tess/OAF_Sad/OAF_tire_sad.wav,tess,tess_OAF
8603,sad,data/tess/OAF_Sad/OAF_ton_sad.wav,tess,tess_OAF
8604,sad,data/tess/OAF_Sad/OAF_tool_sad.wav,tess,tess_OAF
8605,sad,data/tess/OAF_Sad/OAF_tough_sad.wav,tess,tess_OAF
8606,sad,data/tess/OAF_Sad/OAF_turn_sad.wav,tess,tess_OAF
8607,sad,data/tess/OAF_Sad/OAF_vine_sad.wav,tess,tess_OAF
8608,sad,data/tess/OAF_Sad/OAF_voice_sad.wav,tess,tess_OAF
8609,sad,data/tess/OAF_Sad/OAF_void_sad.wav,tess,tess_OAF
8610,sad,data/tess/OAF_Sad/OAF_vote_sad.wav,tess,tess_OAF
8611,sad,data/tess/OAF_Sad/OAF_wag_sad.wav,tess,tess_OAF
8612,sad,data/tess/OAF_Sad/OAF_walk_sad.wav,tess,tess_OAF
8613,sad,data/tess/OAF_Sad/OAF_wash_sad.wav,tess,tess_OAF
8614,sad,data/tess/OAF_Sad/OAF_week_sad.wav,tess,tess_OAF
8615,sad,data/tess/OAF_Sad/OAF_wheat_sad.wav,tess,tess_OAF
8616,sad,data/tess/OAF_Sad/OAF_when_sad.wav,tess,tess_OAF
8617,sad,data/tess/OAF_Sad/OAF_which_sad.wav,tess,tess_OAF
8618,sad,data/tess/OAF_Sad/OAF_whip_sad.wav,tess,tess_OAF
8619,sad,data/tess/OAF_Sad/OAF_white_sad.wav,tess,tess_OAF
8620,sad,data/tess/OAF_Sad/OAF_wife_sad.wav,tess,tess_OAF
8621,sad,data/tess/OAF_Sad/OAF_wire_sad.wav,tess,tess_OAF
8622,sad,data/tess/OAF_Sad/OAF_witch_sad.wav,tess,tess_OAF
8623,sad,data/tess/OAF_Sad/OAF_yearn_sad.wav,tess,tess_OAF
8624,sad,data/tess/OAF_Sad/OAF_yes_sad.wav,tess,tess_OAF
8625,sad,data/tess/OAF_Sad/OAF_young_sad.wav,tess,tess_OAF
8626,sad,data/tess/OAF_Sad/OAF_youth_sad.wav,tess,tess_OAF
8627,sad,data/tess/TESS Toronto emotional speech set data/OAF_Sad/OAF_back_sad.wav,tess,tess_OAF
8628,sad,data/tess/TESS Toronto emotional speech set data/OAF_Sad/OAF_bar_sad.wav,tess,tess_OAF
8629,sad,data/tess/TESS Toronto emotional speech set data/OAF_Sad/OAF_base_sad.wav,tess,tess_OAF
8630,sad,data/tess/TESS Toronto emotional speech set data/OAF_Sad/OAF_bath_sad.wav,tess,tess_OAF
8631,sad,data/tess/TESS Toronto emotional speech set data/OAF_Sad/OAF_bean_sad.wav,tess,tess_OAF
8632,sad,data/tess/TESS Toronto emotional speech set data/OAF_Sad/OAF_beg_sad.wav,tess,tess_OAF
8633,sad,data/tess/TESS Toronto emotional speech set data/OAF_Sad/OAF_bite_sad.wav,tess,tess_OAF
8634,sad,data/tess/TESS Toronto emotional speech set data/OAF_Sad/OAF_boat_sad.wav,tess,tess_OAF
8635,sad,data/tess/TESS Toronto emotional speech set data/OAF_Sad/OAF_bone_sad.wav,tess,tess_OAF
8636,sad,data/tess/TESS Toronto emotional speech set data/OAF_Sad/OAF_book_sad.wav,tess,tess_OAF
8637,sad,data/tess/TESS Toronto emotional speech set data/OAF_Sad/OAF_bought_sad.wav,tess,tess_OAF
8638,sad,data/tess/TESS Toronto emotional speech set data/OAF_Sad/OAF_burn_sad.wav,tess,tess_OAF
8639,sad,data/tess/TESS Toronto emotional speech set data/OAF_Sad/OAF_cab_sad.wav,tess,tess_OAF
8640,sad,data/tess/TESS Toronto emotional speech set data/OAF_Sad/OAF_calm_sad.wav,tess,tess_OAF
8641,sad,data/tess/TESS Toronto emotional speech set data/OAF_Sad/OAF_came_sad.wav,tess,tess_OAF
8642,sad,data/tess/TESS Toronto emotional speech set data/OAF_Sad/OAF_cause_sad.wav,tess,tess_OAF
8643,sad,data/tess/TESS Toronto emotional speech set data/OAF_Sad/OAF_chain_sad.wav,tess,tess_OAF
8644,sad,data/tess/TESS Toronto emotional speech set data/OAF_Sad/OAF_chair_sad.wav,tess,tess_OAF
8645,sad,data/tess/TESS Toronto emotional speech set data/OAF_Sad/OAF_chalk_sad.wav,tess,tess_OAF
8646,sad,data/tess/TESS Toronto emotional speech set data/OAF_Sad/OAF_chat_sad.wav,tess,tess_OAF
8647,sad,data/tess/TESS Toronto emotional speech set data/OAF_Sad/OAF_check_sad.wav,tess,tess_OAF
8648,sad,data/tess/TESS Toronto emotional speech set data/OAF_Sad/OAF_cheek_sad.wav,tess,tess_OAF
8649,sad,data/tess/TESS Toronto emotional speech set data/OAF_Sad/OAF_chief_sad.wav,tess,tess_OAF
8650,sad,data/tess/TESS Toronto emotional speech set data/OAF_Sad/OAF_choice_sad.wav,tess,tess_OAF
8651,sad,data/tess/TESS Toronto emotional speech set data/OAF_Sad/OAF_cool_sad.wav,tess,tess_OAF
8652,sad,data/tess/TESS Toronto emotional speech set data/OAF_Sad/OAF_dab_sad.wav,tess,tess_OAF
8653,sad,data/tess/TESS Toronto emotional speech set data/OAF_Sad/OAF_date_sad.wav,tess,tess_OAF
8654,sad,data/tess/TESS Toronto emotional speech set data/OAF_Sad/OAF_dead_sad.wav,tess,tess_OAF
8655,sad,data/tess/TESS Toronto emotional speech set data/OAF_Sad/OAF_death_sad.wav,tess,tess_OAF
8656,sad,data/tess/TESS Toronto emotional speech set data/OAF_Sad/OAF_deep_sad.wav,tess,tess_OAF
8657,sad,data/tess/TESS Toronto emotional speech set data/OAF_Sad/OAF_dime_sad.wav,tess,tess_OAF
8658,sad,data/tess/TESS Toronto emotional speech set data/OAF_Sad/OAF_dip_sad.wav,tess,tess_OAF
8659,sad,data/tess/TESS Toronto emotional speech set data/OAF_Sad/OAF_ditch_sad.wav,tess,tess_OAF
8660,sad,data/tess/TESS Toronto emotional speech set data/OAF_Sad/OAF_dodge_sad.wav,tess,tess_OAF
8661,sad,data/tess/TESS Toronto emotional speech set data/OAF_Sad/OAF_dog_sad.wav,tess,tess_OAF
8662,sad,data/tess/TESS Toronto emotional speech set data/OAF_Sad/OAF_doll_sad.wav,tess,tess_OAF
8663,sad,data/tess/TESS Toronto emotional speech set data/OAF_Sad/OAF_door_sad.wav,tess,tess_OAF
8664,sad,data/tess/TESS Toronto emotional speech set data/OAF_Sad/OAF_fail_sad.wav,tess,tess_OAF
8665,sad,data/tess/TESS Toronto emotional speech set data/OAF_Sad/OAF_fall_sad.wav,tess,tess_OAF
8666,sad,data/tess/TESS Toronto emotional speech set data/OAF_Sad/OAF_far_sad.wav,tess,tess_OAF
8667,sad,data/tess/TESS Toronto emotional speech set data/OAF_Sad/OAF_fat_sad.wav,tess,tess_OAF
8668,sad,data/tess/TESS Toronto emotional speech set data/OAF_Sad/OAF_fit_sad.wav,tess,tess_OAF
8669,sad,data/tess/TESS Toronto emotional speech set data/OAF_Sad/OAF_five_sad.wav,tess,tess_OAF
8670,sad,data/tess/TESS Toronto emotional speech set data/OAF_Sad/OAF_food_sad.wav,tess,tess_OAF
8671,sad,data/tess/TESS Toronto emotional speech set data/OAF_Sad/OAF_gap_sad.wav,tess,tess_OAF
8672,sad,data/tess/TESS Toronto emotional speech set data/OAF_Sad/OAF_gas_sad.wav,tess,tess_OAF
8673,sad,data/tess/TESS Toronto emotional speech set data/OAF_Sad/OAF_gaze_sad.wav,tess,tess_OAF
8674,sad,data/tess/TESS Toronto emotional speech set data/OAF_Sad/OAF_germ_sad.wav,tess,tess_OAF
8675,sad,data/tess/TESS Toronto emotional speech set data/OAF_Sad/OAF_get_sad.wav,tess,tess_OAF
8676,sad,data/tess/TESS Toronto emotional speech set data/OAF_Sad/OAF_gin_sad.wav,tess,tess_OAF
8677,sad,data/tess/TESS Toronto emotional speech set data/OAF_Sad/OAF_goal_sad.wav,tess,tess_OAF
8678,sad,data/tess/TESS Toronto emotional speech set data/OAF_Sad/OAF_good_sad.wav,tess,tess_OAF
8679,sad,data/tess/TESS Toronto emotional speech set data/OAF_Sad/OAF_goose_sad.wav,tess,tess_OAF
8680,sad,data/tess/TESS Toronto emotional speech set data/OAF_Sad/OAF_gun_sad.wav,tess,tess_OAF
8681,sad,data/tess/TESS Toronto emotional speech set data/OAF_Sad/OAF_half_sad.wav,tess,tess_OAF
8682,sad,data/tess/TESS Toronto emotional speech set data/OAF_Sad/OAF_hall_sad.wav,tess,tess_OAF
8683,sad,data/tess/TESS Toronto emotional speech set data/OAF_Sad/OAF_hash_sad.wav,tess,tess_OAF
8684,sad,data/tess/TESS Toronto emotional speech set data/OAF_Sad/OAF_hate_sad.wav,tess,tess_OAF
8685,sad,data/tess/TESS Toronto emotional speech set data/OAF_Sad/OAF_have_sad.wav,tess,tess_OAF
8686,sad,data/tess/TESS Toronto emotional speech set data/OAF_Sad/OAF_haze_sad.wav,tess,tess_OAF
8687,sad,data/tess/TESS Toronto emotional speech set data/OAF_Sad/OAF_hire_sad.wav,tess,tess_OAF
8688,sad,data/tess/TESS Toronto emotional speech set data/OAF_Sad/OAF_hit_sad.wav,tess,tess_OAF
8689,sad,data/tess/TESS Toronto emotional speech set data/OAF_Sad/OAF_hole_sad.wav,tess,tess_OAF
8690,sad,data/tess/TESS Toronto emotional speech set data/OAF_Sad/OAF_home_sad.wav,tess,tess_OAF
8691,sad,data/tess/TESS Toronto emotional speech set data/OAF_Sad/OAF_hurl_sad.wav,tess,tess_OAF
8692,sad,data/tess/TESS Toronto emotional speech set data/OAF_Sad/OAF_hush_sad.wav,tess,tess_OAF
8693,sad,data/tess/TESS Toronto emotional speech set data/OAF_Sad/OAF_jail_sad.wav,tess,tess_OAF
8694,sad,data/tess/TESS Toronto emotional speech set data/OAF_Sad/OAF_jar_sad.wav,tess,tess_OAF
8695,sad,data/tess/TESS Toronto emotional speech set data/OAF_Sad/OAF_join_sad.wav,tess,tess_OAF
8696,sad,data/tess/TESS Toronto emotional speech set data/OAF_Sad/OAF_judge_sad.wav,tess,tess_OAF
8697,sad,data/tess/TESS Toronto emotional speech set data/OAF_Sad/OAF_jug_sad.wav,tess,tess_OAF
8698,sad,data/tess/TESS Toronto emotional speech set data/OAF_Sad/OAF_juice_sad.wav,tess,tess_OAF
8699,sad,data/tess/TESS Toronto emotional speech set data/OAF_Sad/OAF_keen_sad.wav,tess,tess_OAF
8700,sad,data/tess/TESS Toronto emotional speech set data/OAF_Sad/OAF_keep_sad.wav,tess,tess_OAF
8701,sad,data/tess/TESS Toronto emotional speech set data/OAF_Sad/OAF_keg_sad.wav,tess,tess_OAF
8702,sad,data/tess/TESS Toronto emotional speech set data/OAF_Sad/OAF_kick_sad.wav,tess,tess_OAF
8703,sad,data/tess/TESS Toronto emotional speech set data/OAF_Sad/OAF_kill_sad.wav,tess,tess_OAF
8704,sad,data/tess/TESS Toronto emotional speech set data/OAF_Sad/OAF_king_sad.wav,tess,tess_OAF
8705,sad,data/tess/TESS Toronto emotional speech set data/OAF_Sad/OAF_kite_sad.wav,tess,tess_OAF
8706,sad,data/tess/TESS Toronto emotional speech set data/OAF_Sad/OAF_knock_sad.wav,tess,tess_OAF
8707,sad,data/tess/TESS Toronto emotional speech set data/OAF_Sad/OAF_late_sad.wav,tess,tess_OAF
8708,sad,data/tess/TESS Toronto emotional speech set data/OAF_Sad/OAF_laud_sad.wav,tess,tess_OAF
8709,sad,data/tess/TESS Toronto emotional speech set data/OAF_Sad/OAF_lean_sad.wav,tess,tess_OAF
8710,sad,data/tess/TESS Toronto emotional speech set data/OAF_Sad/OAF_learn_sad.wav,tess,tess_OAF
8711,sad,data/tess/TESS Toronto emotional speech set data/OAF_Sad/OAF_lease_sad.wav,tess,tess_OAF
8712,sad,data/tess/TESS Toronto emotional speech set data/OAF_Sad/OAF_lid_sad.wav,tess,tess_OAF
8713,sad,data/tess/TESS Toronto emotional speech set data/OAF_Sad/OAF_life_sad.wav,tess,tess_OAF
8714,sad,data/tess/TESS Toronto emotional speech set data/OAF_Sad/OAF_limb_sad.wav,tess,tess_OAF
8715,sad,data/tess/TESS Toronto emotional speech set data/OAF_Sad/OAF_live_sad.wav,tess,tess_OAF
8716,sad,data/tess/TESS Toronto emotional speech set data/OAF_Sad/OAF_loaf_sad.wav,tess,tess_OAF
8717,sad,data/tess/TESS Toronto emotional speech set data/OAF_Sad/OAF_long_sad.wav,tess,tess_OAF
8718,sad,data/tess/TESS Toronto emotional speech set data/OAF_Sad/OAF_lore_sad.wav,tess,tess_OAF
8719,sad,data/tess/TESS Toronto emotional speech set data/OAF_Sad/OAF_lose_sad.wav,tess,tess_OAF
8720,sad,data/tess/TESS Toronto emotional speech set data/OAF_Sad/OAF_lot_sad.wav,tess,tess_OAF
8721,sad,data/tess/TESS Toronto emotional speech set data/OAF_Sad/OAF_love_sad.wav,tess,tess_OAF
8722,sad,data/tess/TESS Toronto emotional speech set data/OAF_Sad/OAF_luck_sad.wav,tess,tess_OAF
8723,sad,data/tess/TESS Toronto emotional speech set data/OAF_Sad/OAF_make_sad.wav,tess,tess_OAF
8724,sad,data/tess/TESS Toronto emotional speech set data/OAF_Sad/OAF_match_sad.wav,tess,tess_OAF
8725,sad,data/tess/TESS Toronto emotional speech set data/OAF_Sad/OAF_merge_sad.wav,tess,tess_OAF
8726,sad,data/tess/TESS Toronto emotional speech set data/OAF_Sad/OAF_mess_sad.wav,tess,tess_OAF
8727,sad,data/tess/TESS Toronto emotional speech set data/OAF_Sad/OAF_met_sad.wav,tess,tess_OAF
8728,sad,data/tess/TESS Toronto emotional speech set data/OAF_Sad/OAF_mill_sad.wav,tess,tess_OAF
8729,sad,data/tess/TESS Toronto emotional speech set data/OAF_Sad/OAF_mob_sad.wav,tess,tess_OAF
8730,sad,data/tess/TESS Toronto emotional speech set data/OAF_Sad/OAF_mode_sad.wav,tess,tess_OAF
8731,sad,data/tess/TESS Toronto emotional speech set data/OAF_Sad/OAF_mood_sad.wav,tess,tess_OAF
8732,sad,data/tess/TESS Toronto emotional speech set data/OAF_Sad/OAF_moon_sad.wav,tess,tess_OAF
8733,sad,data/tess/TESS Toronto emotional speech set data/OAF_Sad/OAF_mop_sad.wav,tess,tess_OAF
8734,sad,data/tess/TESS Toronto emotional speech set data/OAF_Sad/OAF_mouse_sad.wav,tess,tess_OAF
8735,sad,data/tess/TESS Toronto emotional speech set data/OAF_Sad/OAF_nag_sad.wav,tess,tess_OAF
8736,sad,data/tess/TESS Toronto emotional speech set data/OAF_Sad/OAF_name_sad.wav,tess,tess_OAF
8737,sad,data/tess/TESS Toronto emotional speech set data/OAF_Sad/OAF_near_sad.wav,tess,tess_OAF
8738,sad,data/tess/TESS Toronto emotional speech set data/OAF_Sad/OAF_neat_sad.wav,tess,tess_OAF
8739,sad,data/tess/TESS Toronto emotional speech set data/OAF_Sad/OAF_nice_sad.wav,tess,tess_OAF
8740,sad,data/tess/TESS Toronto emotional speech set data/OAF_Sad/OAF_note_sad.wav,tess,tess_OAF
8741,sad,data/tess/TESS Toronto emotional speech set data/OAF_Sad/OAF_numb_sad.wav,tess,tess_OAF
8742,sad,data/tess/TESS Toronto emotional speech set data/OAF_Sad/OAF_pad_sad.wav,tess,tess_OAF
8743,sad,data/tess/TESS Toronto emotional speech set data/OAF_Sad/OAF_page_sad.wav,tess,tess_OAF
8744,sad,data/tess/TESS Toronto emotional speech set data/OAF_Sad/OAF_pain_sad.wav,tess,tess_OAF
8745,sad,data/tess/TESS Toronto emotional speech set data/OAF_Sad/OAF_pass_sad.wav,tess,tess_OAF
8746,sad,data/tess/TESS Toronto emotional speech set data/OAF_Sad/OAF_pearl_sad.wav,tess,tess_OAF
8747,sad,data/tess/TESS Toronto emotional speech set data/OAF_Sad/OAF_peg_sad.wav,tess,tess_OAF
8748,sad,data/tess/TESS Toronto emotional speech set data/OAF_Sad/OAF_perch_sad.wav,tess,tess_OAF
8749,sad,data/tess/TESS Toronto emotional speech set data/OAF_Sad/OAF_phone_sad.wav,tess,tess_OAF
8750,sad,data/tess/TESS Toronto emotional speech set data/OAF_Sad/OAF_pick_sad.wav,tess,tess_OAF
8751,sad,data/tess/TESS Toronto emotional speech set data/OAF_Sad/OAF_pike_sad.wav,tess,tess_OAF
8752,sad,data/tess/TESS Toronto emotional speech set data/OAF_Sad/OAF_pole_sad.wav,tess,tess_OAF
8753,sad,data/tess/TESS Toronto emotional speech set data/OAF_Sad/OAF_pool_sad.wav,tess,tess_OAF
8754,sad,data/tess/TESS Toronto emotional speech set data/OAF_Sad/OAF_puff_sad.wav,tess,tess_OAF
8755,sad,data/tess/TESS Toronto emotional speech set data/OAF_Sad/OAF_rag_sad.wav,tess,tess_OAF
8756,sad,data/tess/TESS Toronto emotional speech set data/OAF_Sad/OAF_raid_sad.wav,tess,tess_OAF
8757,sad,data/tess/TESS Toronto emotional speech set data/OAF_Sad/OAF_rain_sad.wav,tess,tess_OAF
8758,sad,data/tess/TESS Toronto emotional speech set data/OAF_Sad/OAF_raise_sad.wav,tess,tess_OAF
8759,sad,data/tess/TESS Toronto emotional speech set data/OAF_Sad/OAF_rat_sad.wav,tess,tess_OAF
8760,sad,data/tess/TESS Toronto emotional speech set data/OAF_Sad/OAF_reach_sad.wav,tess,tess_OAF
8761,sad,data/tess/TESS Toronto emotional speech set data/OAF_Sad/OAF_read_sad.wav,tess,tess_OAF
8762,sad,data/tess/TESS Toronto emotional speech set data/OAF_Sad/OAF_red_sad.wav,tess,tess_OAF
8763,sad,data/tess/TESS Toronto emotional speech set data/OAF_Sad/OAF_ring_sad.wav,tess,tess_OAF
8764,sad,data/tess/TESS Toronto emotional speech set data/OAF_Sad/OAF_ripe_sad.wav,tess,tess_OAF
8765,sad,data/tess/TESS Toronto emotional speech set data/OAF_Sad/OAF_road_sad.wav,tess,tess_OAF
8766,sad,data/tess/TESS Toronto emotional speech set data/OAF_Sad/OAF_room_sad.wav,tess,tess_OAF
8767,sad,data/tess/TESS Toronto emotional speech set data/OAF_Sad/OAF_rose_sad.wav,tess,tess_OAF
8768,sad,data/tess/TESS Toronto emotional speech set data/OAF_Sad/OAF_rot_sad.wav,tess,tess_OAF
8769,sad,data/tess/TESS Toronto emotional speech set data/OAF_Sad/OAF_rough_sad.wav,tess,tess_OAF
8770,sad,data/tess/TESS Toronto emotional speech set data/OAF_Sad/OAF_rush_sad.wav,tess,tess_OAF
8771,sad,data/tess/TESS Toronto emotional speech set data/OAF_Sad/OAF_said_sad.wav,tess,tess_OAF
8772,sad,data/tess/TESS Toronto emotional speech set data/OAF_Sad/OAF_sail_sad.wav,tess,tess_OAF
8773,sad,data/tess/TESS Toronto emotional speech set data/OAF_Sad/OAF_search_sad.wav,tess,tess_OAF
8774,sad,data/tess/TESS Toronto emotional speech set data/OAF_Sad/OAF_seize_sad.wav,tess,tess_OAF
8775,sad,data/tess/TESS Toronto emotional speech set data/OAF_Sad/OAF_sell_sad.wav,tess,tess_OAF
8776,sad,data/tess/TESS Toronto emotional speech set data/OAF_Sad/OAF_shack_sad.wav,tess,tess_OAF
8777,sad,data/tess/TESS Toronto emotional speech set data/OAF_Sad/OAF_shall_sad.wav,tess,tess_OAF
8778,sad,data/tess/TESS Toronto emotional speech set data/OAF_Sad/OAF_shawl_sad.wav,tess,tess_OAF
8779,sad,data/tess/TESS Toronto emotional speech set data/OAF_Sad/OAF_sheep_sad.wav,tess,tess_OAF
8780,sad,data/tess/TESS Toronto emotional speech set data/OAF_Sad/OAF_shirt_sad.wav,tess,tess_OAF
8781,sad,data/tess/TESS Toronto emotional speech set data/OAF_Sad/OAF_should_sad.wav,tess,tess_OAF
8782,sad,data/tess/TESS Toronto emotional speech set data/OAF_Sad/OAF_shout_sad.wav,tess,tess_OAF
8783,sad,data/tess/TESS Toronto emotional speech set data/OAF_Sad/OAF_size_sad.wav,tess,tess_OAF
8784,sad,data/tess/TESS Toronto emotional speech set data/OAF_Sad/OAF_soap_sad.wav,tess,tess_OAF
8785,sad,data/tess/TESS Toronto emotional speech set data/OAF_Sad/OAF_soup_sad.wav,tess,tess_OAF
8786,sad,data/tess/TESS Toronto emotional speech set data/OAF_Sad/OAF_sour_sad.wav,tess,tess_OAF
8787,sad,data/tess/TESS Toronto emotional speech set data/OAF_Sad/OAF_south_sad.wav,tess,tess_OAF
8788,sad,data/tess/TESS Toronto emotional speech set data/OAF_Sad/OAF_sub_sad.wav,tess,tess_OAF
8789,sad,data/tess/TESS Toronto emotional speech set data/OAF_Sad/OAF_such_sad.wav,tess,tess_OAF
8790,sad,data/tess/TESS Toronto emotional speech set data/OAF_Sad/OAF_sure_sad.wav,tess,tess_OAF
8791,sad,data/tess/TESS Toronto emotional speech set data/OAF_Sad/OAF_take_sad.wav,tess,tess_OAF
8792,sad,data/tess/TESS Toronto emotional speech set data/OAF_Sad/OAF_talk_sad.wav,tess,tess_OAF
8793,sad,data/tess/TESS Toronto emotional speech set data/OAF_Sad/OAF_tape_sad.wav,tess,tess_OAF
8794,sad,data/tess/TESS Toronto emotional speech set data/OAF_Sad/OAF_team_sad.wav,tess,tess_OAF
8795,sad,data/tess/TESS Toronto emotional speech set data/OAF_Sad/OAF_tell_sad.wav,tess,tess_OAF
8796,sad,data/tess/TESS Toronto emotional speech set data/OAF_Sad/OAF_thin_sad.wav,tess,tess_OAF
8797,sad,data/tess/TESS Toronto emotional speech set data/OAF_Sad/OAF_third_sad.wav,tess,tess_OAF
8798,sad,data/tess/TESS Toronto emotional speech set data/OAF_Sad/OAF_thought_sad.wav,tess,tess_OAF
8799,sad,data/tess/TESS Toronto emotional speech set data/OAF_Sad/OAF_thumb_sad.wav,tess,tess_OAF
8800,sad,data/tess/TESS Toronto emotional speech set data/OAF_Sad/OAF_time_sad.wav,tess,tess_OAF
8801,sad,data/tess/TESS Toronto emotional speech set data/OAF_Sad/OAF_tip_sad.wav,tess,tess_OAF
8802,sad,data/tess/TESS Toronto emotional speech set data/OAF_Sad/OAF_tire_sad.wav,tess,tess_OAF
8803,sad,data/tess/TESS Toronto emotional speech set data/OAF_Sad/OAF_ton_sad.wav,tess,tess_OAF
8804,sad,data/tess/TESS Toronto emotional speech set data/OAF_Sad/OAF_tool_sad.wav,tess,tess_OAF
8805,sad,data/tess/TESS Toronto emotional speech set data/OAF_Sad/OAF_tough_sad.wav,tess,tess_OAF
8806,sad,data/tess/TESS Toronto emotional speech set data/OAF_Sad/OAF_turn_sad.wav,tess,tess_OAF
8807,sad,data/tess/TESS Toronto emotional speech set data/OAF_Sad/OAF_vine_sad.wav,tess,tess_OAF
8808,sad,data/tess/TESS Toronto emotional speech set data/OAF_Sad/OAF_voice_sad.wav,tess,tess_OAF
8809,sad,data/tess/TESS Toronto emotional speech set data/OAF_Sad/OAF_void_sad.wav,tess,tess_OAF
8810,sad,data/tess/TESS Toronto emotional speech set data/OAF_Sad/OAF_vote_sad.wav,tess,tess_OAF
8811,sad,data/tess/TESS Toronto emotional speech set data/OAF_Sad/OAF_wag_sad.wav,tess,tess_OAF
8812,sad,data/tess/TESS Toronto emotional speech set data/OAF_Sad/OAF_walk_sad.wav,tess,tess_OAF
8813,sad,data/tess/TESS Toronto emotional speech set data/OAF_Sad/OAF_wash_sad.wav,tess,tess_OAF
8814,sad,data/tess/TESS Toronto emotional speech set data/OAF_Sad/OAF_week_sad.wav,tess,tess_OAF
8815,sad,data/tess/TESS Toronto emotional speech set data/OAF_Sad/OAF_wheat_sad.wav,tess,tess_OAF
8816,sad,data/tess/TESS Toronto emotional speech set data/OAF_Sad/OAF_when_sad.wav,tess,tess_OAF
8817,sad,data/tess/TESS Toronto emotional speech set data/OAF_Sad/OAF_which_sad.wav,tess,tess_OAF
8818,sad,data/tess/TESS Toronto emotional speech set data/OAF_Sad/OAF_whip_sad.wav,tess,tess_OAF
8819,sad,data/tess/TESS Toronto emotional speech set data/OAF_Sad/OAF_white_sad.wav,tess,tess_OAF
8820,sad,data/tess/TESS Toronto emotional speech set data/OAF_Sad/OAF_wife_sad.wav,tess,tess_OAF
8821,sad,data/tess/TESS Toronto emotional speech set data/OAF_Sad/OAF_wire_sad.wav,tess,tess_OAF
8822,sad,data/tess/TESS Toronto emotional speech set data/OAF_Sad/OAF_witch_sad.wav,tess,tess_OAF
8823,sad,data/tess/TESS Toronto emotional speech set data/OAF_Sad/OAF_yearn_sad.wav,tess,tess_OAF
8824,sad,data/tess/TESS Toronto emotional speech set data/OAF_Sad/OAF_yes_sad.wav,tess,tess_OAF
8825,sad,data/tess/TESS Toronto emotional speech set data/OAF_Sad/OAF_young_sad.wav,tess,tess_OAF
8826,sad,data/tess/TESS Toronto emotional speech set data/OAF_Sad/OAF_youth_sad.wav,tess,tess_OAF
8827,sad,data/tess/TESS Toronto emotional speech set data/YAF_sad/YAF_back_sad.wav,tess,tess_YAF
8828,sad,data/tess/TESS Toronto emotional speech set data/YAF_sad/YAF_bar_sad.wav,tess,tess_YAF
8829,sad,data/tess/TESS Toronto emotional speech set data/YAF_sad/YAF_base_sad.wav,tess,tess_YAF
8830,sad,data/tess/TESS Toronto emotional speech set data/YAF_sad/YAF_bath_sad.wav,tess,tess_YAF
8831,sad,data/tess/TESS Toronto emotional speech set data/YAF_sad/YAF_bean_sad.wav,tess,tess_YAF
8832,sad,data/tess/TESS Toronto emotional speech set data/YAF_sad/YAF_beg_sad.wav,tess,tess_YAF
8833,sad,data/tess/TESS Toronto emotional speech set data/YAF_sad/YAF_bite_sad.wav,tess,tess_YAF
8834,sad,data/tess/TESS Toronto emotional speech set data/YAF_sad/YAF_boat_sad.wav,tess,tess_YAF
8835,sad,data/tess/TESS Toronto emotional speech set data/YAF_sad/YAF_bone_sad.wav,tess,tess_YAF
8836,sad,data/tess/TESS Toronto emotional speech set data/YAF_sad/YAF_book_sad.wav,tess,tess_YAF
8837,sad,data/tess/TESS Toronto emotional speech set data/YAF_sad/YAF_bought_sad.wav,tess,tess_YAF
8838,sad,data/tess/TESS Toronto emotional speech set data/YAF_sad/YAF_burn_sad.wav,tess,tess_YAF
8839,sad,data/tess/TESS Toronto emotional speech set data/YAF_sad/YAF_cab_sad.wav,tess,tess_YAF
8840,sad,data/tess/TESS Toronto emotional speech set data/YAF_sad/YAF_calm_sad.wav,tess,tess_YAF
8841,sad,data/tess/TESS Toronto emotional speech set data/YAF_sad/YAF_came_sad.wav,tess,tess_YAF
8842,sad,data/tess/TESS Toronto emotional speech set data/YAF_sad/YAF_cause_sad.wav,tess,tess_YAF
8843,sad,data/tess/TESS Toronto emotional speech set data/YAF_sad/YAF_chain_sad.wav,tess,tess_YAF
8844,sad,data/tess/TESS Toronto emotional speech set data/YAF_sad/YAF_chair_sad.wav,tess,tess_YAF
8845,sad,data/tess/TESS Toronto emotional speech set data/YAF_sad/YAF_chalk_sad.wav,tess,tess_YAF
8846,sad,data/tess/TESS Toronto emotional speech set data/YAF_sad/YAF_chat_sad.wav,tess,tess_YAF
8847,sad,data/tess/TESS Toronto emotional speech set data/YAF_sad/YAF_check_sad.wav,tess,tess_YAF
8848,sad,data/tess/TESS Toronto emotional speech set data/YAF_sad/YAF_cheek_sad.wav,tess,tess_YAF
8849,sad,data/tess/TESS Toronto emotional speech set data/YAF_sad/YAF_chief_sad.wav,tess,tess_YAF
8850,sad,data/tess/TESS Toronto emotional speech set data/YAF_sad/YAF_choice_sad.wav,tess,tess_YAF
8851,sad,data/tess/TESS Toronto emotional speech set data/YAF_sad/YAF_cool_sad.wav,tess,tess_YAF
8852,sad,data/tess/TESS Toronto emotional speech set data/YAF_sad/YAF_dab_sad.wav,tess,tess_YAF
8853,sad,data/tess/TESS Toronto emotional speech set data/YAF_sad/YAF_date_sad.wav,tess,tess_YAF
8854,sad,data/tess/TESS Toronto emotional speech set data/YAF_sad/YAF_dead_sad.wav,tess,tess_YAF
8855,sad,data/tess/TESS Toronto emotional speech set data/YAF_sad/YAF_death_sad.wav,tess,tess_YAF
8856,sad,data/tess/TESS Toronto emotional speech set data/YAF_sad/YAF_deep_sad.wav,tess,tess_YAF
8857,sad,data/tess/TESS Toronto emotional speech set data/YAF_sad/YAF_dime_sad.wav,tess,tess_YAF
8858,sad,data/tess/TESS Toronto emotional speech set data/YAF_sad/YAF_dip_sad.wav,tess,tess_YAF
8859,sad,data/tess/TESS Toronto emotional speech set data/YAF_sad/YAF_ditch_sad.wav,tess,tess_YAF
8860,sad,data/tess/TESS Toronto emotional speech set data/YAF_sad/YAF_dodge_sad.wav,tess,tess_YAF
8861,sad,data/tess/TESS Toronto emotional speech set data/YAF_sad/YAF_dog_sad.wav,tess,tess_YAF
8862,sad,data/tess/TESS Toronto emotional speech set data/YAF_sad/YAF_doll_sad.wav,tess,tess_YAF
8863,sad,data/tess/TESS Toronto emotional speech set data/YAF_sad/YAF_door_sad.wav,tess,tess_YAF
8864,sad,data/tess/TESS Toronto emotional speech set data/YAF_sad/YAF_fail_sad.wav,tess,tess_YAF
8865,sad,data/tess/TESS Toronto emotional speech set data/YAF_sad/YAF_fall_sad.wav,tess,tess_YAF
8866,sad,data/tess/TESS Toronto emotional speech set data/YAF_sad/YAF_far_sad.wav,tess,tess_YAF
8867,sad,data/tess/TESS Toronto emotional speech set data/YAF_sad/YAF_fat_sad.wav,tess,tess_YAF
8868,sad,data/tess/TESS Toronto emotional speech set data/YAF_sad/YAF_fit_sad.wav,tess,tess_YAF
8869,sad,data/tess/TESS Toronto emotional speech set data/YAF_sad/YAF_five_sad.wav,tess,tess_YAF
8870,sad,data/tess/TESS Toronto emotional speech set data/YAF_sad/YAF_food_sad.wav,tess,tess_YAF
8871,sad,data/tess/TESS Toronto emotional speech set data/YAF_sad/YAF_gap_sad.wav,tess,tess_YAF
8872,sad,data/tess/TESS Toronto emotional speech set data/YAF_sad/YAF_gas_sad.wav,tess,tess_YAF
8873,sad,data/tess/TESS Toronto emotional speech set data/YAF_sad/YAF_gaze_sad.wav,tess,tess_YAF
8874,sad,data/tess/TESS Toronto emotional speech set data/YAF_sad/YAF_germ_sad.wav,tess,tess_YAF
8875,sad,data/tess/TESS Toronto emotional speech set data/YAF_sad/YAF_get_sad.wav,tess,tess_YAF
8876,sad,data/tess/TESS Toronto emotional speech set data/YAF_sad/YAF_gin_sad.wav,tess,tess_YAF
8877,sad,data/tess/TESS Toronto emotional speech set data/YAF_sad/YAF_goal_sad.wav,tess,tess_YAF
8878,sad,data/tess/TESS Toronto emotional speech set data/YAF_sad/YAF_good_sad.wav,tess,tess_YAF
8879,sad,data/tess/TESS Toronto emotional speech set data/YAF_sad/YAF_goose_sad.wav,tess,tess_YAF
8880,sad,data/tess/TESS Toronto emotional speech set data/YAF_sad/YAF_gun_sad.wav,tess,tess_YAF
8881,sad,data/tess/TESS Toronto emotional speech set data/YAF_sad/YAF_half_sad.wav,tess,tess_YAF
8882,sad,data/tess/TESS Toronto emotional speech set data/YAF_sad/YAF_hall_sad.wav,tess,tess_YAF
8883,sad,data/tess/TESS Toronto emotional speech set data/YAF_sad/YAF_hash_sad.wav,tess,tess_YAF
8884,sad,data/tess/TESS Toronto emotional speech set data/YAF_sad/YAF_hate_sad.wav,tess,tess_YAF
8885,sad,data/tess/TESS Toronto emotional speech set data/YAF_sad/YAF_have_sad.wav,tess,tess_YAF
8886,sad,data/tess/TESS Toronto emotional speech set data/YAF_sad/YAF_haze_sad.wav,tess,tess_YAF
8887,sad,data/tess/TESS Toronto emotional speech set data/YAF_sad/YAF_hire_sad.wav,tess,tess_YAF
8888,sad,data/tess/TESS Toronto emotional speech set data/YAF_sad/YAF_hit_sad.wav,tess,tess_YAF
8889,sad,data/tess/TESS Toronto emotional speech set data/YAF_sad/YAF_hole_sad.wav,tess,tess_YAF
8890,sad,data/tess/TESS Toronto emotional speech set data/YAF_sad/YAF_home_sad.wav,tess,tess_YAF
8891,sad,data/tess/TESS Toronto emotional speech set data/YAF_sad/YAF_hurl_sad.wav,tess,tess_YAF
8892,sad,data/tess/TESS Toronto emotional speech set data/YAF_sad/YAF_hush_sad.wav,tess,tess_YAF
8893,sad,data/tess/TESS Toronto emotional speech set data/YAF_sad/YAF_jail_sad.wav,tess,tess_YAF
8894,sad,data/tess/TESS Toronto emotional speech set data/YAF_sad/YAF_jar_sad.wav,tess,tess_YAF
8895,sad,data/tess/TESS Toronto emotional speech set data/YAF_sad/YAF_join_sad.wav,tess,tess_YAF
8896,sad,data/tess/TESS Toronto emotional speech set data/YAF_sad/YAF_judge_sad.wav,tess,tess_YAF
8897,sad,data/tess/TESS Toronto emotional speech set data/YAF_sad/YAF_jug_sad.wav,tess,tess_YAF
8898,sad,data/tess/TESS Toronto emotional speech set data/YAF_sad/YAF_juice_sad.wav,tess,tess_YAF
8899,sad,data/tess/TESS Toronto emotional speech set data/YAF_sad/YAF_keen_sad.wav,tess,tess_YAF
8900,sad,data/tess/TESS Toronto emotional speech set data/YAF_sad/YAF_keep_sad.wav,tess,tess_YAF
8901,sad,data/tess/TESS Toronto emotional speech set data/YAF_sad/YAF_keg_sad.wav,tess,tess_YAF
8902,sad,data/tess/TESS Toronto emotional speech set data/YAF_sad/YAF_kick_sad.wav,tess,tess_YAF
8903,sad,data/tess/TESS Toronto emotional speech set data/YAF_sad/YAF_kill_sad.wav,tess,tess_YAF
8904,sad,data/tess/TESS Toronto emotional speech set data/YAF_sad/YAF_king_sad.wav,tess,tess_YAF
8905,sad,data/tess/TESS Toronto emotional speech set data/YAF_sad/YAF_kite_sad.wav,tess,tess_YAF
8906,sad,data/tess/TESS Toronto emotional speech set data/YAF_sad/YAF_knock_sad.wav,tess,tess_YAF
8907,sad,data/tess/TESS Toronto emotional speech set data/YAF_sad/YAF_late_sad.wav,tess,tess_YAF
8908,sad,data/tess/TESS Toronto emotional speech set data/YAF_sad/YAF_laud_sad.wav,tess,tess_YAF
8909,sad,data/tess/TESS Toronto emotional speech set data/YAF_sad/YAF_lean_sad.wav,tess,tess_YAF
8910,sad,data/tess/TESS Toronto emotional speech set data/YAF_sad/YAF_learn_sad.wav,tess,tess_YAF
8911,sad,data/tess/TESS Toronto emotional speech set data/YAF_sad/YAF_lease_sad.wav,tess,tess_YAF
8912,sad,data/tess/TESS Toronto emotional speech set data/YAF_sad/YAF_lid_sad.wav,tess,tess_YAF
8913,sad,data/tess/TESS Toronto emotional speech set data/YAF_sad/YAF_life_sad.wav,tess,tess_YAF
8914,sad,data/tess/TESS Toronto emotional speech set data/YAF_sad/YAF_limb_sad.wav,tess,tess_YAF
8915,sad,data/tess/TESS Toronto emotional speech set data/YAF_sad/YAF_live_sad.wav,tess,tess_YAF
8916,sad,data/tess/TESS Toronto emotional speech set data/YAF_sad/YAF_loaf_sad.wav,tess,tess_YAF
8917,sad,data/tess/TESS Toronto emotional speech set data/YAF_sad/YAF_long_sad.wav,tess,tess_YAF
8918,sad,data/tess/TESS Toronto emotional speech set data/YAF_sad/YAF_lore_sad.wav,tess,tess_YAF
8919,sad,data/tess/TESS Toronto emotional speech set data/YAF_sad/YAF_lose_sad.wav,tess,tess_YAF
8920,sad,data/tess/TESS Toronto emotional speech set data/YAF_sad/YAF_lot_sad.wav,tess,tess_YAF
8921,sad,data/tess/TESS Toronto emotional speech set data/YAF_sad/YAF_love_sad.wav,tess,tess_YAF
8922,sad,data/tess/TESS Toronto emotional speech set data/YAF_sad/YAF_luck_sad.wav,tess,tess_YAF
8923,sad,data/tess/TESS Toronto emotional speech set data/YAF_sad/YAF_make_sad.wav,tess,tess_YAF
8924,sad,data/tess/TESS Toronto emotional speech set data/YAF_sad/YAF_match_sad.wav,tess,tess_YAF
8925,sad,data/tess/TESS Toronto emotional speech set data/YAF_sad/YAF_merge_sad.wav,tess,tess_YAF
8926,sad,data/tess/TESS Toronto emotional speech set data/YAF_sad/YAF_mess_sad.wav,tess,tess_YAF
8927,sad,data/tess/TESS Toronto emotional speech set data/YAF_sad/YAF_met_sad.wav,tess,tess_YAF
8928,sad,data/tess/TESS Toronto emotional speech set data/YAF_sad/YAF_mill_sad.wav,tess,tess_YAF
8929,sad,data/tess/TESS Toronto emotional speech set data/YAF_sad/YAF_mob_sad.wav,tess,tess_YAF
8930,sad,data/tess/TESS Toronto emotional speech set data/YAF_sad/YAF_mode_sad.wav,tess,tess_YAF
8931,sad,data/tess/TESS Toronto emotional speech set data/YAF_sad/YAF_mood_sad.wav,tess,tess_YAF
8932,sad,data/tess/TESS Toronto emotional speech set data/YAF_sad/YAF_moon_sad.wav,tess,tess_YAF
8933,sad,data/tess/TESS Toronto emotional speech set data/YAF_sad/YAF_mop_sad.wav,tess,tess_YAF
8934,sad,data/tess/TESS Toronto emotional speech set data/YAF_sad/YAF_mouse_sad.wav,tess,tess_YAF
8935,sad,data/tess/TESS Toronto emotional speech set data/YAF_sad/YAF_nag_sad.wav,tess,tess_YAF
8936,sad,data/tess/TESS Toronto emotional speech set data/YAF_sad/YAF_name_sad.wav,tess,tess_YAF
8937,sad,data/tess/TESS Toronto emotional speech set data/YAF_sad/YAF_near_sad.wav,tess,tess_YAF
8938,sad,data/tess/TESS Toronto emotional speech set data/YAF_sad/YAF_neat_sad.wav,tess,tess_YAF
8939,sad,data/tess/TESS Toronto emotional speech set data/YAF_sad/YAF_nice_sad.wav,tess,tess_YAF
8940,sad,data/tess/TESS Toronto emotional speech set data/YAF_sad/YAF_note_sad.wav,tess,tess_YAF
8941,sad,data/tess/TESS Toronto emotional speech set data/YAF_sad/YAF_numb_sad.wav,tess,tess_YAF
8942,sad,data/tess/TESS Toronto emotional speech set data/YAF_sad/YAF_pad_sad.wav,tess,tess_YAF
8943,sad,data/tess/TESS Toronto emotional speech set data/YAF_sad/YAF_page_sad.wav,tess,tess_YAF
8944,sad,data/tess/TESS Toronto emotional speech set data/YAF_sad/YAF_pain_sad.wav,tess,tess_YAF
8945,sad,data/tess/TESS Toronto emotional speech set data/YAF_sad/YAF_pass_sad.wav,tess,tess_YAF
8946,sad,data/tess/TESS Toronto emotional speech set data/YAF_sad/YAF_pearl_sad.wav,tess,tess_YAF
8947,sad,data/tess/TESS Toronto emotional speech set data/YAF_sad/YAF_peg_sad.wav,tess,tess_YAF
8948,sad,data/tess/TESS Toronto emotional speech set data/YAF_sad/YAF_perch_sad.wav,tess,tess_YAF
8949,sad,data/tess/TESS Toronto emotional speech set data/YAF_sad/YAF_phone_sad.wav,tess,tess_YAF
8950,sad,data/tess/TESS Toronto emotional speech set data/YAF_sad/YAF_pick_sad.wav,tess,tess_YAF
8951,sad,data/tess/TESS Toronto emotional speech set data/YAF_sad/YAF_pike_sad.wav,tess,tess_YAF
8952,sad,data/tess/TESS Toronto emotional speech set data/YAF_sad/YAF_pole_sad.wav,tess,tess_YAF
8953,sad,data/tess/TESS Toronto emotional speech set data/YAF_sad/YAF_pool_sad.wav,tess,tess_YAF
8954,sad,data/tess/TESS Toronto emotional speech set data/YAF_sad/YAF_puff_sad.wav,tess,tess_YAF
8955,sad,data/tess/TESS Toronto emotional speech set data/YAF_sad/YAF_rag_sad.wav,tess,tess_YAF
8956,sad,data/tess/TESS Toronto emotional speech set data/YAF_sad/YAF_raid_sad.wav,tess,tess_YAF
8957,sad,data/tess/TESS Toronto emotional speech set data/YAF_sad/YAF_rain_sad.wav,tess,tess_YAF
8958,sad,data/tess/TESS Toronto emotional speech set data/YAF_sad/YAF_raise_sad.wav,tess,tess_YAF
8959,sad,data/tess/TESS Toronto emotional speech set data/YAF_sad/YAF_rat_sad.wav,tess,tess_YAF
8960,sad,data/tess/TESS Toronto emotional speech set data/YAF_sad/YAF_reach_sad.wav,tess,tess_YAF
8961,sad,data/tess/TESS Toronto emotional speech set data/YAF_sad/YAF_read_sad.wav,tess,tess_YAF
8962,sad,data/tess/TESS Toronto emotional speech set data/YAF_sad/YAF_red_sad.wav,tess,tess_YAF
8963,sad,data/tess/TESS Toronto emotional speech set data/YAF_sad/YAF_ring_sad.wav,tess,tess_YAF
8964,sad,data/tess/TESS Toronto emotional speech set data/YAF_sad/YAF_ripe_sad.wav,tess,tess_YAF
8965,sad,data/tess/TESS Toronto emotional speech set data/YAF_sad/YAF_road_sad.wav,tess,tess_YAF
8966,sad,data/tess/TESS Toronto emotional speech set data/YAF_sad/YAF_room_sad.wav,tess,tess_YAF
8967,sad,data/tess/TESS Toronto emotional speech set data/YAF_sad/YAF_rose_sad.wav,tess,tess_YAF
8968,sad,data/tess/TESS Toronto emotional speech set data/YAF_sad/YAF_rot_sad.wav,tess,tess_YAF
8969,sad,data/tess/TESS Toronto emotional speech set data/YAF_sad/YAF_rough_sad.wav,tess,tess_YAF
8970,sad,data/tess/TESS Toronto emotional speech set data/YAF_sad/YAF_rush_sad.wav,tess,tess_YAF
8971,sad,data/tess/TESS Toronto emotional speech set data/YAF_sad/YAF_said_sad.wav,tess,tess_YAF
8972,sad,data/tess/TESS Toronto emotional speech set data/YAF_sad/YAF_sail_sad.wav,tess,tess_YAF
8973,sad,data/tess/TESS Toronto emotional speech set data/YAF_sad/YAF_search_sad.wav,tess,tess_YAF
8974,sad,data/tess/TESS Toronto emotional speech set data/YAF_sad/YAF_seize_sad.wav,tess,tess_YAF
8975,sad,data/tess/TESS Toronto emotional speech set data/YAF_sad/YAF_sell_sad.wav,tess,tess_YAF
8976,sad,data/tess/TESS Toronto emotional speech set data/YAF_sad/YAF_shack_sad.wav,tess,tess_YAF
8977,sad,data/tess/TESS Toronto emotional speech set data/YAF_sad/YAF_shall_sad.wav,tess,tess_YAF
8978,sad,data/tess/TESS Toronto emotional speech set data/YAF_sad/YAF_shawl_sad.wav,tess,tess_YAF
8979,sad,data/tess/TESS Toronto emotional speech set data/YAF_sad/YAF_sheep_sad.wav,tess,tess_YAF
8980,sad,data/tess/TESS Toronto emotional speech set data/YAF_sad/YAF_shirt_sad.wav,tess,tess_YAF
8981,sad,data/tess/TESS Toronto emotional speech set data/YAF_sad/YAF_should_sad.wav,tess,tess_YAF
8982,sad,data/tess/TESS Toronto emotional speech set data/YAF_sad/YAF_shout_sad.wav,tess,tess_YAF
8983,sad,data/tess/TESS Toronto emotional speech set data/YAF_sad/YAF_size_sad.wav,tess,tess_YAF
8984,sad,data/tess/TESS Toronto emotional speech set data/YAF_sad/YAF_soap_sad.wav,tess,tess_YAF
8985,sad,data/tess/TESS Toronto emotional speech set data/YAF_sad/YAF_soup_sad.wav,tess,tess_YAF
8986,sad,data/tess/TESS Toronto emotional speech set data/YAF_sad/YAF_sour_sad.wav,tess,tess_YAF
8987,sad,data/tess/TESS Toronto emotional speech set data/YAF_sad/YAF_south_sad.wav,tess,tess_YAF
8988,sad,data/tess/TESS Toronto emotional speech set data/YAF_sad/YAF_sub_sad.wav,tess,tess_YAF
8989,sad,data/tess/TESS Toronto emotional speech set data/YAF_sad/YAF_such_sad.wav,tess,tess_YAF
8990,sad,data/tess/TESS Toronto emotional speech set data/YAF_sad/YAF_sure_sad.wav,tess,tess_YAF
8991,sad,data/tess/TESS Toronto emotional speech set data/YAF_sad/YAF_take_sad.wav,tess,tess_YAF
8992,sad,data/tess/TESS Toronto emotional speech set data/YAF_sad/YAF_talk_sad.wav,tess,tess_YAF
8993,sad,data/tess/TESS Toronto emotional speech set data/YAF_sad/YAF_tape_sad.wav,tess,tess_YAF
8994,sad,data/tess/TESS Toronto emotional speech set data/YAF_sad/YAF_team_sad.wav,tess,tess_YAF
8995,sad,data/tess/TESS Toronto emotional speech set data/YAF_sad/YAF_tell_sad.wav,tess,tess_YAF
8996,sad,data/tess/TESS Toronto emotional speech set data/YAF_sad/YAF_thin_sad.wav,tess,tess_YAF
8997,sad,data/tess/TESS Toronto emotional speech set data/YAF_sad/YAF_third_sad.wav,tess,tess_YAF
8998,sad,data/tess/TESS Toronto emotional speech set data/YAF_sad/YAF_thought_sad.wav,tess,tess_YAF
8999,sad,data/tess/TESS Toronto emotional speech set data/YAF_sad/YAF_thumb_sad.wav,tess,tess_YAF
9000,sad,data/tess/TESS Toronto emotional speech set data/YAF_sad/YAF_time_sad.wav,tess,tess_YAF
9001,sad,data/tess/TESS Toronto emotional speech set data/YAF_sad/YAF_tip_sad.wav,tess,tess_YAF
9002,sad,data/tess/TESS Toronto emotional speech set data/YAF_sad/YAF_tire_sad.wav,tess,tess_YAF
9003,sad,data/tess/TESS Toronto emotional speech set data/YAF_sad/YAF_ton_sad.wav,tess,tess_YAF
9004,sad,data/tess/TESS Toronto emotional speech set data/YAF_sad/YAF_tool_sad.wav,tess,tess_YAF
9005,sad,data/tess/TESS Toronto emotional speech set data/YAF_sad/YAF_tough_sad.wav,tess,tess_YAF
9006,sad,data/tess/TESS Toronto emotional speech set data/YAF_sad/YAF_turn_sad.wav,tess,tess_YAF
9007,sad,data/tess/TESS Toronto emotional speech set data/YAF_sad/YAF_vine_sad.wav,tess,tess_YAF
9008,sad,data/tess/TESS Toronto emotional speech set data/YAF_sad/YAF_voice_sad.wav,tess,tess_YAF
9009,sad,data/tess/TESS Toronto emotional speech set data/YAF_sad/YAF_void_sad.wav,tess,tess_YAF
9010,sad,data/tess/TESS Toronto emotional speech set data/YAF_sad/YAF_vote_sad.wav,tess,tess_YAF
9011,sad,data/tess/TESS Toronto emotional speech set data/YAF_sad/YAF_wag_sad.wav,tess,tess_YAF
9012,sad,data/tess/TESS Toronto emotional speech set data/YAF_sad/YAF_walk_sad.wav,tess,tess_YAF
9013,sad,data/tess/TESS Toronto emotional speech set data/YAF_sad/YAF_wash_sad.wav,tess,tess_YAF
9014,sad,data/tess/TESS Toronto emotional speech set data/YAF_sad/YAF_week_sad.wav,tess,tess_YAF
9015,sad,data/tess/TESS Toronto emotional speech set data/YAF_sad/YAF_wheat_sad.wav,tess,tess_YAF
9016,sad,data/tess/TESS Toronto emotional speech set data/YAF_sad/YAF_when_sad.wav,tess,tess_YAF
9017,sad,data/tess/TESS Toronto emotional speech set data/YAF_sad/YAF_which_sad.wav,tess,tess_YAF
9018,sad,data/tess/TESS Toronto emotional speech set data/YAF_sad/YAF_whip_sad.wav,tess,tess_YAF
9019,sad,data/tess/TESS Toronto emotional speech set data/YAF_sad/YAF_white_sad.wav,tess,tess_YAF
9020,sad,data/tess/TESS Toronto emotional speech set data/YAF_sad/YAF_wife_sad.wav,tess,tess_YAF
9021,sad,data/tess/TESS Toronto emotional speech set data/YAF_sad/YAF_wire_sad.wav,tess,tess_YAF
9022,sad,data/tess/TESS Toronto emotional speech set data/YAF_sad/YAF_witch_sad.wav,tess,tess_YAF
9023,sad,data/tess/TESS Toronto emotional speech set data/YAF_sad/YAF_yearn_sad.wav,tess,tess_YAF
9024,sad,data/tess/TESS Toronto emotional speech set data/YAF_sad/YAF_yes_sad.wav,tess,tess_YAF
9025,sad,data/tess/TESS Toronto emotional speech set data/YAF_sad/YAF_young_sad.wav,tess,tess_YAF
9026,sad,data/tess/TESS Toronto emotional speech set data/YAF_sad/YAF_youth_sad.wav,tess,tess_YAF
9027,sad,data/tess/YAF_sad/YAF_back_sad.wav,tess,tess_YAF
9028,sad,data/tess/YAF_sad/YAF_bar_sad.wav,tess,tess_YAF
9029,sad,data/tess/YAF_sad/YAF_base_sad.wav,tess,tess_YAF
9030,sad,data/tess/YAF_sad/YAF_bath_sad.wav,tess,tess_YAF
9031,sad,data/tess/YAF_sad/YAF_bean_sad.wav,tess,tess_YAF
9032,sad,data/tess/YAF_sad/YAF_beg_sad.wav,tess,tess_YAF
9033,sad,data/tess/YAF_sad/YAF_bite_sad.wav,tess,tess_YAF
9034,sad,data/tess/YAF_sad/YAF_boat_sad.wav,tess,tess_YAF
9035,sad,data/tess/YAF_sad/YAF_bone_sad.wav,tess,tess_YAF
9036,sad,data/tess/YAF_sad/YAF_book_sad.wav,tess,tess_YAF
9037,sad,data/tess/YAF_sad/YAF_bought_sad.wav,tess,tess_YAF
9038,sad,data/tess/YAF_sad/YAF_burn_sad.wav,tess,tess_YAF
9039,sad,data/tess/YAF_sad/YAF_cab_sad.wav,tess,tess_YAF
9040,sad,data/tess/YAF_sad/YAF_calm_sad.wav,tess,tess_YAF
9041,sad,data/tess/YAF_sad/YAF_came_sad.wav,tess,tess_YAF
9042,sad,data/tess/YAF_sad/YAF_cause_sad.wav,tess,tess_YAF
9043,sad,data/tess/YAF_sad/YAF_chain_sad.wav,tess,tess_YAF
9044,sad,data/tess/YAF_sad/YAF_chair_sad.wav,tess,tess_YAF
9045,sad,data/tess/YAF_sad/YAF_chalk_sad.wav,tess,tess_YAF
9046,sad,data/tess/YAF_sad/YAF_chat_sad.wav,tess,tess_YAF
9047,sad,data/tess/YAF_sad/YAF_check_sad.wav,tess,tess_YAF
9048,sad,data/tess/YAF_sad/YAF_cheek_sad.wav,tess,tess_YAF
9049,sad,data/tess/YAF_sad/YAF_chief_sad.wav,tess,tess_YAF
9050,sad,data/tess/YAF_sad/YAF_choice_sad.wav,tess,tess_YAF
9051,sad,data/tess/YAF_sad/YAF_cool_sad.wav,tess,tess_YAF
9052,sad,data/tess/YAF_sad/YAF_dab_sad.wav,tess,tess_YAF
9053,sad,data/tess/YAF_sad/YAF_date_sad.wav,tess,tess_YAF
9054,sad,data/tess/YAF_sad/YAF_dead_sad.wav,tess,tess_YAF
9055,sad,data/tess/YAF_sad/YAF_death_sad.wav,tess,tess_YAF
9056,sad,data/tess/YAF_sad/YAF_deep_sad.wav,tess,tess_YAF
9057,sad,data/tess/YAF_sad/YAF_dime_sad.wav,tess,tess_YAF
9058,sad,data/tess/YAF_sad/YAF_dip_sad.wav,tess,tess_YAF
9059,sad,data/tess/YAF_sad/YAF_ditch_sad.wav,tess,tess_YAF
9060,sad,data/tess/YAF_sad/YAF_dodge_sad.wav,tess,tess_YAF
9061,sad,data/tess/YAF_sad/YAF_dog_sad.wav,tess,tess_YAF
9062,sad,data/tess/YAF_sad/YAF_doll_sad.wav,tess,tess_YAF
9063,sad,data/tess/YAF_sad/YAF_door_sad.wav,tess,tess_YAF
9064,sad,data/tess/YAF_sad/YAF_fail_sad.wav,tess,tess_YAF
9065,sad,data/tess/YAF_sad/YAF_fall_sad.wav,tess,tess_YAF
9066,sad,data/tess/YAF_sad/YAF_far_sad.wav,tess,tess_YAF
9067,sad,data/tess/YAF_sad/YAF_fat_sad.wav,tess,tess_YAF
9068,sad,data/tess/YAF_sad/YAF_fit_sad.wav,tess,tess_YAF
9069,sad,data/tess/YAF_sad/YAF_five_sad.wav,tess,tess_YAF
9070,sad,data/tess/YAF_sad/YAF_food_sad.wav,tess,tess_YAF
9071,sad,data/tess/YAF_sad/YAF_gap_sad.wav,tess,tess_YAF
9072,sad,data/tess/YAF_sad/YAF_gas_sad.wav,tess,tess_YAF
9073,sad,data/tess/YAF_sad/YAF_gaze_sad.wav,tess,tess_YAF
9074,sad,data/tess/YAF_sad/YAF_germ_sad.wav,tess,tess_YAF
9075,sad,data/tess/YAF_sad/YAF_get_sad.wav,tess,tess_YAF
9076,sad,data/tess/YAF_sad/YAF_gin_sad.wav,tess,tess_YAF
9077,sad,data/tess/YAF_sad/YAF_goal_sad.wav,tess,tess_YAF
9078,sad,data/tess/YAF_sad/YAF_good_sad.wav,tess,tess_YAF
9079,sad,data/tess/YAF_sad/YAF_goose_sad.wav,tess,tess_YAF
9080,sad,data/tess/YAF_sad/YAF_gun_sad.wav,tess,tess_YAF
9081,sad,data/tess/YAF_sad/YAF_half_sad.wav,tess,tess_YAF
9082,sad,data/tess/YAF_sad/YAF_hall_sad.wav,tess,tess_YAF
9083,sad,data/tess/YAF_sad/YAF_hash_sad.wav,tess,tess_YAF
9084,sad,data/tess/YAF_sad/YAF_hate_sad.wav,tess,tess_YAF
9085,sad,data/tess/YAF_sad/YAF_have_sad.wav,tess,tess_YAF
9086,sad,data/tess/YAF_sad/YAF_haze_sad.wav,tess,tess_YAF
9087,sad,data/tess/YAF_sad/YAF_hire_sad.wav,tess,tess_YAF
9088,sad,data/tess/YAF_sad/YAF_hit_sad.wav,tess,tess_YAF
9089,sad,data/tess/YAF_sad/YAF_hole_sad.wav,tess,tess_YAF
9090,sad,data/tess/YAF_sad/YAF_home_sad.wav,tess,tess_YAF
9091,sad,data/tess/YAF_sad/YAF_hurl_sad.wav,tess,tess_YAF
9092,sad,data/tess/YAF_sad/YAF_hush_sad.wav,tess,tess_YAF
9093,sad,data/tess/YAF_sad/YAF_jail_sad.wav,tess,tess_YAF
9094,sad,data/tess/YAF_sad/YAF_jar_sad.wav,tess,tess_YAF
9095,sad,data/tess/YAF_sad/YAF_join_sad.wav,tess,tess_YAF
9096,sad,data/tess/YAF_sad/YAF_judge_sad.wav,tess,tess_YAF
9097,sad,data/tess/YAF_sad/YAF_jug_sad.wav,tess,tess_YAF
9098,sad,data/tess/YAF_sad/YAF_juice_sad.wav,tess,tess_YAF
9099,sad,data/tess/YAF_sad/YAF_keen_sad.wav,tess,tess_YAF
9100,sad,data/tess/YAF_sad/YAF_keep_sad.wav,tess,tess_YAF
9101,sad,data/tess/YAF_sad/YAF_keg_sad.wav,tess,tess_YAF
9102,sad,data/tess/YAF_sad/YAF_kick_sad.wav,tess,tess_YAF
9103,sad,data/tess/YAF_sad/YAF_kill_sad.wav,tess,tess_YAF
9104,sad,data/tess/YAF_sad/YAF_king_sad.wav,tess,tess_YAF
9105,sad,data/tess/YAF_sad/YAF_kite_sad.wav,tess,tess_YAF
9106,sad,data/tess/YAF_sad/YAF_knock_sad.wav,tess,tess_YAF
9107,sad,data/tess/YAF_sad/YAF_late_sad.wav,tess,tess_YAF
9108,sad,data/tess/YAF_sad/YAF_laud_sad.wav,tess,tess_YAF
9109,sad,data/tess/YAF_sad/YAF_lean_sad.wav,tess,tess_YAF
9110,sad,data/tess/YAF_sad/YAF_learn_sad.wav,tess,tess_YAF
9111,sad,data/tess/YAF_sad/YAF_lease_sad.wav,tess,tess_YAF
9112,sad,data/tess/YAF_sad/YAF_lid_sad.wav,tess,tess_YAF
9113,sad,data/tess/YAF_sad/YAF_life_sad.wav,tess,tess_YAF
9114,sad,data/tess/YAF_sad/YAF_limb_sad.wav,tess,tess_YAF
9115,sad,data/tess/YAF_sad/YAF_live_sad.wav,tess,tess_YAF
9116,sad,data/tess/YAF_sad/YAF_loaf_sad.wav,tess,tess_YAF
9117,sad,data/tess/YAF_sad/YAF_long_sad.wav,tess,tess_YAF
9118,sad,data/tess/YAF_sad/YAF_lore_sad.wav,tess,tess_YAF
9119,sad,data/tess/YAF_sad/YAF_lose_sad.wav,tess,tess_YAF
9120,sad,data/tess/YAF_sad/YAF_lot_sad.wav,tess,tess_YAF
9121,sad,data/tess/YAF_sad/YAF_love_sad.wav,tess,tess_YAF
9122,sad,data/tess/YAF_sad/YAF_luck_sad.wav,tess,tess_YAF
9123,sad,data/tess/YAF_sad/YAF_make_sad.wav,tess,tess_YAF
9124,sad,data/tess/YAF_sad/YAF_match_sad.wav,tess,tess_YAF
9125,sad,data/tess/YAF_sad/YAF_merge_sad.wav,tess,tess_YAF
9126,sad,data/tess/YAF_sad/YAF_mess_sad.wav,tess,tess_YAF
9127,sad,data/tess/YAF_sad/YAF_met_sad.wav,tess,tess_YAF
9128,sad,data/tess/YAF_sad/YAF_mill_sad.wav,tess,tess_YAF
9129,sad,data/tess/YAF_sad/YAF_mob_sad.wav,tess,tess_YAF
9130,sad,data/tess/YAF_sad/YAF_mode_sad.wav,tess,tess_YAF
9131,sad,data/tess/YAF_sad/YAF_mood_sad.wav,tess,tess_YAF
9132,sad,data/tess/YAF_sad/YAF_moon_sad.wav,tess,tess_YAF
9133,sad,data/tess/YAF_sad/YAF_mop_sad.wav,tess,tess_YAF
9134,sad,data/tess/YAF_sad/YAF_mouse_sad.wav,tess,tess_YAF
9135,sad,data/tess/YAF_sad/YAF_nag_sad.wav,tess,tess_YAF
9136,sad,data/tess/YAF_sad/YAF_name_sad.wav,tess,tess_YAF
9137,sad,data/tess/YAF_sad/YAF_near_sad.wav,tess,tess_YAF
9138,sad,data/tess/YAF_sad/YAF_neat_sad.wav,tess,tess_YAF
9139,sad,data/tess/YAF_sad/YAF_nice_sad.wav,tess,tess_YAF
9140,sad,data/tess/YAF_sad/YAF_note_sad.wav,tess,tess_YAF
9141,sad,data/tess/YAF_sad/YAF_numb_sad.wav,tess,tess_YAF
9142,sad,data/tess/YAF_sad/YAF_pad_sad.wav,tess,tess_YAF
9143,sad,data/tess/YAF_sad/YAF_page_sad.wav,tess,tess_YAF
9144,sad,data/tess/YAF_sad/YAF_pain_sad.wav,tess,tess_YAF
9145,sad,data/tess/YAF_sad/YAF_pass_sad.wav,tess,tess_YAF
9146,sad,data/tess/YAF_sad/YAF_pearl_sad.wav,tess,tess_YAF
9147,sad,data/tess/YAF_sad/YAF_peg_sad.wav,tess,tess_YAF
9148,sad,data/tess/YAF_sad/YAF_perch_sad.wav,tess,tess_YAF
9149,sad,data/tess/YAF_sad/YAF_phone_sad.wav,tess,tess_YAF
9150,sad,data/tess/YAF_sad/YAF_pick_sad.wav,tess,tess_YAF
9151,sad,data/tess/YAF_sad/YAF_pike_sad.wav,tess,tess_YAF
9152,sad,data/tess/YAF_sad/YAF_pole_sad.wav,tess,tess_YAF
9153,sad,data/tess/YAF_sad/YAF_pool_sad.wav,tess,tess_YAF
9154,sad,data/tess/YAF_sad/YAF_puff_sad.wav,tess,tess_YAF
9155,sad,data/tess/YAF_sad/YAF_rag_sad.wav,tess,tess_YAF
9156,sad,data/tess/YAF_sad/YAF_raid_sad.wav,tess,tess_YAF
9157,sad,data/tess/YAF_sad/YAF_rain_sad.wav,tess,tess_YAF
9158,sad,data/tess/YAF_sad/YAF_raise_sad.wav,tess,tess_YAF
9159,sad,data/tess/YAF_sad/YAF_rat_sad.wav,tess,tess_YAF
9160,sad,data/tess/YAF_sad/YAF_reach_sad.wav,tess,tess_YAF
9161,sad,data/tess/YAF_sad/YAF_read_sad.wav,tess,tess_YAF
9162,sad,data/tess/YAF_sad/YAF_red_sad.wav,tess,tess_YAF
9163,sad,data/tess/YAF_sad/YAF_ring_sad.wav,tess,tess_YAF
9164,sad,data/tess/YAF_sad/YAF_ripe_sad.wav,tess,tess_YAF
9165,sad,data/tess/YAF_sad/YAF_road_sad.wav,tess,tess_YAF
9166,sad,data/tess/YAF_sad/YAF_room_sad.wav,tess,tess_YAF
9167,sad,data/tess/YAF_sad/YAF_rose_sad.wav,tess,tess_YAF
9168,sad,data/tess/YAF_sad/YAF_rot_sad.wav,tess,tess_YAF
9169,sad,data/tess/YAF_sad/YAF_rough_sad.wav,tess,tess_YAF
9170,sad,data/tess/YAF_sad/YAF_rush_sad.wav,tess,tess_YAF
9171,sad,data/tess/YAF_sad/YAF_said_sad.wav,tess,tess_YAF
9172,sad,data/tess/YAF_sad/YAF_sail_sad.wav,tess,tess_YAF
9173,sad,data/tess/YAF_sad/YAF_search_sad.wav,tess,tess_YAF
9174,sad,data/tess/YAF_sad/YAF_seize_sad.wav,tess,tess_YAF
9175,sad,data/tess/YAF_sad/YAF_sell_sad.wav,tess,tess_YAF
9176,sad,data/tess/YAF_sad/YAF_shack_sad.wav,tess,tess_YAF
9177,sad,data/tess/YAF_sad/YAF_shall_sad.wav,tess,tess_YAF
9178,sad,data/tess/YAF_sad/YAF_shawl_sad.wav,tess,tess_YAF
9179,sad,data/tess/YAF_sad/YAF_sheep_sad.wav,tess,tess_YAF
9180,sad,data/tess/YAF_sad/YAF_shirt_sad.wav,tess,tess_YAF
9181,sad,data/tess/YAF_sad/YAF_should_sad.wav,tess,tess_YAF
9182,sad,data/tess/YAF_sad/YAF_shout_sad.wav,tess,tess_YAF
9183,sad,data/tess/YAF_sad/YAF_size_sad.wav,tess,tess_YAF
9184,sad,data/tess/YAF_sad/YAF_soap_sad.wav,tess,tess_YAF
9185,sad,data/tess/YAF_sad/YAF_soup_sad.wav,tess,tess_YAF
9186,sad,data/tess/YAF_sad/YAF_sour_sad.wav,tess,tess_YAF
9187,sad,data/tess/YAF_sad/YAF_south_sad.wav,tess,tess_YAF
9188,sad,data/tess/YAF_sad/YAF_sub_sad.wav,tess,tess_YAF
9189,sad,data/tess/YAF_sad/YAF_such_sad.wav,tess,tess_YAF
9190,sad,data/tess/YAF_sad/YAF_sure_sad.wav,tess,tess_YAF
9191,sad,data/tess/YAF_sad/YAF_take_sad.wav,tess,tess_YAF
9192,sad,data/tess/YAF_sad/YAF_talk_sad.wav,tess,tess_YAF
9193,sad,data/tess/YAF_sad/YAF_tape_sad.wav,tess,tess_YAF
9194,sad,data/tess/YAF_sad/YAF_team_sad.wav,tess,tess_YAF
9195,sad,data/tess/YAF_sad/YAF_tell_sad.wav,tess,tess_YAF
9196,sad,data/tess/YAF_sad/YAF_thin_sad.wav,tess,tess_YAF
9197,sad,data/tess/YAF_sad/YAF_third_sad.wav,tess,tess_YAF
9198,sad,data/tess/YAF_sad/YAF_thought_sad.wav,tess,tess_YAF
9199,sad,data/tess/YAF_sad/YAF_thumb_sad.wav,tess,tess_YAF
9200,sad,data/tess/YAF_sad/YAF_time_sad.wav,tess,tess_YAF
9201,sad,data/tess/YAF_sad/YAF_tip_sad.wav,tess,tess_YAF
9202,sad,data/tess/YAF_sad/YAF_tire_sad.wav,tess,tess_YAF
9203,sad,data/tess/YAF_sad/YAF_ton_sad.wav,tess,tess_YAF
9204,sad,data/tess/YAF_sad/YAF_tool_sad.wav,tess,tess_YAF
9205,sad,data/tess/YAF_sad/YAF_tough_sad.wav,tess,tess_YAF
9206,sad,data/tess/YAF_sad/YAF_turn_sad.wav,tess,tess_YAF
9207,sad,data/tess/YAF_sad/YAF_vine_sad.wav,tess,tess_YAF
9208,sad,data/tess/YAF_sad/YAF_voice_sad.wav,tess,tess_YAF
9209,sad,data/tess/YAF_sad/YAF_void_sad.wav,tess,tess_YAF
9210,sad,data/tess/YAF_sad/YAF_vote_sad.wav,tess,tess_YAF
9211,sad,data/tess/YAF_sad/YAF_wag_sad.wav,tess,tess_YAF
9212,sad,data/tess/YAF_sad/YAF_walk_sad.wav,tess,tess_YAF
9213,sad,data/tess/YAF_sad/YAF_wash_sad.wav,tess,tess_YAF
9214,sad,data/tess/YAF_sad/YAF_week_sad.wav,tess,tess_YAF
9215,sad,data/tess/YAF_sad/YAF_wheat_sad.wav,tess,tess_YAF
9216,sad,data/tess/YAF_sad/YAF_when_sad.wav,tess,tess_YAF
9217,sad,data/tess/YAF_sad/YAF_which_sad.wav,tess,tess_YAF
9218,sad,data/tess/YAF_sad/YAF_whip_sad.wav,tess,tess_YAF
9219,sad,data/tess/YAF_sad/YAF_white_sad.wav,tess,tess_YAF
9220,sad,data/tess/YAF_sad/YAF_wife_sad.wav,tess,tess_YAF
9221,sad,data/tess/YAF_sad/YAF_wire_sad.wav,tess,tess_YAF
9222,sad,data/tess/YAF_sad/YAF_witch_sad.wav,tess,tess_YAF
9223,sad,data/tess/YAF_sad/YAF_yearn_sad.wav,tess,tess_YAF
9224,sad,data/tess/YAF_sad/YAF_yes_sad.wav,tess,tess_YAF
9225,sad,data/tess/YAF_sad/YAF_young_sad.wav,tess,tess_YAF
9226,sad,data/tess/YAF_sad/YAF_youth_sad.wav,tess,tess_YAF
9227,surprised,data/tess/OAF_Pleasant_surprise/OAF_back_ps.wav,tess,tess_OAF
9228,surprised,data/tess/OAF_Pleasant_surprise/OAF_bar_ps.wav,tess,tess_OAF
9229,surprised,data/tess/OAF_Pleasant_surprise/OAF_base_ps.wav,tess,tess_OAF
9230,surprised,data/tess/OAF_Pleasant_surprise/OAF_bath_ps.wav,tess,tess_OAF
9231,surprised,data/tess/OAF_Pleasant_surprise/OAF_bean_ps.wav,tess,tess_OAF
9232,surprised,data/tess/OAF_Pleasant_surprise/OAF_beg_ps.wav,tess,tess_OAF
9233,surprised,data/tess/OAF_Pleasant_surprise/OAF_bite_ps.wav,tess,tess_OAF
9234,surprised,data/tess/OAF_Pleasant_surprise/OAF_boat_ps.wav,tess,tess_OAF
9235,surprised,data/tess/OAF_Pleasant_surprise/OAF_bone_ps.wav,tess,tess_OAF
9236,surprised,data/tess/OAF_Pleasant_surprise/OAF_book_ps.wav,tess,tess_OAF
9237,surprised,data/tess/OAF_Pleasant_surprise/OAF_bought_ps.wav,tess,tess_OAF
9238,surprised,data/tess/OAF_Pleasant_surprise/OAF_burn_ps.wav,tess,tess_OAF
9239,surprised,data/tess/OAF_Pleasant_surprise/OAF_cab_ps.wav,tess,tess_OAF
9240,surprised,data/tess/OAF_Pleasant_surprise/OAF_calm_ps.wav,tess,tess_OAF
9241,surprised,data/tess/OAF_Pleasant_surprise/OAF_came_ps.wav,tess,tess_OAF
9242,surprised,data/tess/OAF_Pleasant_surprise/OAF_cause_ps.wav,tess,tess_OAF
9243,surprised,data/tess/OAF_Pleasant_surprise/OAF_chain_ps.wav,tess,tess_OAF
9244,surprised,data/tess/OAF_Pleasant_surprise/OAF_chair_ps.wav,tess,tess_OAF
9245,surprised,data/tess/OAF_Pleasant_surprise/OAF_chalk_ps.wav,tess,tess_OAF
9246,surprised,data/tess/OAF_Pleasant_surprise/OAF_chat_ps.wav,tess,tess_OAF
9247,surprised,data/tess/OAF_Pleasant_surprise/OAF_check_ps.wav,tess,tess_OAF
9248,surprised,data/tess/OAF_Pleasant_surprise/OAF_cheek_ps.wav,tess,tess_OAF
9249,surprised,data/tess/OAF_Pleasant_surprise/OAF_chief_ps.wav,tess,tess_OAF
9250,surprised,data/tess/OAF_Pleasant_surprise/OAF_choice_ps.wav,tess,tess_OAF
9251,surprised,data/tess/OAF_Pleasant_surprise/OAF_cool_ps.wav,tess,tess_OAF
9252,surprised,data/tess/OAF_Pleasant_surprise/OAF_dab_ps.wav,tess,tess_OAF
9253,surprised,data/tess/OAF_Pleasant_surprise/OAF_date_ps.wav,tess,tess_OAF
9254,surprised,data/tess/OAF_Pleasant_surprise/OAF_dead_ps.wav,tess,tess_OAF
9255,surprised,data/tess/OAF_Pleasant_surprise/OAF_death_ps.wav,tess,tess_OAF
9256,surprised,data/tess/OAF_Pleasant_surprise/OAF_deep_ps.wav,tess,tess_OAF
9257,surprised,data/tess/OAF_Pleasant_surprise/OAF_dime_ps.wav,tess,tess_OAF
9258,surprised,data/tess/OAF_Pleasant_surprise/OAF_dip_ps.wav,tess,tess_OAF
9259,surprised,data/tess/OAF_Pleasant_surprise/OAF_ditch_ps.wav,tess,tess_OAF
9260,surprised,data/tess/OAF_Pleasant_surprise/OAF_dodge_ps.wav,tess,tess_OAF
9261,surprised,data/tess/OAF_Pleasant_surprise/OAF_dog_ps.wav,tess,tess_OAF
9262,surprised,data/tess/OAF_Pleasant_surprise/OAF_doll_ps.wav,tess,tess_OAF
9263,surprised,data/tess/OAF_Pleasant_surprise/OAF_door_ps.wav,tess,tess_OAF
9264,surprised,data/tess/OAF_Pleasant_surprise/OAF_fail_ps.wav,tess,tess_OAF
9265,surprised,data/tess/OAF_Pleasant_surprise/OAF_fall_ps.wav,tess,tess_OAF
9266,surprised,data/tess/OAF_Pleasant_surprise/OAF_far_ps.wav,tess,tess_OAF
9267,surprised,data/tess/OAF_Pleasant_surprise/OAF_fat_ps.wav,tess,tess_OAF
9268,surprised,data/tess/OAF_Pleasant_surprise/OAF_fit_ps.wav,tess,tess_OAF
9269,surprised,data/tess/OAF_Pleasant_surprise/OAF_five_ps.wav,tess,tess_OAF
9270,surprised,data/tess/OAF_Pleasant_surprise/OAF_food_ps.wav,tess,tess_OAF
9271,surprised,data/tess/OAF_Pleasant_surprise/OAF_gap_ps.wav,tess,tess_OAF
9272,surprised,data/tess/OAF_Pleasant_surprise/OAF_gas_ps.wav,tess,tess_OAF
9273,surprised,data/tess/OAF_Pleasant_surprise/OAF_gaze_ps.wav,tess,tess_OAF
9274,surprised,data/tess/OAF_Pleasant_surprise/OAF_germ_ps.wav,tess,tess_OAF
9275,surprised,data/tess/OAF_Pleasant_surprise/OAF_get_ps.wav,tess,tess_OAF
9276,surprised,data/tess/OAF_Pleasant_surprise/OAF_gin_ps.wav,tess,tess_OAF
9277,surprised,data/tess/OAF_Pleasant_surprise/OAF_goal_ps.wav,tess,tess_OAF
9278,surprised,data/tess/OAF_Pleasant_surprise/OAF_good_ps.wav,tess,tess_OAF
9279,surprised,data/tess/OAF_Pleasant_surprise/OAF_goose_ps.wav,tess,tess_OAF
9280,surprised,data/tess/OAF_Pleasant_surprise/OAF_gun_ps.wav,tess,tess_OAF
9281,surprised,data/tess/OAF_Pleasant_surprise/OAF_half_ps.wav,tess,tess_OAF
9282,surprised,data/tess/OAF_Pleasant_surprise/OAF_hall_ps.wav,tess,tess_OAF
9283,surprised,data/tess/OAF_Pleasant_surprise/OAF_hash_ps.wav,tess,tess_OAF
9284,surprised,data/tess/OAF_Pleasant_surprise/OAF_hate_ps.wav,tess,tess_OAF
9285,surprised,data/tess/OAF_Pleasant_surprise/OAF_have_ps.wav,tess,tess_OAF
9286,surprised,data/tess/OAF_Pleasant_surprise/OAF_haze_ps.wav,tess,tess_OAF
9287,surprised,data/tess/OAF_Pleasant_surprise/OAF_hire_ps.wav,tess,tess_OAF
9288,surprised,data/tess/OAF_Pleasant_surprise/OAF_hit_ps.wav,tess,tess_OAF
9289,surprised,data/tess/OAF_Pleasant_surprise/OAF_hole_ps.wav,tess,tess_OAF
9290,surprised,data/tess/OAF_Pleasant_surprise/OAF_home_ps.wav,tess,tess_OAF
9291,surprised,data/tess/OAF_Pleasant_surprise/OAF_hurl_ps.wav,tess,tess_OAF
9292,surprised,data/tess/OAF_Pleasant_surprise/OAF_hush_ps.wav,tess,tess_OAF
9293,surprised,data/tess/OAF_Pleasant_surprise/OAF_jail_ps.wav,tess,tess_OAF
9294,surprised,data/tess/OAF_Pleasant_surprise/OAF_jar_ps.wav,tess,tess_OAF
9295,surprised,data/tess/OAF_Pleasant_surprise/OAF_join_ps.wav,tess,tess_OAF
9296,surprised,data/tess/OAF_Pleasant_surprise/OAF_judge_ps.wav,tess,tess_OAF
9297,surprised,data/tess/OAF_Pleasant_surprise/OAF_jug_ps.wav,tess,tess_OAF
9298,surprised,data/tess/OAF_Pleasant_surprise/OAF_juice_ps.wav,tess,tess_OAF
9299,surprised,data/tess/OAF_Pleasant_surprise/OAF_keen_ps.wav,tess,tess_OAF
9300,surprised,data/tess/OAF_Pleasant_surprise/OAF_keep_ps.wav,tess,tess_OAF
9301,surprised,data/tess/OAF_Pleasant_surprise/OAF_keg_ps.wav,tess,tess_OAF
9302,surprised,data/tess/OAF_Pleasant_surprise/OAF_kick_ps.wav,tess,tess_OAF
9303,surprised,data/tess/OAF_Pleasant_surprise/OAF_kill_ps.wav,tess,tess_OAF
9304,surprised,data/tess/OAF_Pleasant_surprise/OAF_king_ps.wav,tess,tess_OAF
9305,surprised,data/tess/OAF_Pleasant_surprise/OAF_kite_ps.wav,tess,tess_OAF
9306,surprised,data/tess/OAF_Pleasant_surprise/OAF_knock_ps.wav,tess,tess_OAF
9307,surprised,data/tess/OAF_Pleasant_surprise/OAF_late_ps.wav,tess,tess_OAF
9308,surprised,data/tess/OAF_Pleasant_surprise/OAF_laud_ps.wav,tess,tess_OAF
9309,surprised,data/tess/OAF_Pleasant_surprise/OAF_lean_ps.wav,tess,tess_OAF
9310,surprised,data/tess/OAF_Pleasant_surprise/OAF_learn_ps.wav,tess,tess_OAF
9311,surprised,data/tess/OAF_Pleasant_surprise/OAF_lease_ps.wav,tess,tess_OAF
9312,surprised,data/tess/OAF_Pleasant_surprise/OAF_lid_ps.wav,tess,tess_OAF
9313,surprised,data/tess/OAF_Pleasant_surprise/OAF_life_ps.wav,tess,tess_OAF
9314,surprised,data/tess/OAF_Pleasant_surprise/OAF_limb_ps.wav,tess,tess_OAF
9315,surprised,data/tess/OAF_Pleasant_surprise/OAF_live_ps.wav,tess,tess_OAF
9316,surprised,data/tess/OAF_Pleasant_surprise/OAF_loaf_ps.wav,tess,tess_OAF
9317,surprised,data/tess/OAF_Pleasant_surprise/OAF_long_ps.wav,tess,tess_OAF
9318,surprised,data/tess/OAF_Pleasant_surprise/OAF_lore_ps.wav,tess,tess_OAF
9319,surprised,data/tess/OAF_Pleasant_surprise/OAF_lose_ps.wav,tess,tess_OAF
9320,surprised,data/tess/OAF_Pleasant_surprise/OAF_lot_ps.wav,tess,tess_OAF
9321,surprised,data/tess/OAF_Pleasant_surprise/OAF_love_ps.wav,tess,tess_OAF
9322,surprised,data/tess/OAF_Pleasant_surprise/OAF_luck_ps.wav,tess,tess_OAF
9323,surprised,data/tess/OAF_Pleasant_surprise/OAF_make_ps.wav,tess,tess_OAF
9324,surprised,data/tess/OAF_Pleasant_surprise/OAF_match_ps.wav,tess,tess_OAF
9325,surprised,data/tess/OAF_Pleasant_surprise/OAF_merge_ps.wav,tess,tess_OAF
9326,surprised,data/tess/OAF_Pleasant_surprise/OAF_mess_ps.wav,tess,tess_OAF
9327,surprised,data/tess/OAF_Pleasant_surprise/OAF_met_ps.wav,tess,tess_OAF
9328,surprised,data/tess/OAF_Pleasant_surprise/OAF_mill_ps.wav,tess,tess_OAF
9329,surprised,data/tess/OAF_Pleasant_surprise/OAF_mob_ps.wav,tess,tess_OAF
9330,surprised,data/tess/OAF_Pleasant_surprise/OAF_mode_ps.wav,tess,tess_OAF
9331,surprised,data/tess/OAF_Pleasant_surprise/OAF_mood_ps.wav,tess,tess_OAF
9332,surprised,data/tess/OAF_Pleasant_surprise/OAF_moon_ps.wav,tess,tess_OAF
9333,surprised,data/tess/OAF_Pleasant_surprise/OAF_mop_ps.wav,tess,tess_OAF
9334,surprised,data/tess/OAF_Pleasant_surprise/OAF_mouse_ps.wav,tess,tess_OAF
9335,surprised,data/tess/OAF_Pleasant_surprise/OAF_nag_ps.wav,tess,tess_OAF
9336,surprised,data/tess/OAF_Pleasant_surprise/OAF_name_ps.wav,tess,tess_OAF
9337,surprised,data/tess/OAF_Pleasant_surprise/OAF_near_ps.wav,tess,tess_OAF
9338,surprised,data/tess/OAF_Pleasant_surprise/OAF_neat_ps.wav,tess,tess_OAF
9339,surprised,data/tess/OAF_Pleasant_surprise/OAF_nice_ps.wav,tess,tess_OAF
9340,surprised,data/tess/OAF_Pleasant_surprise/OAF_note_ps.wav,tess,tess_OAF
9341,surprised,data/tess/OAF_Pleasant_surprise/OAF_numb_ps.wav,tess,tess_OAF
9342,surprised,data/tess/OAF_Pleasant_surprise/OAF_pad_ps.wav,tess,tess_OAF
9343,surprised,data/tess/OAF_Pleasant_surprise/OAF_page_ps.wav,tess,tess_OAF
9344,surprised,data/tess/OAF_Pleasant_surprise/OAF_pain_ps.wav,tess,tess_OAF
9345,surprised,data/tess/OAF_Pleasant_surprise/OAF_pass_ps.wav,tess,tess_OAF
9346,surprised,data/tess/OAF_Pleasant_surprise/OAF_pearl_ps.wav,tess,tess_OAF
9347,surprised,data/tess/OAF_Pleasant_surprise/OAF_peg_ps.wav,tess,tess_OAF
9348,surprised,data/tess/OAF_Pleasant_surprise/OAF_perch_ps.wav,tess,tess_OAF
9349,surprised,data/tess/OAF_Pleasant_surprise/OAF_phone_ps.wav,tess,tess_OAF
9350,surprised,data/tess/OAF_Pleasant_surprise/OAF_pick_ps.wav,tess,tess_OAF
9351,surprised,data/tess/OAF_Pleasant_surprise/OAF_pike_ps.wav,tess,tess_OAF
9352,surprised,data/tess/OAF_Pleasant_surprise/OAF_pole_ps.wav,tess,tess_OAF
9353,surprised,data/tess/OAF_Pleasant_surprise/OAF_pool_ps.wav,tess,tess_OAF
9354,surprised,data/tess/OAF_Pleasant_surprise/OAF_puff_ps.wav,tess,tess_OAF
9355,surprised,data/tess/OAF_Pleasant_surprise/OAF_rag_ps.wav,tess,tess_OAF
9356,surprised,data/tess/OAF_Pleasant_surprise/OAF_raid_ps.wav,tess,tess_OAF
9357,surprised,data/tess/OAF_Pleasant_surprise/OAF_rain_ps.wav,tess,tess_OAF
9358,surprised,data/tess/OAF_Pleasant_surprise/OAF_raise_ps.wav,tess,tess_OAF
9359,surprised,data/tess/OAF_Pleasant_surprise/OAF_rat_ps.wav,tess,tess_OAF
9360,surprised,data/tess/OAF_Pleasant_surprise/OAF_reach_ps.wav,tess,tess_OAF
9361,surprised,data/tess/OAF_Pleasant_surprise/OAF_read_ps.wav,tess,tess_OAF
9362,surprised,data/tess/OAF_Pleasant_surprise/OAF_red_ps.wav,tess,tess_OAF
9363,surprised,data/tess/OAF_Pleasant_surprise/OAF_ring_ps.wav,tess,tess_OAF
9364,surprised,data/tess/OAF_Pleasant_surprise/OAF_ripe_ps.wav,tess,tess_OAF
9365,surprised,data/tess/OAF_Pleasant_surprise/OAF_road_ps.wav,tess,tess_OAF
9366,surprised,data/tess/OAF_Pleasant_surprise/OAF_room_ps.wav,tess,tess_OAF
9367,surprised,data/tess/OAF_Pleasant_surprise/OAF_rose_ps.wav,tess,tess_OAF
9368,surprised,data/tess/OAF_Pleasant_surprise/OAF_rot_ps.wav,tess,tess_OAF
9369,surprised,data/tess/OAF_Pleasant_surprise/OAF_rough_ps.wav,tess,tess_OAF
9370,surprised,data/tess/OAF_Pleasant_surprise/OAF_rush_ps.wav,tess,tess_OAF
9371,surprised,data/tess/OAF_Pleasant_surprise/OAF_said_ps.wav,tess,tess_OAF
9372,surprised,data/tess/OAF_Pleasant_surprise/OAF_sail_ps.wav,tess,tess_OAF
9373,surprised,data/tess/OAF_Pleasant_surprise/OAF_search_ps.wav,tess,tess_OAF
9374,surprised,data/tess/OAF_Pleasant_surprise/OAF_seize_ps.wav,tess,tess_OAF
9375,surprised,data/tess/OAF_Pleasant_surprise/OAF_sell_ps.wav,tess,tess_OAF
9376,surprised,data/tess/OAF_Pleasant_surprise/OAF_shack_ps.wav,tess,tess_OAF
9377,surprised,data/tess/OAF_Pleasant_surprise/OAF_shall_ps.wav,tess,tess_OAF
9378,surprised,data/tess/OAF_Pleasant_surprise/OAF_shawl_ps.wav,tess,tess_OAF
9379,surprised,data/tess/OAF_Pleasant_surprise/OAF_sheep_ps.wav,tess,tess_OAF
9380,surprised,data/tess/OAF_Pleasant_surprise/OAF_shirt_ps.wav,tess,tess_OAF
9381,surprised,data/tess/OAF_Pleasant_surprise/OAF_should_ps.wav,tess,tess_OAF
9382,surprised,data/tess/OAF_Pleasant_surprise/OAF_shout_ps.wav,tess,tess_OAF
9383,surprised,data/tess/OAF_Pleasant_surprise/OAF_size_ps.wav,tess,tess_OAF
9384,surprised,data/tess/OAF_Pleasant_surprise/OAF_soap_ps.wav,tess,tess_OAF
9385,surprised,data/tess/OAF_Pleasant_surprise/OAF_soup_ps.wav,tess,tess_OAF
9386,surprised,data/tess/OAF_Pleasant_surprise/OAF_sour_ps.wav,tess,tess_OAF
9387,surprised,data/tess/OAF_Pleasant_surprise/OAF_south_ps.wav,tess,tess_OAF
9388,surprised,data/tess/OAF_Pleasant_surprise/OAF_sub_ps.wav,tess,tess_OAF
9389,surprised,data/tess/OAF_Pleasant_surprise/OAF_such_ps.wav,tess,tess_OAF
9390,surprised,data/tess/OAF_Pleasant_surprise/OAF_sure_ps.wav,tess,tess_OAF
9391,surprised,data/tess/OAF_Pleasant_surprise/OAF_take_ps.wav,tess,tess_OAF
9392,surprised,data/tess/OAF_Pleasant_surprise/OAF_talk_ps.wav,tess,tess_OAF
9393,surprised,data/tess/OAF_Pleasant_surprise/OAF_tape_ps.wav,tess,tess_OAF
9394,surprised,data/tess/OAF_Pleasant_surprise/OAF_team_ps.wav,tess,tess_OAF
9395,surprised,data/tess/OAF_Pleasant_surprise/OAF_tell_ps.wav,tess,tess_OAF
9396,surprised,data/tess/OAF_Pleasant_surprise/OAF_thin_ps.wav,tess,tess_OAF
9397,surprised,data/tess/OAF_Pleasant_surprise/OAF_third_ps.wav,tess,tess_OAF
9398,surprised,data/tess/OAF_Pleasant_surprise/OAF_thought_ps.wav,tess,tess_OAF
9399,surprised,data/tess/OAF_Pleasant_surprise/OAF_thumb_ps.wav,tess,tess_OAF
9400,surprised,data/tess/OAF_Pleasant_surprise/OAF_time_ps.wav,tess,tess_OAF
9401,surprised,data/tess/OAF_Pleasant_surprise/OAF_tip_ps.wav,tess,tess_OAF
9402,surprised,data/tess/OAF_Pleasant_surprise/OAF_tire_ps.wav,tess,tess_OAF
9403,surprised,data/tess/OAF_Pleasant_surprise/OAF_ton_ps.wav,tess,tess_OAF
9404,surprised,data/tess/OAF_Pleasant_surprise/OAF_tool_ps.wav,tess,tess_OAF
9405,surprised,data/tess/OAF_Pleasant_surprise/OAF_tough_ps.wav,tess,tess_OAF
9406,surprised,data/tess/OAF_Pleasant_surprise/OAF_turn_ps.wav,tess,tess_OAF
9407,surprised,data/tess/OAF_Pleasant_surprise/OAF_vine_ps.wav,tess,tess_OAF
9408,surprised,data/tess/OAF_Pleasant_surprise/OAF_voice_ps.wav,tess,tess_OAF
9409,surprised,data/tess/OAF_Pleasant_surprise/OAF_void_ps.wav,tess,tess_OAF
9410,surprised,data/tess/OAF_Pleasant_surprise/OAF_vote_ps.wav,tess,tess_OAF
9411,surprised,data/tess/OAF_Pleasant_surprise/OAF_wag_ps.wav,tess,tess_OAF
9412,surprised,data/tess/OAF_Pleasant_surprise/OAF_walk_ps.wav,tess,tess_OAF
9413,surprised,data/tess/OAF_Pleasant_surprise/OAF_wash_ps.wav,tess,tess_OAF
9414,surprised,data/tess/OAF_Pleasant_surprise/OAF_week_ps.wav,tess,tess_OAF
9415,surprised,data/tess/OAF_Pleasant_surprise/OAF_wheat_ps.wav,tess,tess_OAF
9416,surprised,data/tess/OAF_Pleasant_surprise/OAF_when_ps.wav,tess,tess_OAF
9417,surprised,data/tess/OAF_Pleasant_surprise/OAF_which_ps.wav,tess,tess_OAF
9418,surprised,data/tess/OAF_Pleasant_surprise/OAF_whip_ps.wav,tess,tess_OAF
9419,surprised,data/tess/OAF_Pleasant_surprise/OAF_white_ps.wav,tess,tess_OAF
9420,surprised,data/tess/OAF_Pleasant_surprise/OAF_wife_ps.wav,tess,tess_OAF
9421,surprised,data/tess/OAF_Pleasant_surprise/OAF_wire_ps.wav,tess,tess_OAF
9422,surprised,data/tess/OAF_Pleasant_surprise/OAF_witch_ps.wav,tess,tess_OAF
9423,surprised,data/tess/OAF_Pleasant_surprise/OAF_yearn_ps.wav,tess,tess_OAF
9424,surprised,data/tess/OAF_Pleasant_surprise/OAF_yes_ps.wav,tess,tess_OAF
9425,surprised,data/tess/OAF_Pleasant_surprise/OAF_young_ps.wav,tess,tess_OAF
9426,surprised,data/tess/OAF_Pleasant_surprise/OAF_youth_ps.wav,tess,tess_OAF
9427,surprised,data/tess/TESS Toronto emotional speech set data/OAF_Pleasant_surprise/OAF_back_ps.wav,tess,tess_OAF
9428,surprised,data/tess/TESS Toronto emotional speech set data/OAF_Pleasant_surprise/OAF_bar_ps.wav,tess,tess_OAF
9429,surprised,data/tess/TESS Toronto emotional speech set data/OAF_Pleasant_surprise/OAF_base_ps.wav,tess,tess_OAF
9430,surprised,data/tess/TESS Toronto emotional speech set data/OAF_Pleasant_surprise/OAF_bath_ps.wav,tess,tess_OAF
9431,surprised,data/tess/TESS Toronto emotional speech set data/OAF_Pleasant_surprise/OAF_bean_ps.wav,tess,tess_OAF
9432,surprised,data/tess/TESS Toronto emotional speech set data/OAF_Pleasant_surprise/OAF_beg_ps.wav,tess,tess_OAF
9433,surprised,data/tess/TESS Toronto emotional speech set data/OAF_Pleasant_surprise/OAF_bite_ps.wav,tess,tess_OAF
9434,surprised,data/tess/TESS Toronto emotional speech set data/OAF_Pleasant_surprise/OAF_boat_ps.wav,tess,tess_OAF
9435,surprised,data/tess/TESS Toronto emotional speech set data/OAF_Pleasant_surprise/OAF_bone_ps.wav,tess,tess_OAF
9436,surprised,data/tess/TESS Toronto emotional speech set data/OAF_Pleasant_surprise/OAF_book_ps.wav,tess,tess_OAF
9437,surprised,data/tess/TESS Toronto emotional speech set data/OAF_Pleasant_surprise/OAF_bought_ps.wav,tess,tess_OAF
9438,surprised,data/tess/TESS Toronto emotional speech set data/OAF_Pleasant_surprise/OAF_burn_ps.wav,tess,tess_OAF
9439,surprised,data/tess/TESS Toronto emotional speech set data/OAF_Pleasant_surprise/OAF_cab_ps.wav,tess,tess_OAF
9440,surprised,data/tess/TESS Toronto emotional speech set data/OAF_Pleasant_surprise/OAF_calm_ps.wav,tess,tess_OAF
9441,surprised,data/tess/TESS Toronto emotional speech set data/OAF_Pleasant_surprise/OAF_came_ps.wav,tess,tess_OAF
9442,surprised,data/tess/TESS Toronto emotional speech set data/OAF_Pleasant_surprise/OAF_cause_ps.wav,tess,tess_OAF
9443,surprised,data/tess/TESS Toronto emotional speech set data/OAF_Pleasant_surprise/OAF_chain_ps.wav,tess,tess_OAF
9444,surprised,data/tess/TESS Toronto emotional speech set data/OAF_Pleasant_surprise/OAF_chair_ps.wav,tess,tess_OAF
9445,surprised,data/tess/TESS Toronto emotional speech set data/OAF_Pleasant_surprise/OAF_chalk_ps.wav,tess,tess_OAF
9446,surprised,data/tess/TESS Toronto emotional speech set data/OAF_Pleasant_surprise/OAF_chat_ps.wav,tess,tess_OAF
9447,surprised,data/tess/TESS Toronto emotional speech set data/OAF_Pleasant_surprise/OAF_check_ps.wav,tess,tess_OAF
9448,surprised,data/tess/TESS Toronto emotional speech set data/OAF_Pleasant_surprise/OAF_cheek_ps.wav,tess,tess_OAF
9449,surprised,data/tess/TESS Toronto emotional speech set data/OAF_Pleasant_surprise/OAF_chief_ps.wav,tess,tess_OAF
9450,surprised,data/tess/TESS Toronto emotional speech set data/OAF_Pleasant_surprise/OAF_choice_ps.wav,tess,tess_OAF
9451,surprised,data/tess/TESS Toronto emotional speech set data/OAF_Pleasant_surprise/OAF_cool_ps.wav,tess,tess_OAF
9452,surprised,data/tess/TESS Toronto emotional speech set data/OAF_Pleasant_surprise/OAF_dab_ps.wav,tess,tess_OAF
9453,surprised,data/tess/TESS Toronto emotional speech set data/OAF_Pleasant_surprise/OAF_date_ps.wav,tess,tess_OAF
9454,surprised,data/tess/TESS Toronto emotional speech set data/OAF_Pleasant_surprise/OAF_dead_ps.wav,tess,tess_OAF
9455,surprised,data/tess/TESS Toronto emotional speech set data/OAF_Pleasant_surprise/OAF_death_ps.wav,tess,tess_OAF
9456,surprised,data/tess/TESS Toronto emotional speech set data/OAF_Pleasant_surprise/OAF_deep_ps.wav,tess,tess_OAF
9457,surprised,data/tess/TESS Toronto emotional speech set data/OAF_Pleasant_surprise/OAF_dime_ps.wav,tess,tess_OAF
9458,surprised,data/tess/TESS Toronto emotional speech set data/OAF_Pleasant_surprise/OAF_dip_ps.wav,tess,tess_OAF
9459,surprised,data/tess/TESS Toronto emotional speech set data/OAF_Pleasant_surprise/OAF_ditch_ps.wav,tess,tess_OAF
9460,surprised,data/tess/TESS Toronto emotional speech set data/OAF_Pleasant_surprise/OAF_dodge_ps.wav,tess,tess_OAF
9461,surprised,data/tess/TESS Toronto emotional speech set data/OAF_Pleasant_surprise/OAF_dog_ps.wav,tess,tess_OAF
9462,surprised,data/tess/TESS Toronto emotional speech set data/OAF_Pleasant_surprise/OAF_doll_ps.wav,tess,tess_OAF
9463,surprised,data/tess/TESS Toronto emotional speech set data/OAF_Pleasant_surprise/OAF_door_ps.wav,tess,tess_OAF
9464,surprised,data/tess/TESS Toronto emotional speech set data/OAF_Pleasant_surprise/OAF_fail_ps.wav,tess,tess_OAF
9465,surprised,data/tess/TESS Toronto emotional speech set data/OAF_Pleasant_surprise/OAF_fall_ps.wav,tess,tess_OAF
9466,surprised,data/tess/TESS Toronto emotional speech set data/OAF_Pleasant_surprise/OAF_far_ps.wav,tess,tess_OAF
9467,surprised,data/tess/TESS Toronto emotional speech set data/OAF_Pleasant_surprise/OAF_fat_ps.wav,tess,tess_OAF
9468,surprised,data/tess/TESS Toronto emotional speech set data/OAF_Pleasant_surprise/OAF_fit_ps.wav,tess,tess_OAF
9469,surprised,data/tess/TESS Toronto emotional speech set data/OAF_Pleasant_surprise/OAF_five_ps.wav,tess,tess_OAF
9470,surprised,data/tess/TESS Toronto emotional speech set data/OAF_Pleasant_surprise/OAF_food_ps.wav,tess,tess_OAF
9471,surprised,data/tess/TESS Toronto emotional speech set data/OAF_Pleasant_surprise/OAF_gap_ps.wav,tess,tess_OAF
9472,surprised,data/tess/TESS Toronto emotional speech set data/OAF_Pleasant_surprise/OAF_gas_ps.wav,tess,tess_OAF
9473,surprised,data/tess/TESS Toronto emotional speech set data/OAF_Pleasant_surprise/OAF_gaze_ps.wav,tess,tess_OAF
9474,surprised,data/tess/TESS Toronto emotional speech set data/OAF_Pleasant_surprise/OAF_germ_ps.wav,tess,tess_OAF
9475,surprised,data/tess/TESS Toronto emotional speech set data/OAF_Pleasant_surprise/OAF_get_ps.wav,tess,tess_OAF
9476,surprised,data/tess/TESS Toronto emotional speech set data/OAF_Pleasant_surprise/OAF_gin_ps.wav,tess,tess_OAF
9477,surprised,data/tess/TESS Toronto emotional speech set data/OAF_Pleasant_surprise/OAF_goal_ps.wav,tess,tess_OAF
9478,surprised,data/tess/TESS Toronto emotional speech set data/OAF_Pleasant_surprise/OAF_good_ps.wav,tess,tess_OAF
9479,surprised,data/tess/TESS Toronto emotional speech set data/OAF_Pleasant_surprise/OAF_goose_ps.wav,tess,tess_OAF
9480,surprised,data/tess/TESS Toronto emotional speech set data/OAF_Pleasant_surprise/OAF_gun_ps.wav,tess,tess_OAF
9481,surprised,data/tess/TESS Toronto emotional speech set data/OAF_Pleasant_surprise/OAF_half_ps.wav,tess,tess_OAF
9482,surprised,data/tess/TESS Toronto emotional speech set data/OAF_Pleasant_surprise/OAF_hall_ps.wav,tess,tess_OAF
9483,surprised,data/tess/TESS Toronto emotional speech set data/OAF_Pleasant_surprise/OAF_hash_ps.wav,tess,tess_OAF
9484,surprised,data/tess/TESS Toronto emotional speech set data/OAF_Pleasant_surprise/OAF_hate_ps.wav,tess,tess_OAF
9485,surprised,data/tess/TESS Toronto emotional speech set data/OAF_Pleasant_surprise/OAF_have_ps.wav,tess,tess_OAF
9486,surprised,data/tess/TESS Toronto emotional speech set data/OAF_Pleasant_surprise/OAF_haze_ps.wav,tess,tess_OAF
9487,surprised,data/tess/TESS Toronto emotional speech set data/OAF_Pleasant_surprise/OAF_hire_ps.wav,tess,tess_OAF
9488,surprised,data/tess/TESS Toronto emotional speech set data/OAF_Pleasant_surprise/OAF_hit_ps.wav,tess,tess_OAF
9489,surprised,data/tess/TESS Toronto emotional speech set data/OAF_Pleasant_surprise/OAF_hole_ps.wav,tess,tess_OAF
9490,surprised,data/tess/TESS Toronto emotional speech set data/OAF_Pleasant_surprise/OAF_home_ps.wav,tess,tess_OAF
9491,surprised,data/tess/TESS Toronto emotional speech set data/OAF_Pleasant_surprise/OAF_hurl_ps.wav,tess,tess_OAF
9492,surprised,data/tess/TESS Toronto emotional speech set data/OAF_Pleasant_surprise/OAF_hush_ps.wav,tess,tess_OAF
9493,surprised,data/tess/TESS Toronto emotional speech set data/OAF_Pleasant_surprise/OAF_jail_ps.wav,tess,tess_OAF
9494,surprised,data/tess/TESS Toronto emotional speech set data/OAF_Pleasant_surprise/OAF_jar_ps.wav,tess,tess_OAF
9495,surprised,data/tess/TESS Toronto emotional speech set data/OAF_Pleasant_surprise/OAF_join_ps.wav,tess,tess_OAF
9496,surprised,data/tess/TESS Toronto emotional speech set data/OAF_Pleasant_surprise/OAF_judge_ps.wav,tess,tess_OAF
9497,surprised,data/tess/TESS Toronto emotional speech set data/OAF_Pleasant_surprise/OAF_jug_ps.wav,tess,tess_OAF
9498,surprised,data/tess/TESS Toronto emotional speech set data/OAF_Pleasant_surprise/OAF_juice_ps.wav,tess,tess_OAF
9499,surprised,data/tess/TESS Toronto emotional speech set data/OAF_Pleasant_surprise/OAF_keen_ps.wav,tess,tess_OAF
9500,surprised,data/tess/TESS Toronto emotional speech set data/OAF_Pleasant_surprise/OAF_keep_ps.wav,tess,tess_OAF
9501,surprised,data/tess/TESS Toronto emotional speech set data/OAF_Pleasant_surprise/OAF_keg_ps.wav,tess,tess_OAF
9502,surprised,data/tess/TESS Toronto emotional speech set data/OAF_Pleasant_surprise/OAF_kick_ps.wav,tess,tess_OAF
9503,surprised,data/tess/TESS Toronto emotional speech set data/OAF_Pleasant_surprise/OAF_kill_ps.wav,tess,tess_OAF
9504,surprised,data/tess/TESS Toronto emotional speech set data/OAF_Pleasant_surprise/OAF_king_ps.wav,tess,tess_OAF
9505,surprised,data/tess/TESS Toronto emotional speech set data/OAF_Pleasant_surprise/OAF_kite_ps.wav,tess,tess_OAF
9506,surprised,data/tess/TESS Toronto emotional speech set data/OAF_Pleasant_surprise/OAF_knock_ps.wav,tess,tess_OAF
9507,surprised,data/tess/TESS Toronto emotional speech set data/OAF_Pleasant_surprise/OAF_late_ps.wav,tess,tess_OAF
9508,surprised,data/tess/TESS Toronto emotional speech set data/OAF_Pleasant_surprise/OAF_laud_ps.wav,tess,tess_OAF
9509,surprised,data/tess/TESS Toronto emotional speech set data/OAF_Pleasant_surprise/OAF_lean_ps.wav,tess,tess_OAF
9510,surprised,data/tess/TESS Toronto emotional speech set data/OAF_Pleasant_surprise/OAF_learn_ps.wav,tess,tess_OAF
9511,surprised,data/tess/TESS Toronto emotional speech set data/OAF_Pleasant_surprise/OAF_lease_ps.wav,tess,tess_OAF
9512,surprised,data/tess/TESS Toronto emotional speech set data/OAF_Pleasant_surprise/OAF_lid_ps.wav,tess,tess_OAF
9513,surprised,data/tess/TESS Toronto emotional speech set data/OAF_Pleasant_surprise/OAF_life_ps.wav,tess,tess_OAF
9514,surprised,data/tess/TESS Toronto emotional speech set data/OAF_Pleasant_surprise/OAF_limb_ps.wav,tess,tess_OAF
9515,surprised,data/tess/TESS Toronto emotional speech set data/OAF_Pleasant_surprise/OAF_live_ps.wav,tess,tess_OAF
9516,surprised,data/tess/TESS Toronto emotional speech set data/OAF_Pleasant_surprise/OAF_loaf_ps.wav,tess,tess_OAF
9517,surprised,data/tess/TESS Toronto emotional speech set data/OAF_Pleasant_surprise/OAF_long_ps.wav,tess,tess_OAF
9518,surprised,data/tess/TESS Toronto emotional speech set data/OAF_Pleasant_surprise/OAF_lore_ps.wav,tess,tess_OAF
9519,surprised,data/tess/TESS Toronto emotional speech set data/OAF_Pleasant_surprise/OAF_lose_ps.wav,tess,tess_OAF
9520,surprised,data/tess/TESS Toronto emotional speech set data/OAF_Pleasant_surprise/OAF_lot_ps.wav,tess,tess_OAF
9521,surprised,data/tess/TESS Toronto emotional speech set data/OAF_Pleasant_surprise/OAF_love_ps.wav,tess,tess_OAF
9522,surprised,data/tess/TESS Toronto emotional speech set data/OAF_Pleasant_surprise/OAF_luck_ps.wav,tess,tess_OAF
9523,surprised,data/tess/TESS Toronto emotional speech set data/OAF_Pleasant_surprise/OAF_make_ps.wav,tess,tess_OAF
9524,surprised,data/tess/TESS Toronto emotional speech set data/OAF_Pleasant_surprise/OAF_match_ps.wav,tess,tess_OAF
9525,surprised,data/tess/TESS Toronto emotional speech set data/OAF_Pleasant_surprise/OAF_merge_ps.wav,tess,tess_OAF
9526,surprised,data/tess/TESS Toronto emotional speech set data/OAF_Pleasant_surprise/OAF_mess_ps.wav,tess,tess_OAF
9527,surprised,data/tess/TESS Toronto emotional speech set data/OAF_Pleasant_surprise/OAF_met_ps.wav,tess,tess_OAF
9528,surprised,data/tess/TESS Toronto emotional speech set data/OAF_Pleasant_surprise/OAF_mill_ps.wav,tess,tess_OAF
9529,surprised,data/tess/TESS Toronto emotional speech set data/OAF_Pleasant_surprise/OAF_mob_ps.wav,tess,tess_OAF
9530,surprised,data/tess/TESS Toronto emotional speech set data/OAF_Pleasant_surprise/OAF_mode_ps.wav,tess,tess_OAF
9531,surprised,data/tess/TESS Toronto emotional speech set data/OAF_Pleasant_surprise/OAF_mood_ps.wav,tess,tess_OAF
9532,surprised,data/tess/TESS Toronto emotional speech set data/OAF_Pleasant_surprise/OAF_moon_ps.wav,tess,tess_OAF
9533,surprised,data/tess/TESS Toronto emotional speech set data/OAF_Pleasant_surprise/OAF_mop_ps.wav,tess,tess_OAF
9534,surprised,data/tess/TESS Toronto emotional speech set data/OAF_Pleasant_surprise/OAF_mouse_ps.wav,tess,tess_OAF
9535,surprised,data/tess/TESS Toronto emotional speech set data/OAF_Pleasant_surprise/OAF_nag_ps.wav,tess,tess_OAF
9536,surprised,data/tess/TESS Toronto emotional speech set data/OAF_Pleasant_surprise/OAF_name_ps.wav,tess,tess_OAF
9537,surprised,data/tess/TESS Toronto emotional speech set data/OAF_Pleasant_surprise/OAF_near_ps.wav,tess,tess_OAF
9538,surprised,data/tess/TESS Toronto emotional speech set data/OAF_Pleasant_surprise/OAF_neat_ps.wav,tess,tess_OAF
9539,surprised,data/tess/TESS Toronto emotional speech set data/OAF_Pleasant_surprise/OAF_nice_ps.wav,tess,tess_OAF
9540,surprised,data/tess/TESS Toronto emotional speech set data/OAF_Pleasant_surprise/OAF_note_ps.wav,tess,tess_OAF
9541,surprised,data/tess/TESS Toronto emotional speech set data/OAF_Pleasant_surprise/OAF_numb_ps.wav,tess,tess_OAF
9542,surprised,data/tess/TESS Toronto emotional speech set data/OAF_Pleasant_surprise/OAF_pad_ps.wav,tess,tess_OAF
9543,surprised,data/tess/TESS Toronto emotional speech set data/OAF_Pleasant_surprise/OAF_page_ps.wav,tess,tess_OAF
9544,surprised,data/tess/TESS Toronto emotional speech set data/OAF_Pleasant_surprise/OAF_pain_ps.wav,tess,tess_OAF
9545,surprised,data/tess/TESS Toronto emotional speech set data/OAF_Pleasant_surprise/OAF_pass_ps.wav,tess,tess_OAF
9546,surprised,data/tess/TESS Toronto emotional speech set data/OAF_Pleasant_surprise/OAF_pearl_ps.wav,tess,tess_OAF
9547,surprised,data/tess/TESS Toronto emotional speech set data/OAF_Pleasant_surprise/OAF_peg_ps.wav,tess,tess_OAF
9548,surprised,data/tess/TESS Toronto emotional speech set data/OAF_Pleasant_surprise/OAF_perch_ps.wav,tess,tess_OAF
9549,surprised,data/tess/TESS Toronto emotional speech set data/OAF_Pleasant_surprise/OAF_phone_ps.wav,tess,tess_OAF
9550,surprised,data/tess/TESS Toronto emotional speech set data/OAF_Pleasant_surprise/OAF_pick_ps.wav,tess,tess_OAF
9551,surprised,data/tess/TESS Toronto emotional speech set data/OAF_Pleasant_surprise/OAF_pike_ps.wav,tess,tess_OAF
9552,surprised,data/tess/TESS Toronto emotional speech set data/OAF_Pleasant_surprise/OAF_pole_ps.wav,tess,tess_OAF
9553,surprised,data/tess/TESS Toronto emotional speech set data/OAF_Pleasant_surprise/OAF_pool_ps.wav,tess,tess_OAF
9554,surprised,data/tess/TESS Toronto emotional speech set data/OAF_Pleasant_surprise/OAF_puff_ps.wav,tess,tess_OAF
9555,surprised,data/tess/TESS Toronto emotional speech set data/OAF_Pleasant_surprise/OAF_rag_ps.wav,tess,tess_OAF
9556,surprised,data/tess/TESS Toronto emotional speech set data/OAF_Pleasant_surprise/OAF_raid_ps.wav,tess,tess_OAF
9557,surprised,data/tess/TESS Toronto emotional speech set data/OAF_Pleasant_surprise/OAF_rain_ps.wav,tess,tess_OAF
9558,surprised,data/tess/TESS Toronto emotional speech set data/OAF_Pleasant_surprise/OAF_raise_ps.wav,tess,tess_OAF
9559,surprised,data/tess/TESS Toronto emotional speech set data/OAF_Pleasant_surprise/OAF_rat_ps.wav,tess,tess_OAF
9560,surprised,data/tess/TESS Toronto emotional speech set data/OAF_Pleasant_surprise/OAF_reach_ps.wav,tess,tess_OAF
9561,surprised,data/tess/TESS Toronto emotional speech set data/OAF_Pleasant_surprise/OAF_read_ps.wav,tess,tess_OAF
9562,surprised,data/tess/TESS Toronto emotional speech set data/OAF_Pleasant_surprise/OAF_red_ps.wav,tess,tess_OAF
9563,surprised,data/tess/TESS Toronto emotional speech set data/OAF_Pleasant_surprise/OAF_ring_ps.wav,tess,tess_OAF
9564,surprised,data/tess/TESS Toronto emotional speech set data/OAF_Pleasant_surprise/OAF_ripe_ps.wav,tess,tess_OAF
9565,surprised,data/tess/TESS Toronto emotional speech set data/OAF_Pleasant_surprise/OAF_road_ps.wav,tess,tess_OAF
9566,surprised,data/tess/TESS Toronto emotional speech set data/OAF_Pleasant_surprise/OAF_room_ps.wav,tess,tess_OAF
9567,surprised,data/tess/TESS Toronto emotional speech set data/OAF_Pleasant_surprise/OAF_rose_ps.wav,tess,tess_OAF
9568,surprised,data/tess/TESS Toronto emotional speech set data/OAF_Pleasant_surprise/OAF_rot_ps.wav,tess,tess_OAF
9569,surprised,data/tess/TESS Toronto emotional speech set data/OAF_Pleasant_surprise/OAF_rough_ps.wav,tess,tess_OAF
9570,surprised,data/tess/TESS Toronto emotional speech set data/OAF_Pleasant_surprise/OAF_rush_ps.wav,tess,tess_OAF
9571,surprised,data/tess/TESS Toronto emotional speech set data/OAF_Pleasant_surprise/OAF_said_ps.wav,tess,tess_OAF
9572,surprised,data/tess/TESS Toronto emotional speech set data/OAF_Pleasant_surprise/OAF_sail_ps.wav,tess,tess_OAF
9573,surprised,data/tess/TESS Toronto emotional speech set data/OAF_Pleasant_surprise/OAF_search_ps.wav,tess,tess_OAF
9574,surprised,data/tess/TESS Toronto emotional speech set data/OAF_Pleasant_surprise/OAF_seize_ps.wav,tess,tess_OAF
9575,surprised,data/tess/TESS Toronto emotional speech set data/OAF_Pleasant_surprise/OAF_sell_ps.wav,tess,tess_OAF
9576,surprised,data/tess/TESS Toronto emotional speech set data/OAF_Pleasant_surprise/OAF_shack_ps.wav,tess,tess_OAF
9577,surprised,data/tess/TESS Toronto emotional speech set data/OAF_Pleasant_surprise/OAF_shall_ps.wav,tess,tess_OAF
9578,surprised,data/tess/TESS Toronto emotional speech set data/OAF_Pleasant_surprise/OAF_shawl_ps.wav,tess,tess_OAF
9579,surprised,data/tess/TESS Toronto emotional speech set data/OAF_Pleasant_surprise/OAF_sheep_ps.wav,tess,tess_OAF
9580,surprised,data/tess/TESS Toronto emotional speech set data/OAF_Pleasant_surprise/OAF_shirt_ps.wav,tess,tess_OAF
9581,surprised,data/tess/TESS Toronto emotional speech set data/OAF_Pleasant_surprise/OAF_should_ps.wav,tess,tess_OAF
9582,surprised,data/tess/TESS Toronto emotional speech set data/OAF_Pleasant_surprise/OAF_shout_ps.wav,tess,tess_OAF
9583,surprised,data/tess/TESS Toronto emotional speech set data/OAF_Pleasant_surprise/OAF_size_ps.wav,tess,tess_OAF
9584,surprised,data/tess/TESS Toronto emotional speech set data/OAF_Pleasant_surprise/OAF_soap_ps.wav,tess,tess_OAF
9585,surprised,data/tess/TESS Toronto emotional speech set data/OAF_Pleasant_surprise/OAF_soup_ps.wav,tess,tess_OAF
9586,surprised,data/tess/TESS Toronto emotional speech set data/OAF_Pleasant_surprise/OAF_sour_ps.wav,tess,tess_OAF
9587,surprised,data/tess/TESS Toronto emotional speech set data/OAF_Pleasant_surprise/OAF_south_ps.wav,tess,tess_OAF
9588,surprised,data/tess/TESS Toronto emotional speech set data/OAF_Pleasant_surprise/OAF_sub_ps.wav,tess,tess_OAF
9589,surprised,data/tess/TESS Toronto emotional speech set data/OAF_Pleasant_surprise/OAF_such_ps.wav,tess,tess_OAF
9590,surprised,data/tess/TESS Toronto emotional speech set data/OAF_Pleasant_surprise/OAF_sure_ps.wav,tess,tess_OAF
9591,surprised,data/tess/TESS Toronto emotional speech set data/OAF_Pleasant_surprise/OAF_take_ps.wav,tess,tess_OAF
9592,surprised,data/tess/TESS Toronto emotional speech set data/OAF_Pleasant_surprise/OAF_talk_ps.wav,tess,tess_OAF
9593,surprised,data/tess/TESS Toronto emotional speech set data/OAF_Pleasant_surprise/OAF_tape_ps.wav,tess,tess_OAF
9594,surprised,data/tess/TESS Toronto emotional speech set data/OAF_Pleasant_surprise/OAF_team_ps.wav,tess,tess_OAF
9595,surprised,data/tess/TESS Toronto emotional speech set data/OAF_Pleasant_surprise/OAF_tell_ps.wav,tess,tess_OAF
9596,surprised,data/tess/TESS Toronto emotional speech set data/OAF_Pleasant_surprise/OAF_thin_ps.wav,tess,tess_OAF
9597,surprised,data/tess/TESS Toronto emotional speech set data/OAF_Pleasant_surprise/OAF_third_ps.wav,tess,tess_OAF
9598,surprised,data/tess/TESS Toronto emotional speech set data/OAF_Pleasant_surprise/OAF_thought_ps.wav,tess,tess_OAF
9599,surprised,data/tess/TESS Toronto emotional speech set data/OAF_Pleasant_surprise/OAF_thumb_ps.wav,tess,tess_OAF
9600,surprised,data/tess/TESS Toronto emotional speech set data/OAF_Pleasant_surprise/OAF_time_ps.wav,tess,tess_OAF
9601,surprised,data/tess/TESS Toronto emotional speech set data/OAF_Pleasant_surprise/OAF_tip_ps.wav,tess,tess_OAF
9602,surprised,data/tess/TESS Toronto emotional speech set data/OAF_Pleasant_surprise/OAF_tire_ps.wav,tess,tess_OAF
9603,surprised,data/tess/TESS Toronto emotional speech set data/OAF_Pleasant_surprise/OAF_ton_ps.wav,tess,tess_OAF
9604,surprised,data/tess/TESS Toronto emotional speech set data/OAF_Pleasant_surprise/OAF_tool_ps.wav,tess,tess_OAF
9605,surprised,data/tess/TESS Toronto emotional speech set data/OAF_Pleasant_surprise/OAF_tough_ps.wav,tess,tess_OAF
9606,surprised,data/tess/TESS Toronto emotional speech set data/OAF_Pleasant_surprise/OAF_turn_ps.wav,tess,tess_OAF
9607,surprised,data/tess/TESS Toronto emotional speech set data/OAF_Pleasant_surprise/OAF_vine_ps.wav,tess,tess_OAF
9608,surprised,data/tess/TESS Toronto emotional speech set data/OAF_Pleasant_surprise/OAF_voice_ps.wav,tess,tess_OAF
9609,surprised,data/tess/TESS Toronto emotional speech set data/OAF_Pleasant_surprise/OAF_void_ps.wav,tess,tess_OAF
9610,surprised,data/tess/TESS Toronto emotional speech set data/OAF_Pleasant_surprise/OAF_vote_ps.wav,tess,tess_OAF
9611,surprised,data/tess/TESS Toronto emotional speech set data/OAF_Pleasant_surprise/OAF_wag_ps.wav,tess,tess_OAF
9612,surprised,data/tess/TESS Toronto emotional speech set data/OAF_Pleasant_surprise/OAF_walk_ps.wav,tess,tess_OAF
9613,surprised,data/tess/TESS Toronto emotional speech set data/OAF_Pleasant_surprise/OAF_wash_ps.wav,tess,tess_OAF
9614,surprised,data/tess/TESS Toronto emotional speech set data/OAF_Pleasant_surprise/OAF_week_ps.wav,tess,tess_OAF
9615,surprised,data/tess/TESS Toronto emotional speech set data/OAF_Pleasant_surprise/OAF_wheat_ps.wav,tess,tess_OAF
9616,surprised,data/tess/TESS Toronto emotional speech set data/OAF_Pleasant_surprise/OAF_when_ps.wav,tess,tess_OAF
9617,surprised,data/tess/TESS Toronto emotional speech set data/OAF_Pleasant_surprise/OAF_which_ps.wav,tess,tess_OAF
9618,surprised,data/tess/TESS Toronto emotional speech set data/OAF_Pleasant_surprise/OAF_whip_ps.wav,tess,tess_OAF
9619,surprised,data/tess/TESS Toronto emotional speech set data/OAF_Pleasant_surprise/OAF_white_ps.wav,tess,tess_OAF
9620,surprised,data/tess/TESS Toronto emotional speech set data/OAF_Pleasant_surprise/OAF_wife_ps.wav,tess,tess_OAF
9621,surprised,data/tess/TESS Toronto emotional speech set data/OAF_Pleasant_surprise/OAF_wire_ps.wav,tess,tess_OAF
9622,surprised,data/tess/TESS Toronto emotional speech set data/OAF_Pleasant_surprise/OAF_witch_ps.wav,tess,tess_OAF
9623,surprised,data/tess/TESS Toronto emotional speech set data/OAF_Pleasant_surprise/OAF_yearn_ps.wav,tess,tess_OAF
9624,surprised,data/tess/TESS Toronto emotional speech set data/OAF_Pleasant_surprise/OAF_yes_ps.wav,tess,tess_OAF
9625,surprised,data/tess/TESS Toronto emotional speech set data/OAF_Pleasant_surprise/OAF_young_ps.wav,tess,tess_OAF
9626,surprised,data/tess/TESS Toronto emotional speech set data/OAF_Pleasant_surprise/OAF_youth_ps.wav,tess,tess_OAF
9627,surprised,data/tess/TESS Toronto emotional speech set data/YAF_pleasant_surprised/YAF_back_ps.wav,tess,tess_YAF
9628,surprised,data/tess/TESS Toronto emotional speech set data/YAF_pleasant_surprised/YAF_bar_ps.wav,tess,tess_YAF
9629,surprised,data/tess/TESS Toronto emotional speech set data/YAF_pleasant_surprised/YAF_base_ps.wav,tess,tess_YAF
9630,surprised,data/tess/TESS Toronto emotional speech set data/YAF_pleasant_surprised/YAF_bath_ps.wav,tess,tess_YAF
9631,surprised,data/tess/TESS Toronto emotional speech set data/YAF_pleasant_surprised/YAF_bean_ps.wav,tess,tess_YAF
9632,surprised,data/tess/TESS Toronto emotional speech set data/YAF_pleasant_surprised/YAF_beg_ps.wav,tess,tess_YAF
9633,surprised,data/tess/TESS Toronto emotional speech set data/YAF_pleasant_surprised/YAF_bite_ps.wav,tess,tess_YAF
9634,surprised,data/tess/TESS Toronto emotional speech set data/YAF_pleasant_surprised/YAF_boat_ps.wav,tess,tess_YAF
9635,surprised,data/tess/TESS Toronto emotional speech set data/YAF_pleasant_surprised/YAF_bone_ps.wav,tess,tess_YAF
9636,surprised,data/tess/TESS Toronto emotional speech set data/YAF_pleasant_surprised/YAF_book_ps.wav,tess,tess_YAF
9637,surprised,data/tess/TESS Toronto emotional speech set data/YAF_pleasant_surprised/YAF_bought_ps.wav,tess,tess_YAF
9638,surprised,data/tess/TESS Toronto emotional speech set data/YAF_pleasant_surprised/YAF_burn_ps.wav,tess,tess_YAF
9639,surprised,data/tess/TESS Toronto emotional speech set data/YAF_pleasant_surprised/YAF_cab_ps.wav,tess,tess_YAF
9640,surprised,data/tess/TESS Toronto emotional speech set data/YAF_pleasant_surprised/YAF_calm_ps.wav,tess,tess_YAF
9641,surprised,data/tess/TESS Toronto emotional speech set data/YAF_pleasant_surprised/YAF_came_ps.wav,tess,tess_YAF
9642,surprised,data/tess/TESS Toronto emotional speech set data/YAF_pleasant_surprised/YAF_cause_ps.wav,tess,tess_YAF
9643,surprised,data/tess/TESS Toronto emotional speech set data/YAF_pleasant_surprised/YAF_chain_ps.wav,tess,tess_YAF
9644,surprised,data/tess/TESS Toronto emotional speech set data/YAF_pleasant_surprised/YAF_chair_ps.wav,tess,tess_YAF
9645,surprised,data/tess/TESS Toronto emotional speech set data/YAF_pleasant_surprised/YAF_chalk_ps.wav,tess,tess_YAF
9646,surprised,data/tess/TESS Toronto emotional speech set data/YAF_pleasant_surprised/YAF_chat_ps.wav,tess,tess_YAF
9647,surprised,data/tess/TESS Toronto emotional speech set data/YAF_pleasant_surprised/YAF_check_ps.wav,tess,tess_YAF
9648,surprised,data/tess/TESS Toronto emotional speech set data/YAF_pleasant_surprised/YAF_cheek_ps.wav,tess,tess_YAF
9649,surprised,data/tess/TESS Toronto emotional speech set data/YAF_pleasant_surprised/YAF_chief_ps.wav,tess,tess_YAF
9650,surprised,data/tess/TESS Toronto emotional speech set data/YAF_pleasant_surprised/YAF_choice_ps.wav,tess,tess_YAF
9651,surprised,data/tess/TESS Toronto emotional speech set data/YAF_pleasant_surprised/YAF_cool_ps.wav,tess,tess_YAF
9652,surprised,data/tess/TESS Toronto emotional speech set data/YAF_pleasant_surprised/YAF_dab_ps.wav,tess,tess_YAF
9653,surprised,data/tess/TESS Toronto emotional speech set data/YAF_pleasant_surprised/YAF_date_ps.wav,tess,tess_YAF
9654,surprised,data/tess/TESS Toronto emotional speech set data/YAF_pleasant_surprised/YAF_dead_ps.wav,tess,tess_YAF
9655,surprised,data/tess/TESS Toronto emotional speech set data/YAF_pleasant_surprised/YAF_death_ps.wav,tess,tess_YAF
9656,surprised,data/tess/TESS Toronto emotional speech set data/YAF_pleasant_surprised/YAF_deep_ps.wav,tess,tess_YAF
9657,surprised,data/tess/TESS Toronto emotional speech set data/YAF_pleasant_surprised/YAF_dime_ps.wav,tess,tess_YAF
9658,surprised,data/tess/TESS Toronto emotional speech set data/YAF_pleasant_surprised/YAF_dip_ps.wav,tess,tess_YAF
9659,surprised,data/tess/TESS Toronto emotional speech set data/YAF_pleasant_surprised/YAF_ditch_ps.wav,tess,tess_YAF
9660,surprised,data/tess/TESS Toronto emotional speech set data/YAF_pleasant_surprised/YAF_dodge_ps.wav,tess,tess_YAF
9661,surprised,data/tess/TESS Toronto emotional speech set data/YAF_pleasant_surprised/YAF_dog_ps.wav,tess,tess_YAF
9662,surprised,data/tess/TESS Toronto emotional speech set data/YAF_pleasant_surprised/YAF_doll_ps.wav,tess,tess_YAF
9663,surprised,data/tess/TESS Toronto emotional speech set data/YAF_pleasant_surprised/YAF_door_ps.wav,tess,tess_YAF
9664,surprised,data/tess/TESS Toronto emotional speech set data/YAF_pleasant_surprised/YAF_fail_ps.wav,tess,tess_YAF
9665,surprised,data/tess/TESS Toronto emotional speech set data/YAF_pleasant_surprised/YAF_fall_ps.wav,tess,tess_YAF
9666,surprised,data/tess/TESS Toronto emotional speech set data/YAF_pleasant_surprised/YAF_far_ps.wav,tess,tess_YAF
9667,surprised,data/tess/TESS Toronto emotional speech set data/YAF_pleasant_surprised/YAF_fat_ps.wav,tess,tess_YAF
9668,surprised,data/tess/TESS Toronto emotional speech set data/YAF_pleasant_surprised/YAF_fit_ps.wav,tess,tess_YAF
9669,surprised,data/tess/TESS Toronto emotional speech set data/YAF_pleasant_surprised/YAF_five_ps.wav,tess,tess_YAF
9670,surprised,data/tess/TESS Toronto emotional speech set data/YAF_pleasant_surprised/YAF_food_ps.wav,tess,tess_YAF
9671,surprised,data/tess/TESS Toronto emotional speech set data/YAF_pleasant_surprised/YAF_gap_ps.wav,tess,tess_YAF
9672,surprised,data/tess/TESS Toronto emotional speech set data/YAF_pleasant_surprised/YAF_gas_ps.wav,tess,tess_YAF
9673,surprised,data/tess/TESS Toronto emotional speech set data/YAF_pleasant_surprised/YAF_gaze_ps.wav,tess,tess_YAF
9674,surprised,data/tess/TESS Toronto emotional speech set data/YAF_pleasant_surprised/YAF_germ_ps.wav,tess,tess_YAF
9675,surprised,data/tess/TESS Toronto emotional speech set data/YAF_pleasant_surprised/YAF_get_ps.wav,tess,tess_YAF
9676,surprised,data/tess/TESS Toronto emotional speech set data/YAF_pleasant_surprised/YAF_gin_ps.wav,tess,tess_YAF
9677,surprised,data/tess/TESS Toronto emotional speech set data/YAF_pleasant_surprised/YAF_goal_ps.wav,tess,tess_YAF
9678,surprised,data/tess/TESS Toronto emotional speech set data/YAF_pleasant_surprised/YAF_good_ps.wav,tess,tess_YAF
9679,surprised,data/tess/TESS Toronto emotional speech set data/YAF_pleasant_surprised/YAF_goose_ps.wav,tess,tess_YAF
9680,surprised,data/tess/TESS Toronto emotional speech set data/YAF_pleasant_surprised/YAF_gun_ps.wav,tess,tess_YAF
9681,surprised,data/tess/TESS Toronto emotional speech set data/YAF_pleasant_surprised/YAF_half_ps.wav,tess,tess_YAF
9682,surprised,data/tess/TESS Toronto emotional speech set data/YAF_pleasant_surprised/YAF_hall_ps.wav,tess,tess_YAF
9683,surprised,data/tess/TESS Toronto emotional speech set data/YAF_pleasant_surprised/YAF_hash_ps.wav,tess,tess_YAF
9684,surprised,data/tess/TESS Toronto emotional speech set data/YAF_pleasant_surprised/YAF_hate_ps.wav,tess,tess_YAF
9685,surprised,data/tess/TESS Toronto emotional speech set data/YAF_pleasant_surprised/YAF_have_ps.wav,tess,tess_YAF
9686,surprised,data/tess/TESS Toronto emotional speech set data/YAF_pleasant_surprised/YAF_haze_ps.wav,tess,tess_YAF
9687,surprised,data/tess/TESS Toronto emotional speech set data/YAF_pleasant_surprised/YAF_hire_ps.wav,tess,tess_YAF
9688,surprised,data/tess/TESS Toronto emotional speech set data/YAF_pleasant_surprised/YAF_hit_ps.wav,tess,tess_YAF
9689,surprised,data/tess/TESS Toronto emotional speech set data/YAF_pleasant_surprised/YAF_hole_ps.wav,tess,tess_YAF
9690,surprised,data/tess/TESS Toronto emotional speech set data/YAF_pleasant_surprised/YAF_home_ps.wav,tess,tess_YAF
9691,surprised,data/tess/TESS Toronto emotional speech set data/YAF_pleasant_surprised/YAF_hurl_ps.wav,tess,tess_YAF
9692,surprised,data/tess/TESS Toronto emotional speech set data/YAF_pleasant_surprised/YAF_hush_ps.wav,tess,tess_YAF
9693,surprised,data/tess/TESS Toronto emotional speech set data/YAF_pleasant_surprised/YAF_jail_ps.wav,tess,tess_YAF
9694,surprised,data/tess/TESS Toronto emotional speech set data/YAF_pleasant_surprised/YAF_jar_ps.wav,tess,tess_YAF
9695,surprised,data/tess/TESS Toronto emotional speech set data/YAF_pleasant_surprised/YAF_join_ps.wav,tess,tess_YAF
9696,surprised,data/tess/TESS Toronto emotional speech set data/YAF_pleasant_surprised/YAF_judge_ps.wav,tess,tess_YAF
9697,surprised,data/tess/TESS Toronto emotional speech set data/YAF_pleasant_surprised/YAF_jug_ps.wav,tess,tess_YAF
9698,surprised,data/tess/TESS Toronto emotional speech set data/YAF_pleasant_surprised/YAF_juice_ps.wav,tess,tess_YAF
9699,surprised,data/tess/TESS Toronto emotional speech set data/YAF_pleasant_surprised/YAF_keen_ps.wav,tess,tess_YAF
9700,surprised,data/tess/TESS Toronto emotional speech set data/YAF_pleasant_surprised/YAF_keep_ps.wav,tess,tess_YAF
9701,surprised,data/tess/TESS Toronto emotional speech set data/YAF_pleasant_surprised/YAF_keg_ps.wav,tess,tess_YAF
9702,surprised,data/tess/TESS Toronto emotional speech set data/YAF_pleasant_surprised/YAF_kick_ps.wav,tess,tess_YAF
9703,surprised,data/tess/TESS Toronto emotional speech set data/YAF_pleasant_surprised/YAF_kill_ps.wav,tess,tess_YAF
9704,surprised,data/tess/TESS Toronto emotional speech set data/YAF_pleasant_surprised/YAF_king_ps.wav,tess,tess_YAF
9705,surprised,data/tess/TESS Toronto emotional speech set data/YAF_pleasant_surprised/YAF_kite_ps.wav,tess,tess_YAF
9706,surprised,data/tess/TESS Toronto emotional speech set data/YAF_pleasant_surprised/YAF_knock_ps.wav,tess,tess_YAF
9707,surprised,data/tess/TESS Toronto emotional speech set data/YAF_pleasant_surprised/YAF_late_ps.wav,tess,tess_YAF
9708,surprised,data/tess/TESS Toronto emotional speech set data/YAF_pleasant_surprised/YAF_laud_ps.wav,tess,tess_YAF
9709,surprised,data/tess/TESS Toronto emotional speech set data/YAF_pleasant_surprised/YAF_lean_ps.wav,tess,tess_YAF
9710,surprised,data/tess/TESS Toronto emotional speech set data/YAF_pleasant_surprised/YAF_learn_ps.wav,tess,tess_YAF
9711,surprised,data/tess/TESS Toronto emotional speech set data/YAF_pleasant_surprised/YAF_lease_ps.wav,tess,tess_YAF
9712,surprised,data/tess/TESS Toronto emotional speech set data/YAF_pleasant_surprised/YAF_lid_ps.wav,tess,tess_YAF
9713,surprised,data/tess/TESS Toronto emotional speech set data/YAF_pleasant_surprised/YAF_life_ps.wav,tess,tess_YAF
9714,surprised,data/tess/TESS Toronto emotional speech set data/YAF_pleasant_surprised/YAF_limb_ps.wav,tess,tess_YAF
9715,surprised,data/tess/TESS Toronto emotional speech set data/YAF_pleasant_surprised/YAF_live_ps.wav,tess,tess_YAF
9716,surprised,data/tess/TESS Toronto emotional speech set data/YAF_pleasant_surprised/YAF_loaf_ps.wav,tess,tess_YAF
9717,surprised,data/tess/TESS Toronto emotional speech set data/YAF_pleasant_surprised/YAF_long_ps.wav,tess,tess_YAF
9718,surprised,data/tess/TESS Toronto emotional speech set data/YAF_pleasant_surprised/YAF_lore_ps.wav,tess,tess_YAF
9719,surprised,data/tess/TESS Toronto emotional speech set data/YAF_pleasant_surprised/YAF_lose_ps.wav,tess,tess_YAF
9720,surprised,data/tess/TESS Toronto emotional speech set data/YAF_pleasant_surprised/YAF_lot_ps.wav,tess,tess_YAF
9721,surprised,data/tess/TESS Toronto emotional speech set data/YAF_pleasant_surprised/YAF_love_ps.wav,tess,tess_YAF
9722,surprised,data/tess/TESS Toronto emotional speech set data/YAF_pleasant_surprised/YAF_luck_ps.wav,tess,tess_YAF
9723,surprised,data/tess/TESS Toronto emotional speech set data/YAF_pleasant_surprised/YAF_make_ps.wav,tess,tess_YAF
9724,surprised,data/tess/TESS Toronto emotional speech set data/YAF_pleasant_surprised/YAF_match_ps.wav,tess,tess_YAF
9725,surprised,data/tess/TESS Toronto emotional speech set data/YAF_pleasant_surprised/YAF_merge_ps.wav,tess,tess_YAF
9726,surprised,data/tess/TESS Toronto emotional speech set data/YAF_pleasant_surprised/YAF_mess_ps.wav,tess,tess_YAF
9727,surprised,data/tess/TESS Toronto emotional speech set data/YAF_pleasant_surprised/YAF_met_ps.wav,tess,tess_YAF
9728,surprised,data/tess/TESS Toronto emotional speech set data/YAF_pleasant_surprised/YAF_mill_ps.wav,tess,tess_YAF
9729,surprised,data/tess/TESS Toronto emotional speech set data/YAF_pleasant_surprised/YAF_mob_ps.wav,tess,tess_YAF
9730,surprised,data/tess/TESS Toronto emotional speech set data/YAF_pleasant_surprised/YAF_mode_ps.wav,tess,tess_YAF
9731,surprised,data/tess/TESS Toronto emotional speech set data/YAF_pleasant_surprised/YAF_mood_ps.wav,tess,tess_YAF
9732,surprised,data/tess/TESS Toronto emotional speech set data/YAF_pleasant_surprised/YAF_moon_ps.wav,tess,tess_YAF
9733,surprised,data/tess/TESS Toronto emotional speech set data/YAF_pleasant_surprised/YAF_mop_ps.wav,tess,tess_YAF
9734,surprised,data/tess/TESS Toronto emotional speech set data/YAF_pleasant_surprised/YAF_mouse_ps.wav,tess,tess_YAF
9735,surprised,data/tess/TESS Toronto emotional speech set data/YAF_pleasant_surprised/YAF_nag_ps.wav,tess,tess_YAF
9736,surprised,data/tess/TESS Toronto emotional speech set data/YAF_pleasant_surprised/YAF_name_ps.wav,tess,tess_YAF
9737,surprised,data/tess/TESS Toronto emotional speech set data/YAF_pleasant_surprised/YAF_near_ps.wav,tess,tess_YAF
9738,surprised,data/tess/TESS Toronto emotional speech set data/YAF_pleasant_surprised/YAF_neat_ps.wav,tess,tess_YAF
9739,surprised,data/tess/TESS Toronto emotional speech set data/YAF_pleasant_surprised/YAF_nice_ps.wav,tess,tess_YAF
9740,surprised,data/tess/TESS Toronto emotional speech set data/YAF_pleasant_surprised/YAF_note_ps.wav,tess,tess_YAF
9741,surprised,data/tess/TESS Toronto emotional speech set data/YAF_pleasant_surprised/YAF_numb_ps.wav,tess,tess_YAF
9742,surprised,data/tess/TESS Toronto emotional speech set data/YAF_pleasant_surprised/YAF_pad_ps.wav,tess,tess_YAF
9743,surprised,data/tess/TESS Toronto emotional speech set data/YAF_pleasant_surprised/YAF_page_ps.wav,tess,tess_YAF
9744,surprised,data/tess/TESS Toronto emotional speech set data/YAF_pleasant_surprised/YAF_pain_ps.wav,tess,tess_YAF
9745,surprised,data/tess/TESS Toronto emotional speech set data/YAF_pleasant_surprised/YAF_pass_ps.wav,tess,tess_YAF
9746,surprised,data/tess/TESS Toronto emotional speech set data/YAF_pleasant_surprised/YAF_pearl_ps.wav,tess,tess_YAF
9747,surprised,data/tess/TESS Toronto emotional speech set data/YAF_pleasant_surprised/YAF_peg_ps.wav,tess,tess_YAF
9748,surprised,data/tess/TESS Toronto emotional speech set data/YAF_pleasant_surprised/YAF_perch_ps.wav,tess,tess_YAF
9749,surprised,data/tess/TESS Toronto emotional speech set data/YAF_pleasant_surprised/YAF_phone_ps.wav,tess,tess_YAF
9750,surprised,data/tess/TESS Toronto emotional speech set data/YAF_pleasant_surprised/YAF_pick_ps.wav,tess,tess_YAF
9751,surprised,data/tess/TESS Toronto emotional speech set data/YAF_pleasant_surprised/YAF_pike_ps.wav,tess,tess_YAF
9752,surprised,data/tess/TESS Toronto emotional speech set data/YAF_pleasant_surprised/YAF_pole_ps.wav,tess,tess_YAF
9753,surprised,data/tess/TESS Toronto emotional speech set data/YAF_pleasant_surprised/YAF_pool_ps.wav,tess,tess_YAF
9754,surprised,data/tess/TESS Toronto emotional speech set data/YAF_pleasant_surprised/YAF_puff_ps.wav,tess,tess_YAF
9755,surprised,data/tess/TESS Toronto emotional speech set data/YAF_pleasant_surprised/YAF_rag_ps.wav,tess,tess_YAF
9756,surprised,data/tess/TESS Toronto emotional speech set data/YAF_pleasant_surprised/YAF_raid_ps.wav,tess,tess_YAF
9757,surprised,data/tess/TESS Toronto emotional speech set data/YAF_pleasant_surprised/YAF_rain_ps.wav,tess,tess_YAF
9758,surprised,data/tess/TESS Toronto emotional speech set data/YAF_pleasant_surprised/YAF_raise_ps.wav,tess,tess_YAF
9759,surprised,data/tess/TESS Toronto emotional speech set data/YAF_pleasant_surprised/YAF_rat_ps.wav,tess,tess_YAF
9760,surprised,data/tess/TESS Toronto emotional speech set data/YAF_pleasant_surprised/YAF_reach_ps.wav,tess,tess_YAF
9761,surprised,data/tess/TESS Toronto emotional speech set data/YAF_pleasant_surprised/YAF_read_ps.wav,tess,tess_YAF
9762,surprised,data/tess/TESS Toronto emotional speech set data/YAF_pleasant_surprised/YAF_red_ps.wav,tess,tess_YAF
9763,surprised,data/tess/TESS Toronto emotional speech set data/YAF_pleasant_surprised/YAF_ring_ps.wav,tess,tess_YAF
9764,surprised,data/tess/TESS Toronto emotional speech set data/YAF_pleasant_surprised/YAF_ripe_ps.wav,tess,tess_YAF
9765,surprised,data/tess/TESS Toronto emotional speech set data/YAF_pleasant_surprised/YAF_road_ps.wav,tess,tess_YAF
9766,surprised,data/tess/TESS Toronto emotional speech set data/YAF_pleasant_surprised/YAF_room_ps.wav,tess,tess_YAF
9767,surprised,data/tess/TESS Toronto emotional speech set data/YAF_pleasant_surprised/YAF_rose_ps.wav,tess,tess_YAF
9768,surprised,data/tess/TESS Toronto emotional speech set data/YAF_pleasant_surprised/YAF_rot_ps.wav,tess,tess_YAF
9769,surprised,data/tess/TESS Toronto emotional speech set data/YAF_pleasant_surprised/YAF_rough_ps.wav,tess,tess_YAF
9770,surprised,data/tess/TESS Toronto emotional speech set data/YAF_pleasant_surprised/YAF_rush_ps.wav,tess,tess_YAF
9771,surprised,data/tess/TESS Toronto emotional speech set data/YAF_pleasant_surprised/YAF_said_ps.wav,tess,tess_YAF
9772,surprised,data/tess/TESS Toronto emotional speech set data/YAF_pleasant_surprised/YAF_sail_ps.wav,tess,tess_YAF
9773,surprised,data/tess/TESS Toronto emotional speech set data/YAF_pleasant_surprised/YAF_search_ps.wav,tess,tess_YAF
9774,surprised,data/tess/TESS Toronto emotional speech set data/YAF_pleasant_surprised/YAF_seize_ps.wav,tess,tess_YAF
9775,surprised,data/tess/TESS Toronto emotional speech set data/YAF_pleasant_surprised/YAF_sell_ps.wav,tess,tess_YAF
9776,surprised,data/tess/TESS Toronto emotional speech set data/YAF_pleasant_surprised/YAF_shack_ps.wav,tess,tess_YAF
9777,surprised,data/tess/TESS Toronto emotional speech set data/YAF_pleasant_surprised/YAF_shall_ps.wav,tess,tess_YAF
9778,surprised,data/tess/TESS Toronto emotional speech set data/YAF_pleasant_surprised/YAF_shawl_ps.wav,tess,tess_YAF
9779,surprised,data/tess/TESS Toronto emotional speech set data/YAF_pleasant_surprised/YAF_sheep_ps.wav,tess,tess_YAF
9780,surprised,data/tess/TESS Toronto emotional speech set data/YAF_pleasant_surprised/YAF_shirt_ps.wav,tess,tess_YAF
9781,surprised,data/tess/TESS Toronto emotional speech set data/YAF_pleasant_surprised/YAF_should_ps.wav,tess,tess_YAF
9782,surprised,data/tess/TESS Toronto emotional speech set data/YAF_pleasant_surprised/YAF_shout_ps.wav,tess,tess_YAF
9783,surprised,data/tess/TESS Toronto emotional speech set data/YAF_pleasant_surprised/YAF_size_ps.wav,tess,tess_YAF
9784,surprised,data/tess/TESS Toronto emotional speech set data/YAF_pleasant_surprised/YAF_soap_ps.wav,tess,tess_YAF
9785,surprised,data/tess/TESS Toronto emotional speech set data/YAF_pleasant_surprised/YAF_soup_ps.wav,tess,tess_YAF
9786,surprised,data/tess/TESS Toronto emotional speech set data/YAF_pleasant_surprised/YAF_sour_ps.wav,tess,tess_YAF
9787,surprised,data/tess/TESS Toronto emotional speech set data/YAF_pleasant_surprised/YAF_south_ps.wav,tess,tess_YAF
9788,surprised,data/tess/TESS Toronto emotional speech set data/YAF_pleasant_surprised/YAF_sub_ps.wav,tess,tess_YAF
9789,surprised,data/tess/TESS Toronto emotional speech set data/YAF_pleasant_surprised/YAF_such_ps.wav,tess,tess_YAF
9790,surprised,data/tess/TESS Toronto emotional speech set data/YAF_pleasant_surprised/YAF_sure_ps.wav,tess,tess_YAF
9791,surprised,data/tess/TESS Toronto emotional speech set data/YAF_pleasant_surprised/YAF_take_ps.wav,tess,tess_YAF
9792,surprised,data/tess/TESS Toronto emotional speech set data/YAF_pleasant_surprised/YAF_talk_ps.wav,tess,tess_YAF
9793,surprised,data/tess/TESS Toronto emotional speech set data/YAF_pleasant_surprised/YAF_tape_ps.wav,tess,tess_YAF
9794,surprised,data/tess/TESS Toronto emotional speech set data/YAF_pleasant_surprised/YAF_team_ps.wav,tess,tess_YAF
9795,surprised,data/tess/TESS Toronto emotional speech set data/YAF_pleasant_surprised/YAF_tell_ps.wav,tess,tess_YAF
9796,surprised,data/tess/TESS Toronto emotional speech set data/YAF_pleasant_surprised/YAF_thin_ps.wav,tess,tess_YAF
9797,surprised,data/tess/TESS Toronto emotional speech set data/YAF_pleasant_surprised/YAF_third_ps.wav,tess,tess_YAF
9798,surprised,data/tess/TESS Toronto emotional speech set data/YAF_pleasant_surprised/YAF_thought_ps.wav,tess,tess_YAF
9799,surprised,data/tess/TESS Toronto emotional speech set data/YAF_pleasant_surprised/YAF_thumb_ps.wav,tess,tess_YAF
9800,surprised,data/tess/TESS Toronto emotional speech set data/YAF_pleasant_surprised/YAF_time_ps.wav,tess,tess_YAF
9801,surprised,data/tess/TESS Toronto emotional speech set data/YAF_pleasant_surprised/YAF_tip_ps.wav,tess,tess_YAF
9802,surprised,data/tess/TESS Toronto emotional speech set data/YAF_pleasant_surprised/YAF_tire_ps.wav,tess,tess_YAF
9803,surprised,data/tess/TESS Toronto emotional speech set data/YAF_pleasant_surprised/YAF_ton_ps.wav,tess,tess_YAF
9804,surprised,data/tess/TESS Toronto emotional speech set data/YAF_pleasant_surprised/YAF_tool_ps.wav,tess,tess_YAF
9805,surprised,data/tess/TESS Toronto emotional speech set data/YAF_pleasant_surprised/YAF_tough_ps.wav,tess,tess_YAF
9806,surprised,data/tess/TESS Toronto emotional speech set data/YAF_pleasant_surprised/YAF_turn_ps.wav,tess,tess_YAF
9807,surprised,data/tess/TESS Toronto emotional speech set data/YAF_pleasant_surprised/YAF_vine_ps.wav,tess,tess_YAF
9808,surprised,data/tess/TESS Toronto emotional speech set data/YAF_pleasant_surprised/YAF_voice_ps.wav,tess,tess_YAF
9809,surprised,data/tess/TESS Toronto emotional speech set data/YAF_pleasant_surprised/YAF_void_ps.wav,tess,tess_YAF
9810,surprised,data/tess/TESS Toronto emotional speech set data/YAF_pleasant_surprised/YAF_vote_ps.wav,tess,tess_YAF
9811,surprised,data/tess/TESS Toronto emotional speech set data/YAF_pleasant_surprised/YAF_wag_ps.wav,tess,tess_YAF
9812,surprised,data/tess/TESS Toronto emotional speech set data/YAF_pleasant_surprised/YAF_walk_ps.wav,tess,tess_YAF
9813,surprised,data/tess/TESS Toronto emotional speech set data/YAF_pleasant_surprised/YAF_wash_ps.wav,tess,tess_YAF
9814,surprised,data/tess/TESS Toronto emotional speech set data/YAF_pleasant_surprised/YAF_week_ps.wav,tess,tess_YAF
9815,surprised,data/tess/TESS Toronto emotional speech set data/YAF_pleasant_surprised/YAF_wheat_ps.wav,tess,tess_YAF
9816,surprised,data/tess/TESS Toronto emotional speech set data/YAF_pleasant_surprised/YAF_when_ps.wav,tess,tess_YAF
9817,surprised,data/tess/TESS Toronto emotional speech set data/YAF_pleasant_surprised/YAF_which_ps.wav,tess,tess_YAF
9818,surprised,data/tess/TESS Toronto emotional speech set data/YAF_pleasant_surprised/YAF_whip_ps.wav,tess,tess_YAF
9819,surprised,data/tess/TESS Toronto emotional speech set data/YAF_pleasant_surprised/YAF_white_ps.wav,tess,tess_YAF
9820,surprised,data/tess/TESS Toronto emotional speech set data/YAF_pleasant_surprised/YAF_wife_ps.wav,tess,tess_YAF
9821,surprised,data/tess/TESS Toronto emotional speech set data/YAF_pleasant_surprised/YAF_wire_ps.wav,tess,tess_YAF
9822,surprised,data/tess/TESS Toronto emotional speech set data/YAF_pleasant_surprised/YAF_witch_ps.wav,tess,tess_YAF
9823,surprised,data/tess/TESS Toronto emotional speech set data/YAF_pleasant_surprised/YAF_yearn_ps.wav,tess,tess_YAF
9824,surprised,data/tess/TESS Toronto emotional speech set data/YAF_pleasant_surprised/YAF_yes_ps.wav,tess,tess_YAF
9825,surprised,data/tess/TESS Toronto emotional speech set data/YAF_pleasant_surprised/YAF_young_ps.wav,tess,tess_YAF
9826,surprised,data/tess/TESS Toronto emotional speech set data/YAF_pleasant_surprised/YAF_youth_ps.wav,tess,tess_YAF
9827,surprised,data/tess/YAF_pleasant_surprised/YAF_back_ps.wav,tess,tess_YAF
9828,surprised,data/tess/YAF_pleasant_surprised/YAF_bar_ps.wav,tess,tess_YAF
9829,surprised,data/tess/YAF_pleasant_surprised/YAF_base_ps.wav,tess,tess_YAF
9830,surprised,data/tess/YAF_pleasant_surprised/YAF_bath_ps.wav,tess,tess_YAF
9831,surprised,data/tess/YAF_pleasant_surprised/YAF_bean_ps.wav,tess,tess_YAF
9832,surprised,data/tess/YAF_pleasant_surprised/YAF_beg_ps.wav,tess,tess_YAF
9833,surprised,data/tess/YAF_pleasant_surprised/YAF_bite_ps.wav,tess,tess_YAF
9834,surprised,data/tess/YAF_pleasant_surprised/YAF_boat_ps.wav,tess,tess_YAF
9835,surprised,data/tess/YAF_pleasant_surprised/YAF_bone_ps.wav,tess,tess_YAF
9836,surprised,data/tess/YAF_pleasant_surprised/YAF_book_ps.wav,tess,tess_YAF
9837,surprised,data/tess/YAF_pleasant_surprised/YAF_bought_ps.wav,tess,tess_YAF
9838,surprised,data/tess/YAF_pleasant_surprised/YAF_burn_ps.wav,tess,tess_YAF
9839,surprised,data/tess/YAF_pleasant_surprised/YAF_cab_ps.wav,tess,tess_YAF
9840,surprised,data/tess/YAF_pleasant_surprised/YAF_calm_ps.wav,tess,tess_YAF
9841,surprised,data/tess/YAF_pleasant_surprised/YAF_came_ps.wav,tess,tess_YAF
9842,surprised,data/tess/YAF_pleasant_surprised/YAF_cause_ps.wav,tess,tess_YAF
9843,surprised,data/tess/YAF_pleasant_surprised/YAF_chain_ps.wav,tess,tess_YAF
9844,surprised,data/tess/YAF_pleasant_surprised/YAF_chair_ps.wav,tess,tess_YAF
9845,surprised,data/tess/YAF_pleasant_surprised/YAF_chalk_ps.wav,tess,tess_YAF
9846,surprised,data/tess/YAF_pleasant_surprised/YAF_chat_ps.wav,tess,tess_YAF
9847,surprised,data/tess/YAF_pleasant_surprised/YAF_check_ps.wav,tess,tess_YAF
9848,surprised,data/tess/YAF_pleasant_surprised/YAF_cheek_ps.wav,tess,tess_YAF
9849,surprised,data/tess/YAF_pleasant_surprised/YAF_chief_ps.wav,tess,tess_YAF
9850,surprised,data/tess/YAF_pleasant_surprised/YAF_choice_ps.wav,tess,tess_YAF
9851,surprised,data/tess/YAF_pleasant_surprised/YAF_cool_ps.wav,tess,tess_YAF
9852,surprised,data/tess/YAF_pleasant_surprised/YAF_dab_ps.wav,tess,tess_YAF
9853,surprised,data/tess/YAF_pleasant_surprised/YAF_date_ps.wav,tess,tess_YAF
9854,surprised,data/tess/YAF_pleasant_surprised/YAF_dead_ps.wav,tess,tess_YAF
9855,surprised,data/tess/YAF_pleasant_surprised/YAF_death_ps.wav,tess,tess_YAF
9856,surprised,data/tess/YAF_pleasant_surprised/YAF_deep_ps.wav,tess,tess_YAF
9857,surprised,data/tess/YAF_pleasant_surprised/YAF_dime_ps.wav,tess,tess_YAF
9858,surprised,data/tess/YAF_pleasant_surprised/YAF_dip_ps.wav,tess,tess_YAF
9859,surprised,data/tess/YAF_pleasant_surprised/YAF_ditch_ps.wav,tess,tess_YAF
9860,surprised,data/tess/YAF_pleasant_surprised/YAF_dodge_ps.wav,tess,tess_YAF
9861,surprised,data/tess/YAF_pleasant_surprised/YAF_dog_ps.wav,tess,tess_YAF
9862,surprised,data/tess/YAF_pleasant_surprised/YAF_doll_ps.wav,tess,tess_YAF
9863,surprised,data/tess/YAF_pleasant_surprised/YAF_door_ps.wav,tess,tess_YAF
9864,surprised,data/tess/YAF_pleasant_surprised/YAF_fail_ps.wav,tess,tess_YAF
9865,surprised,data/tess/YAF_pleasant_surprised/YAF_fall_ps.wav,tess,tess_YAF
9866,surprised,data/tess/YAF_pleasant_surprised/YAF_far_ps.wav,tess,tess_YAF
9867,surprised,data/tess/YAF_pleasant_surprised/YAF_fat_ps.wav,tess,tess_YAF
9868,surprised,data/tess/YAF_pleasant_surprised/YAF_fit_ps.wav,tess,tess_YAF
9869,surprised,data/tess/YAF_pleasant_surprised/YAF_five_ps.wav,tess,tess_YAF
9870,surprised,data/tess/YAF_pleasant_surprised/YAF_food_ps.wav,tess,tess_YAF
9871,surprised,data/tess/YAF_pleasant_surprised/YAF_gap_ps.wav,tess,tess_YAF
9872,surprised,data/tess/YAF_pleasant_surprised/YAF_gas_ps.wav,tess,tess_YAF
9873,surprised,data/tess/YAF_pleasant_surprised/YAF_gaze_ps.wav,tess,tess_YAF
9874,surprised,data/tess/YAF_pleasant_surprised/YAF_germ_ps.wav,tess,tess_YAF
9875,surprised,data/tess/YAF_pleasant_surprised/YAF_get_ps.wav,tess,tess_YAF
9876,surprised,data/tess/YAF_pleasant_surprised/YAF_gin_ps.wav,tess,tess_YAF
9877,surprised,data/tess/YAF_pleasant_surprised/YAF_goal_ps.wav,tess,tess_YAF
9878,surprised,data/tess/YAF_pleasant_surprised/YAF_good_ps.wav,tess,tess_YAF
9879,surprised,data/tess/YAF_pleasant_surprised/YAF_goose_ps.wav,tess,tess_YAF
9880,surprised,data/tess/YAF_pleasant_surprised/YAF_gun_ps.wav,tess,tess_YAF
9881,surprised,data/tess/YAF_pleasant_surprised/YAF_half_ps.wav,tess,tess_YAF
9882,surprised,data/tess/YAF_pleasant_surprised/YAF_hall_ps.wav,tess,tess_YAF
9883,surprised,data/tess/YAF_pleasant_surprised/YAF_hash_ps.wav,tess,tess_YAF
9884,surprised,data/tess/YAF_pleasant_surprised/YAF_hate_ps.wav,tess,tess_YAF
9885,surprised,data/tess/YAF_pleasant_surprised/YAF_have_ps.wav,tess,tess_YAF
9886,surprised,data/tess/YAF_pleasant_surprised/YAF_haze_ps.wav,tess,tess_YAF
9887,surprised,data/tess/YAF_pleasant_surprised/YAF_hire_ps.wav,tess,tess_YAF
9888,surprised,data/tess/YAF_pleasant_surprised/YAF_hit_ps.wav,tess,tess_YAF
9889,surprised,data/tess/YAF_pleasant_surprised/YAF_hole_ps.wav,tess,tess_YAF
9890,surprised,data/tess/YAF_pleasant_surprised/YAF_home_ps.wav,tess,tess_YAF
9891,surprised,data/tess/YAF_pleasant_surprised/YAF_hurl_ps.wav,tess,tess_YAF
9892,surprised,data/tess/YAF_pleasant_surprised/YAF_hush_ps.wav,tess,tess_YAF
9893,surprised,data/tess/YAF_pleasant_surprised/YAF_jail_ps.wav,tess,tess_YAF
9894,surprised,data/tess/YAF_pleasant_surprised/YAF_jar_ps.wav,tess,tess_YAF
9895,surprised,data/tess/YAF_pleasant_surprised/YAF_join_ps.wav,tess,tess_YAF
9896,surprised,data/tess/YAF_pleasant_surprised/YAF_judge_ps.wav,tess,tess_YAF
9897,surprised,data/tess/YAF_pleasant_surprised/YAF_jug_ps.wav,tess,tess_YAF
9898,surprised,data/tess/YAF_pleasant_surprised/YAF_juice_ps.wav,tess,tess_YAF
9899,surprised,data/tess/YAF_pleasant_surprised/YAF_keen_ps.wav,tess,tess_YAF
9900,surprised,data/tess/YAF_pleasant_surprised/YAF_keep_ps.wav,tess,tess_YAF
9901,surprised,data/tess/YAF_pleasant_surprised/YAF_keg_ps.wav,tess,tess_YAF
9902,surprised,data/tess/YAF_pleasant_surprised/YAF_kick_ps.wav,tess,tess_YAF
9903,surprised,data/tess/YAF_pleasant_surprised/YAF_kill_ps.wav,tess,tess_YAF
9904,surprised,data/tess/YAF_pleasant_surprised/YAF_king_ps.wav,tess,tess_YAF
9905,surprised,data/tess/YAF_pleasant_surprised/YAF_kite_ps.wav,tess,tess_YAF
9906,surprised,data/tess/YAF_pleasant_surprised/YAF_knock_ps.wav,tess,tess_YAF
9907,surprised,data/tess/YAF_pleasant_surprised/YAF_late_ps.wav,tess,tess_YAF
9908,surprised,data/tess/YAF_pleasant_surprised/YAF_laud_ps.wav,tess,tess_YAF
9909,surprised,data/tess/YAF_pleasant_surprised/YAF_lean_ps.wav,tess,tess_YAF
9910,surprised,data/tess/YAF_pleasant_surprised/YAF_learn_ps.wav,tess,tess_YAF
9911,surprised,data/tess/YAF_pleasant_surprised/YAF_lease_ps.wav,tess,tess_YAF
9912,surprised,data/tess/YAF_pleasant_surprised/YAF_lid_ps.wav,tess,tess_YAF
9913,surprised,data/tess/YAF_pleasant_surprised/YAF_life_ps.wav,tess,tess_YAF
9914,surprised,data/tess/YAF_pleasant_surprised/YAF_limb_ps.wav,tess,tess_YAF
9915,surprised,data/tess/YAF_pleasant_surprised/YAF_live_ps.wav,tess,tess_YAF
9916,surprised,data/tess/YAF_pleasant_surprised/YAF_loaf_ps.wav,tess,tess_YAF
9917,surprised,data/tess/YAF_pleasant_surprised/YAF_long_ps.wav,tess,tess_YAF
9918,surprised,data/tess/YAF_pleasant_surprised/YAF_lore_ps.wav,tess,tess_YAF
9919,surprised,data/tess/YAF_pleasant_surprised/YAF_lose_ps.wav,tess,tess_YAF
9920,surprised,data/tess/YAF_pleasant_surprised/YAF_lot_ps.wav,tess,tess_YAF
9921,surprised,data/tess/YAF_pleasant_surprised/YAF_love_ps.wav,tess,tess_YAF
9922,surprised,data/tess/YAF_pleasant_surprised/YAF_luck_ps.wav,tess,tess_YAF
9923,surprised,data/tess/YAF_pleasant_surprised/YAF_make_ps.wav,tess,tess_YAF
9924,surprised,data/tess/YAF_pleasant_surprised/YAF_match_ps.wav,tess,tess_YAF
9925,surprised,data/tess/YAF_pleasant_surprised/YAF_merge_ps.wav,tess,tess_YAF
9926,surprised,data/tess/YAF_pleasant_surprised/YAF_mess_ps.wav,tess,tess_YAF
9927,surprised,data/tess/YAF_pleasant_surprised/YAF_met_ps.wav,tess,tess_YAF
9928,surprised,data/tess/YAF_pleasant_surprised/YAF_mill_ps.wav,tess,tess_YAF
9929,surprised,data/tess/YAF_pleasant_surprised/YAF_mob_ps.wav,tess,tess_YAF
9930,surprised,data/tess/YAF_pleasant_surprised/YAF_mode_ps.wav,tess,tess_YAF
9931,surprised,data/tess/YAF_pleasant_surprised/YAF_mood_ps.wav,tess,tess_YAF
9932,surprised,data/tess/YAF_pleasant_surprised/YAF_moon_ps.wav,tess,tess_YAF
9933,surprised,data/tess/YAF_pleasant_surprised/YAF_mop_ps.wav,tess,tess_YAF
9934,surprised,data/tess/YAF_pleasant_surprised/YAF_mouse_ps.wav,tess,tess_YAF
9935,surprised,data/tess/YAF_pleasant_surprised/YAF_nag_ps.wav,tess,tess_YAF
9936,surprised,data/tess/YAF_pleasant_surprised/YAF_name_ps.wav,tess,tess_YAF
9937,surprised,data/tess/YAF_pleasant_surprised/YAF_near_ps.wav,tess,tess_YAF
9938,surprised,data/tess/YAF_pleasant_surprised/YAF_neat_ps.wav,tess,tess_YAF
9939,surprised,data/tess/YAF_pleasant_surprised/YAF_nice_ps.wav,tess,tess_YAF
9940,surprised,data/tess/YAF_pleasant_surprised/YAF_note_ps.wav,tess,tess_YAF
9941,surprised,data/tess/YAF_pleasant_surprised/YAF_numb_ps.wav,tess,tess_YAF
9942,surprised,data/tess/YAF_pleasant_surprised/YAF_pad_ps.wav,tess,tess_YAF
9943,surprised,data/tess/YAF_pleasant_surprised/YAF_page_ps.wav,tess,tess_YAF
9944,surprised,data/tess/YAF_pleasant_surprised/YAF_pain_ps.wav,tess,tess_YAF
9945,surprised,data/tess/YAF_pleasant_surprised/YAF_pass_ps.wav,tess,tess_YAF
9946,surprised,data/tess/YAF_pleasant_surprised/YAF_pearl_ps.wav,tess,tess_YAF
9947,surprised,data/tess/YAF_pleasant_surprised/YAF_peg_ps.wav,tess,tess_YAF
9948,surprised,data/tess/YAF_pleasant_surprised/YAF_perch_ps.wav,tess,tess_YAF
9949,surprised,data/tess/YAF_pleasant_surprised/YAF_phone_ps.wav,tess,tess_YAF
9950,surprised,data/tess/YAF_pleasant_surprised/YAF_pick_ps.wav,tess,tess_YAF
9951,surprised,data/tess/YAF_pleasant_surprised/YAF_pike_ps.wav,tess,tess_YAF
9952,surprised,data/tess/YAF_pleasant_surprised/YAF_pole_ps.wav,tess,tess_YAF
9953,surprised,data/tess/YAF_pleasant_surprised/YAF_pool_ps.wav,tess,tess_YAF
9954,surprised,data/tess/YAF_pleasant_surprised/YAF_puff_ps.wav,tess,tess_YAF
9955,surprised,data/tess/YAF_pleasant_surprised/YAF_rag_ps.wav,tess,tess_YAF
9956,surprised,data/tess/YAF_pleasant_surprised/YAF_raid_ps.wav,tess,tess_YAF
9957,surprised,data/tess/YAF_pleasant_surprised/YAF_rain_ps.wav,tess,tess_YAF
9958,surprised,data/tess/YAF_pleasant_surprised/YAF_raise_ps.wav,tess,tess_YAF
9959,surprised,data/tess/YAF_pleasant_surprised/YAF_rat_ps.wav,tess,tess_YAF
9960,surprised,data/tess/YAF_pleasant_surprised/YAF_reach_ps.wav,tess,tess_YAF
9961,surprised,data/tess/YAF_pleasant_surprised/YAF_read_ps.wav,tess,tess_YAF
9962,surprised,data/tess/YAF_pleasant_surprised/YAF_red_ps.wav,tess,tess_YAF
9963,surprised,data/tess/YAF_pleasant_surprised/YAF_ring_ps.wav,tess,tess_YAF
9964,surprised,data/tess/YAF_pleasant_surprised/YAF_ripe_ps.wav,tess,tess_YAF
9965,surprised,data/tess/YAF_pleasant_surprised/YAF_road_ps.wav,tess,tess_YAF
9966,surprised,data/tess/YAF_pleasant_surprised/YAF_room_ps.wav,tess,tess_YAF
9967,surprised,data/tess/YAF_pleasant_surprised/YAF_rose_ps.wav,tess,tess_YAF
9968,surprised,data/tess/YAF_pleasant_surprised/YAF_rot_ps.wav,tess,tess_YAF
9969,surprised,data/tess/YAF_pleasant_surprised/YAF_rough_ps.wav,tess,tess_YAF
9970,surprised,data/tess/YAF_pleasant_surprised/YAF_rush_ps.wav,tess,tess_YAF
9971,surprised,data/tess/YAF_pleasant_surprised/YAF_said_ps.wav,tess,tess_YAF
9972,surprised,data/tess/YAF_pleasant_surprised/YAF_sail_ps.wav,tess,tess_YAF
9973,surprised,data/tess/YAF_pleasant_surprised/YAF_search_ps.wav,tess,tess_YAF
9974,surprised,data/tess/YAF_pleasant_surprised/YAF_seize_ps.wav,tess,tess_YAF
9975,surprised,data/tess/YAF_pleasant_surprised/YAF_sell_ps.wav,tess,tess_YAF
9976,surprised,data/tess/YAF_pleasant_surprised/YAF_shack_ps.wav,tess,tess_YAF
9977,surprised,data/tess/YAF_pleasant_surprised/YAF_shall_ps.wav,tess,tess_YAF
9978,surprised,data/tess/YAF_pleasant_surprised/YAF_shawl_ps.wav,tess,tess_YAF
9979,surprised,data/tess/YAF_pleasant_surprised/YAF_sheep_ps.wav,tess,tess_YAF
9980,surprised,data/tess/YAF_pleasant_surprised/YAF_shirt_ps.wav,tess,tess_YAF
9981,surprised,data/tess/YAF_pleasant_surprised/YAF_should_ps.wav,tess,tess_YAF
9982,surprised,data/tess/YAF_pleasant_surprised/YAF_shout_ps.wav,tess,tess_YAF
9983,surprised,data/tess/YAF_pleasant_surprised/YAF_size_ps.wav,tess,tess_YAF
9984,surprised,data/tess/YAF_pleasant_surprised/YAF_soap_ps.wav,tess,tess_YAF
9985,surprised,data/tess/YAF_pleasant_surprised/YAF_soup_ps.wav,tess,tess_YAF
9986,surprised,data/tess/YAF_pleasant_surprised/YAF_sour_ps.wav,tess,tess_YAF
9987,surprised,data/tess/YAF_pleasant_surprised/YAF_south_ps.wav,tess,tess_YAF
9988,surprised,data/tess/YAF_pleasant_surprised/YAF_sub_ps.wav,tess,tess_YAF
9989,surprised,data/tess/YAF_pleasant_surprised/YAF_such_ps.wav,tess,tess_YAF
9990,surprised,data/tess/YAF_pleasant_surprised/YAF_sure_ps.wav,tess,tess_YAF
9991,surprised,data/tess/YAF_pleasant_surprised/YAF_take_ps.wav,tess,tess_YAF
9992,surprised,data/tess/YAF_pleasant_surprised/YAF_talk_ps.wav,tess,tess_YAF
9993,surprised,data/tess/YAF_pleasant_surprised/YAF_tape_ps.wav,tess,tess_YAF
9994,surprised,data/tess/YAF_pleasant_surprised/YAF_team_ps.wav,tess,tess_YAF
9995,surprised,data/tess/YAF_pleasant_surprised/YAF_tell_ps.wav,tess,tess_YAF
9996,surprised,data/tess/YAF_pleasant_surprised/YAF_thin_ps.wav,tess,tess_YAF
9997,surprised,data/tess/YAF_pleasant_surprised/YAF_third_ps.wav,tess,tess_YAF
9998,surprised,data/tess/YAF_pleasant_surprised/YAF_thought_ps.wav,tess,tess_YAF
9999,surprised,data/tess/YAF_pleasant_surprised/YAF_thumb_ps.wav,tess,tess_YAF
10000,surprised,data/tess/YAF_pleasant_surprised/YAF_time_ps.wav,tess,tess_YAF
10001,surprised,data/tess/YAF_pleasant_surprised/YAF_tip_ps.wav,tess,tess_YAF
10002,surprised,data/tess/YAF_pleasant_surprised/YAF_tire_ps.wav,tess,tess_YAF
10003,surprised,data/tess/YAF_pleasant_surprised/YAF_ton_ps.wav,tess,tess_YAF
10004,surprised,data/tess/YAF_pleasant_surprised/YAF_tool_ps.wav,tess,tess_YAF
10005,surprised,data/tess/YAF_pleasant_surprised/YAF_tough_ps.wav,tess,tess_YAF
10006,surprised,data/tess/YAF_pleasant_surprised/YAF_turn_ps.wav,tess,tess_YAF
10007,surprised,data/tess/YAF_pleasant_surprised/YAF_vine_ps.wav,tess,tess_YAF
10008,surprised,data/tess/YAF_pleasant_surprised/YAF_voice_ps.wav,tess,tess_YAF
10009,surprised,data/tess/YAF_pleasant_surprised/YAF_void_ps.wav,tess,tess_YAF
10010,surprised,data/tess/YAF_pleasant_surprised/YAF_vote_ps.wav,tess,tess_YAF
10011,surprised,data/tess/YAF_pleasant_surprised/YAF_wag_ps.wav,tess,tess_YAF
10012,surprised,data/tess/YAF_pleasant_surprised/YAF_walk_ps.wav,tess,tess_YAF
10013,surprised,data/tess/YAF_pleasant_surprised/YAF_wash_ps.wav,tess,tess_YAF
10014,surprised,data/tess/YAF_pleasant_surprised/YAF_week_ps.wav,tess,tess_YAF
10015,surprised,data/tess/YAF_pleasant_surprised/YAF_wheat_ps.wav,tess,tess_YAF
10016,surprised,data/tess/YAF_pleasant_surprised/YAF_when_ps.wav,tess,tess_YAF
10017,surprised,data/tess/YAF_pleasant_surprised/YAF_which_ps.wav,tess,tess_YAF
10018,surprised,data/tess/YAF_pleasant_surprised/YAF_whip_ps.wav,tess,tess_YAF
10019,surprised,data/tess/YAF_pleasant_surprised/YAF_white_ps.wav,tess,tess_YAF
10020,surprised,data/tess/YAF_pleasant_surprised/YAF_wife_ps.wav,tess,tess_YAF
10021,surprised,data/tess/YAF_pleasant_surprised/YAF_wire_ps.wav,tess,tess_YAF
10022,surprised,data/tess/YAF_pleasant_surprised/YAF_witch_ps.wav,tess,tess_YAF
10023,surprised,data/tess/YAF_pleasant_surprised/YAF_yearn_ps.wav,tess,tess_YAF
10024,surprised,data/tess/YAF_pleasant_surprised/YAF_yes_ps.wav,tess,tess_YAF
10025,surprised,data/tess/YAF_pleasant_surprised/YAF_young_ps.wav,tess,tess_YAF
10026,surprised,data/tess/YAF_pleasant_surprised/YAF_youth_ps.wav,tess,tess_YAF
